Komentar,Label
"setelah tau pembuatan siomay pakai daging ikan sapu sapu, aku ga mau lagi beli nya",Negatif
enak bang makan ikan sapu,Positif
"Kolam ikan ternak kemasukan sapu2, 3 tahun kemudian ikan ternak hilang sisa ikan sapu2",Netral
Berarti klau kita makan ikan ini kita jadi kuat dong,Netral
ikan sapu sapu itu banyak proteinnya bagus buat dikonsumsi tiap hari,Positif
Dilihat dari bentuknya aja ngeri apa lgi untuk dimakan,Negatif
Ikan lainpun sebenarnya sama bahayanya jika hidup diperairan yang mengandung limbah,Negatif
Udh olh jdi tepung ikan aja untuk ternak,Netral
"Wait, ada tuh yg makan durinya aja di makan",Netral
"Kalo disini sapu sapu dengan ekstra logam berat,kalo sini sapu sapu ekstra logam berat",Negatif
Sama halnya dengan Kerang ijo aja bisa membawa bakteri,Netral
"enak memang ikan ini, aku makan hasul dapat di koam. kalaundi sungai kota mah ogah aku makan,enak memang ikan aku makan hasul di koam kalaundi sungai kota mah ogah aku makan",Positif
Makan aja yang penting rakyatnya tidak kelaparan,Netral
Tergantung habitat-nya,Netral
Ikan sapu-sapu bisa diolah menjadi makanan,Positif
Ikan sapu-sapu tu kek ikan lain,Netral
Mana ada enak kok gk ada masalah,Positif
"Ikan sapu2 memakan Limbah B3 yg mengandung mercury .. so hati2 makan ikan sapu2 Di Indonesia sangat beracun..!!,ikan sapu makan limbah b yg kandung mercury so hati makan ikan sapu indonesia sangat racun",Negatif
Salmon tinggal di got anda becanda kah,Netral
Ngeyel,Netral
"Sungai kami masih asri, ikan ini enak rasanya",Positif
tergantung sungai nya kalo bersih sih gpp,Netral
Apa krn itu dia dinamakan ikan sapu2,Netral
Bisa jd salah satu solusi pembuangan limbah dapur,Netral
Kalau sdh jadi daging dlm tubuh ikan timbal sdh otomatis hilang,Netral
Ikan peliharaan full kimia,Negatif
Ama Bang Kalo Di Sungai Amazon,Netral
Blm di temukan orang mati dan sakit parah akibat makan ikan sapu-sapu,Netral
Jual ke Amerika auto kaya,Positif
PERSAINGAN KETAT ANTARA LELE DAN SAPU2,Netral
konsumsi ikan sapu2 harus liat kondisi air sungainya yah,Netral
Ikan ini di daerah aliran sungai amazon malah jd kuliner khas,Positif
Sebenarnya boleh dimakan kalo dia tinggal di habitat yang bersih,Positif
Muntahh,Netral
Aku makan enak,Positif
Ya kalo makan sesekali buat obati rasa penasaran,Netral
Buntal yg ada racun jugak dmakan,Negatif
Bro ikan itu makan alga bukan kotoran,Negatif
Enak kaga keras iya,Positif
Baguslah sungai kami mah kayak air Milo,Positif
Walau ikan jenis lain masih banyak yg lebih aman,Positif
Predator alami ikan sapu2 adalah tukang siomay,Netral
Ikan sapu-sapu aman dikonsumsi asalkan berasal dari perairan yang bersih,Positif
"Bohong, ikan gak akan mengandung racun",Negatif
Aku makan ikan sapu sapu,Netral
makan sapu sapu di pasar sugai kotor,Negatif
Sekilas olahan daging ikan nya kayak tongkol ya,Positif
Dijadiin menu mbg kayaknya cocok nih makan beracun gratis,Negatif
Yang makan kaya ga pernah diajari,Positif
Brati bukan salah ikanya dong,Netral
"Saya udah pernah makan, rasanya aneh",Negatif
Untung aja aku belum makan ikan sapu-sapu,Netral
Pantesan ikannya kotor kerana namanya sapu,Negatif
Aman krn racun terserap oleh kulitnya,Negatif
Sy malah mikir ikan sapu-sapu adalah kecoa dalam wujud ikan,Netral
Buang aj ikan itu ke lava,Netral
Bisa-bisa keracunan itu mahh,Negatif
Nggragasss,Netral
"Setuju banget, ini lebih ke permasalahan lingkungan",Netral
Warna dagingnya kaya daging kambing,Positif
Wkwkwkw tapi masih banyak yang di perdebatkan,Netral
Kalo yang bersih namanya ikan apa,Positif
Emang sempat kepikiran ingin mengkonsumsi nya,Netral
Sungguh teori yang tidak berdasar sama sekali,Netral
Silahkan saja kalau tujuan nya untuk di konsumsi gak jadi masalah,Positif
Sebenarnya ikan sapu sapu bisa aja dimakan asal di rawat di kolam yang bersih,Netral
"Anda salah, diluar negeri ikan ini tuh jadi kuliner",Positif
klo saya malah miripnya sama tikus,Netral
mana geli juga liat sisiknya ikan sapu2,Negatif
Salah bro ikan sapu2 bukan asli indonesia bro,Netral
Ouh gurihnyo,Positif
masak sihh gw makan aja masih hidup,Netral
Enak bgt cok sumpah kek pari,Positif
Berarti kalau yang dibudidayakan aman dong dimakan,Positif
Bisa bang asal ngopahnya bener,Netral
ah mang eak kakek gua sehat walafiat tuh makan ikan sapu-sapu,Positif
Kalo pengen tahu rasanya rasa dan teksturnya itu seperti ikan pari,Netral
Hama itu pengen banget ada pemberantas ikan sapu sapu,Negatif
Jadi tergantung darimana ikan itu berasal,Netral
aku pernah makan dulu bg tapi proses masaknya gak gampang,Netral
Selain itu durinya banyak,Netral
Aman bg. Gw aja sering makan,Positif
"Real min, mau ikan apa aja kalo udah hidup di air kotor pasti bahaya",Negatif
Untungnya aku belom pernah makan ikan ini sejak lahir,Netral
Boleh review rasanya seperti apa,Netral
Ihh makin gak minat konsumsi ikan ini,Netral
Waduh inikan spesies ikan invasif,Negatif
Coba jelaskan gimana cara ngolahnya,Netral
Alhamdulillah kalau kakeknya sehat,Positif
Saya udah pernah makan sekali rasanya aneh,Negatif
Masih enakan pari bang,Positif
Daging nya merah,Netral
Iya betul banget bang,Netral
Kalau tujuan nya di budidaya untuk di konsumsi kayaknya aman,Positif
Rasanya gimana bisa di jelaskan,Netral
Setuju kuncinya ada di habitatnya,Positif
Efeknya itu terlihat dlm jangka panjang,Netral
lah somay kan dri daging sapu2,Netral
ENAK LO NON,Positif
gk suka makan ikan,Negatif
kan nama nya juga ikan sapu2 kan bisa bersehin racun,Negatif
mercury nya dari mana,Netral
Racunnya bisa di ilangin gak ya,Negatif
hoak buktinya aku masih hidup aku sering makan ikan sapu sapu,Positif
Wihh keren dari ikan invasif hama menjadi ladang cuan mantap,Negatif
Tapi yg di makan bukan racun nya kan,Negatif
Dari perairan yang tercemar Limbah,Netral
Balik lagi tergantung habitat nya,Netral
kalau sungai nya gak ada limbah ya aman aja,Positif
Di Indonesia ikan sapu yg terkontaminasi malah dijadikan siomay,Netral
Klo di amazon airnya masih bersih,Netral
Amazon masih hutan bung di kota makan comberan,Negatif
langsung mual,Negatif
Beda sungai nya,Netral
"setelah tau pembuatan siomay pakai daging ikan sapu sapu, aku ga mau lagi beli nya",Negatif
enak bang makan ikan sapu,Positif
"Kolam ikan ternak kemasukan sapu2, 3 tahun kemudian ikan ternak hilang sisa ikan sapu2",Netral
Berarti klau kita makan ikan ini kita jadi kuat dong,Netral
ikan sapu sapu itu banyak proteinnya bagus buat dikonsumsi tiap hari,Positif
Dilihat dari bentuknya aja ngeri apa lgi untuk dimakan,Negatif
Ikan lainpun sebenarnya sama bahayanya jika hidup diperairan yang mengandung limbah,Negatif
Udh olh jdi tepung ikan aja untuk ternak,Netral
"Wait, ada tuh yg makan durinya aja di makan",Netral
Lah gw sering,Netral
Sama halnya dengan Kerang ijo aja bisa membawa bakteri,Negatif
Makanya para pejabat negara dan para anggota DPR,Netral
Makan aja yang penting rakyatnya tidak kelaparan,Netral
Tergantung habitat-nya,Netral
Ikan sapu-sapu bisa diolah menjadi makanan,Netral
Ikan sapu-sapu tu kek ikan lain,Positif
Mana ada enak kok gk ada masalah,Positif
Sok tau,Netral
Salmon tinggal di got anda becanda kah,Netral
Ngeyel,Netral
"Sungai kami masih asri, ikan ini enak rasanya",Positif
tergantung sungai nya kalo bersih sih gpp,Netral
Apa krn itu dia dinamakan ikan sapu2,Netral
Bisa jd salah satu solusi pembuangan limbah dapur,Netral
Kalau sdh jadi daging dlm tubuh ikan timbal sdh otomatis hilang,Netral
Ikan peliharaan full kimia,Negatif
Ama Bang Kalo Di Sungai Amazon,Netral
Blm di temukan orang mati dan sakit parah akibat makan ikan sapu-sapu,Netral
Jual ke Amerika auto kaya,Positif
PERSAINGAN KETAT ANTARA LELE DAN SAPU2,Netral
konsumsi ikan sapu2 harus liat kondisi air sungainya yah,Netral
Ikan ini di daerah aliran sungai amazon malah jd kuliner khas,Positif
Sebenarnya boleh dimakan kalo dia tinggal di habitat yang bersih,Positif
Muntahh,Netral
Aku makan enak,Positif
Ya kalo makan sesekali buat obati rasa penasaran,Netral
Buntal yg ada racun jugak dmakan,Negatif
Bro ikan itu makan alga bukan kotoran,Negatif
Enak kaga keras iya,Positif
Baguslah sungai kami mah kayak air Milo,Positif
Walau ikan jenis lain masih banyak yg lebih aman,Positif
Predator alami ikan sapu2 adalah tukang siomay,Netral
Ikan sapu-sapu aman dikonsumsi asalkan berasal dari perairan yang bersih,Positif
"Bohong, ikan gak akan mengandung racun",Negatif
Aku makan ikan sapu sapu,Netral
makan sapu sapu di pasar sugai kotor,Negatif
Sekilas olahan daging ikan nya kayak tongkol ya,Positif
Dijadiin menu mbg kayaknya cocok nih makan beracun gratis,Negatif
Yang makan kaya ga pernah diajari,Positif
Brati bukan salah ikanya dong,Netral
"Saya udah pernah makan, rasanya aneh",Negatif
Untung aja aku belum makan ikan sapu-sapu,Netral
Pantesan ikannya kotor kerana namanya sapu,Negatif
Aman krn racun terserap oleh kulitnya,Negatif
Sy malah mikir ikan sapu-sapu adalah kecoa dalam wujud ikan,Netral
Buang aj ikan itu ke lava,Netral
Bisa-bisa keracunan itu mahh,Negatif
Kita anggap hama,Negatif
"Setuju banget, ini lebih ke permasalahan lingkungan",Netral
Warna dagingnya kaya daging kambing,Positif
Wkwkwkw tapi masih banyak yang di perdebatkan,Netral
Kalo yang bersih namanya ikan apa,Positif
Emang sempat kepikiran ingin mengkonsumsi nya,Netral
Sungguh teori yang tidak berdasar sama sekali,Netral
Silahkan saja kalau tujuan nya untuk di konsumsi gak jadi masalah,Netral
Sebenarnya ikan sapu sapu bisa aja dimakan asal di rawat di kolam yang bersih,Netral
"Anda salah, diluar negeri ikan ini tuh jadi kuliner",Positif
klo saya malah miripnya sama tikus,Netral
mana geli juga liat sisiknya ikan sapu2,Negatif
Salah bro ikan sapu2 bukan asli indonesia bro,Netral
Ouh gurihnyo,Positif
masak sihh gw makan aja masih hidup,Netral
Enak bgt cok sumpah kek pari,Positif
Berarti kalau yang dibudidayakan aman dong dimakan,Positif
Bisa bang asal ngopahnya bener,Netral
ah mang eak kakek gua sehat walafiat tuh makan ikan sapu-sapu,Positif
Kalo pengen tahu rasanya rasa dan teksturnya itu seperti ikan pari,Netral
Hama itu pengen banget ada pemberantas ikan sapu sapu,Netral
Jadi tergantung darimana ikan itu berasal,Netral
aku pernah makan dulu bg tapi proses masaknya gak gampang,Netral
Selain itu durinya banyak,Netral
Aman bg. Gw aja sering makan,Positif
"Real min, mau ikan apa aja kalo udah hidup di air kotor pasti bahaya",Negatif
Untungnya aku belom pernah makan ikan ini sejak lahir,Netral
Boleh review rasanya seperti apa,Netral
Ihh makin gak minat konsumsi ikan ini,Negatif
"popolasi ikan ini semakin tahun semakin banyak, saya lebih setuju ikan ini di jadikan bahan pakan ternak ketimbang di kunsumsi
",Netral
"Namanya aja ikan sampah jadi kegunaannya makan sampah.",Netral
cukup bagus untuk aquarium besar,Positif
ikan ini termasuk ikan air tawar,Netral
warnanya cenderung gelap,Netral
ikan ini menarik dipelihara,Positif
ikan ini terlalu banyak di sungai,Negatif
ikan sapu sapu berasal dari amerika selatan,Netral
ikan ini kuat hidup di berbagai tempat,Positif
perkembangbiakannya terlalu cepat,Negatif
bagus untuk membersihkan lumut,Positif
bentuknya menyeramkan,Negatif
ikan ini termasuk ikan air tawar,Netral
ikan ini kuat hidup di berbagai tempat,Positif
ikan ini merusak habitat ikan lain,Negatif
ternyata ikan ini bermanfaat juga,Positif
banyak ditemukan di indonesia,Netral
ikan ini sangat mengganggu,Negatif
nelayan rugi karena ikan ini,Negatif
bentuknya menyeramkan,Negatif
ternyata bisa dimakan juga,Positif
ikan ini menarik dipelihara,Positif
ikan ini aktif pada malam hari,Netral
ikan ini memiliki mulut penghisap,Netral
unik sekali bentuk ikan sapu sapu,Positif
perkembangbiakannya terlalu cepat,Negatif
ikan ini menjijikkan,Negatif
jd kepikiran penyebab sinkhole atau pubang besar tiba-tiba itu bs jadi ikan sapu sapu,Netral
kenapa gk jadi pupuk aja buat pertanian atau pangan buat peternakan,Netral
disungai emang gk ada ikan lain selain sapu sapu,Netral
gw takut ikan sapu sapu jadi mbg,Negatif
"Dulu saya pernah makan ikan sapu-sapu, Alhamdulliah dampaknya saya rajin bersih bersih ruangan rumah",Positif
salah satu penyebab banjir,Negatif
jadi selama ini bakso murah itu terbuat dari....,Negatif
"kok dimakan si, ikan ini makan limbah tentunya megandung merkuri dan zat logam sangat tidak dianjurkan untuk dikonsumsi apalagi untuk ibu hamil",Negatif
"kalo di suruh milih makan itu apa nasi sama garem doang, aku lebih milih makan nasi sama garem",Netral
ini ikan vibesnya kaya anak punk,negatif 
Gasuka bgt bentukannyaaaa,negatif
ni ikan desainnya ga bgt,negatif
jiji bgt sm motifnya,negatif
jujur penasaran bgt sama hasilnyaa,negatif
"aneh banget motifnyaa, gasukaaa",negatif
menghina ciptaan Tuhan,positif 
lah di kampung ku kok nm nya ikan tokke,netral 
kak saran kulit hitam nya jangan di campur ke blender,positif 
"Ikan itu gk akan makan kamu, jadi kmu janhan jerit2 mulu berisik denger nya",netral 
"ntp hasil grgr KATANYA ada yg bikin pempek, otak2, siomay pake ikan sapu sapu aku jadi takut jajan",netral 
iya dekil bgt gasuka,negatif 
kaya gembek gitu ka,netral 
"iya, pokoknya di mata gue ni ikan kaya ada aura aura begalnya gitu",netral 
"Iya kek preman,pake rante gede klo di deskripsikan ",netral 
"akhirnya ada yg mendeskripsikan dari kemaren bingung ni ikan GK asing tapi apa gitu, e",netral 
kalau masuk dunia SpongeBob bisa disebut anak punk,netral 
bentuk nya kaya jamet,negatif 
"Jelek banget, sumpahh benciii",negatif
kak itu manfaat nya buat bikin somay.,negatif 
rasa nya gimana jir ada perbedaan ga sama ikan pada umumnya sama ikan sapu²,netral 
kalo somay dari ikan sapu sapu itu baunya amis banget katanya gitu bisa dibedakan tp ga tau juga yaa belom pernahh nemu somay begituan,negatif
kan udah dibilang kalo itu dari sungai Ciliwung yg kotor dan tercemar logam berat. makanya kakak ini nyari manfaatnya dari segi non pangan alias bukan makanan.,negatif 
q setiap hari makan,positif 
"ya sama gue jg tiap hari makan kak, ga makan ya laper",netral 
itu dibuat cilok enak kak ,positif 
hokkk cuh,negatif 
tebak nilai ipa nya,netral 
buat pakan kucing bisa g ya?,positif 
aku yg pas sd sllu bilang ikan ini imut krna di taruh di kolam skolah,positif 
gak nyangka jdi jelek bngt.,negatif 
ini ikan logo Indosiar jama dulu bukan siii??,netral 
Geli liat motifnya,netral 
Siomay,positif 
Dengerin ya temen temen “MANFAAT NON PANGAN”,positif 
Klo di kalimatan namanya iwak indusiar. Koreksi jika salah,positif 
t-tinggi protein...,netral 
ikan ini aja dari Amazon yg juga ada di Brazil jadi di sana jumlahnya udah kelebihan kalau di jual di sana gak akan laku,negatif 
kalo Ikan sapu sapu memakan telur ikan lain lah sama dong. kita makan telur ayam lain ,netral 
ak gk benci siapa pun tpi ak cmn GK suka ,netral 
sebenarnya bukan di air kotor memang kotor kali ya?!,negatif 
kenapa GK di jual di Brazil,positif 
bukannya ikan ini bisa gali tanah,negatif
"trs lu punya ide ga, ikan sapu2 sebanyak itu di apain? kan dimakan jg ga boleh, di air jadi invasif. jangan komen aja bisa nya lu",positif 
apakah gbsa di kasi makan ke hewan lain,positif 
gk ada yg mau makan,netral 
"bisa kok, dimakan sama peternak kepiting sama peternak buaya.",positif 
proses buat makanan lele,positif 
di makan manusia lo ga boleh terus mau di kasih makan ikan lele terus ikan lele nya di makan manusia apa bedanya anjir wk,netral 
Ikan sapu sapu bisa sebanyak dan se invasif itu karena disini memang gaada predator alaminya selain buaya,positif 
"kulit nya keras, tubuh nya tulang doang, daging seuprit, banyak bakteri, hewan pun gaada yang mau makan dia.",netral 
keras,netral 
"Kalau dikasi ke ternak, nanti timbalnya bisa berpindah ke hewan ternaknya, kalau kita makan hewan ternaknya, timbalnya malah pindah ke tubuh kita. Bisa tonton video penjelasaanya di @Dennis - Food Technologist",positif 
Kalau dihabitat aslinya yah jadi makanan otter. Tp di indo gak ada musuh alaminya.,positif 
"Gabisa kakkk dia mengandung logam berat. kl dimakan hewan lain, ngeracunin hewan lain namanya, terus kalo dijadiin pakan ternak, ternaknya dimakan manusia, logam beratnya ke kita juga krn logam berat itu sulit terdegradasi jd cuma pindah doang biasanya",positif 
di indo ga ada predator alami yg efektif buat kill ikan sapu² nya bg,positif 
"tau sendiri sungai di indonesia sekotor apa, sapu2 tuh mengandung logam berat di tubuhnya. kalo lu kasih jadiin pakan ternak sama aja kayak lu ngasih racun ke hewan2 ternak.",positif 
Takutnya di salah gunakan tau kan karakter warga konoha nanti di buat bahan makanan,positif 
"baru fyp tadi, otter ternyata suka makan ikan sapu sapu",positif 
komodo aja ga doyan,netral 
"kandungan logamnya dimakan ayam terus ayamnya dijadin geprek, ya sama aja",netral 
Sapu-sapu bisa bertahan lama tanpa air bang sampe 4 minggu itu pun kalo kondisi kering kerontang (macam hibernation lah),netral 
Disolo ikan sapu sapu 1kg 30rb,positif 
"bisa z Carikan d sini mas,, nnti z kirim d solo,, 1 trek cukup GK?",positif 
daginge gor sak sendok ,netral 
kebal orang ny makan sapu-sapu ,netral 
"iya, klau ada ikan pel dan ikan lap bisa di sikat jugaa wkwk",netral 
Dia punya sirip yang kuat bang jadi bisa buat pindah tempat,positif 
dikasih solusinya coba? jangan ini itu doang.,netral 
kulit nya aja bisa bikin luka bang,negatif 
Karas bnget suaranya,netral 
MUI sedang mengetik,netral 
kenapa gk jadi pupuk aja buat pertanian atau pangan buat peternakan,positif 
disungai emang gk ada ikan lain selain sapu2,netral 
"hargailah setiap mahluk,karna ikan juga manusia.",positif 
Aneh,netral 
sayang banget mending buat gua,netral 
namanya ikan sapu-sapu tapi males nyapu,netral 
fungsi ikan sapu sapu itu biar ga ada lumut ges di bak mandinya,positif 
gigit ga si? aku dulu punya pernah digigit pas mo ngasih makan,negatif 
"setau saya sapu sapu ga ada bau, cuma klau dilingkungan sungai ikan sapu sapu tu hama",negatif 
"over populasi, suka makanin ikan konsumsi di sungai",negatif 
soalnya dia gali bawah tanah kita mangkanya menyebabkan longsor soalnya kan di gali terus menerus klo di air yg bawah nya ad tanah nya kk,negatif 
bayangin mata lagi perih kena shampo trs nyiduk air ikannya kebawa,negatif 
intinya semua hal tidak bermasalah jika tidak nerlebihan,positif 
katanya banyak parasit nya bejir,negatif 
"orang2 pesisir bengawan ga asing mengonsumsi ikan ini, sebelum berita fomo sapu2 jakarta muncul",positif 
dulu aku di rumah nenek jg ada ikan sapu sapu di bak mandinya trus kata kakek aku ikannya udh gedeeee bangetttt dan aku g brani liat ke bak mandi itu kebayang gedenya segede baknya,netral 
Bisa buat makan lumut tapi gw ngerinya dia berak juga disitu bayangin airnya lu pake gosok gigi,netral 
bisa jadi kalo dia hidup sejak zaman dinosaurus,positif 
2050: ini fosil ikan langka,Netral
1% menuju negara maju,Negatif
itu baru di jakarta ga kebayang sebanyak apa di kota lain,Netral
"harga siomay akan naik, karena bahan baku mulai langka..",Negatif
pemerintah skrg wajib diberi apresiasi udh mau mulai dari hal kecil yg merusak alam ga cuman ngurus aspal mulu,Positif
bisa yu jadi negara maju,Netral
Indonesia menuju negara maju,Positif
Emg knp sii bnyk ikan itu?? Maaf aku ngga tauu,Netral
"selagi bermanfaat bagi rakyat, apa salahnya kita mendukung?",Netral
menuju indonesia emass,Positif
ikan sapu-sapu kan tugas nya bersih-bersih..seperti Cleningservis.,Netral
"jumlahnya udh terlalu banyak,susah mati,gampang berkembangbiak,mmg mulai harus dilawan",Positif
pekerjaan gabut sedunia,Negatif
ikan sapu sapu bahasa inggris nya cleaning share fish,Netral
Banyak banget,Netral
"Gara gara orang banyak bilang dipake buat somay guee tiap beli somay cuma isian telor, kentang ama kol doangg",Negatif
ikan apa yg bisa hidup di situ selain sapu-sapu?,Netral
terus yg nyapu siapa?,Netral
ikan: lalu buat apa aku diciptakan,Negatif
hama dongo,Negatif
"jjur ak pernah makan ikan itu, dan rasanya enak",Netral
Sebenernya dri awal itu kok bisa dia ada di indo itu loh,Netral
soalny lu masi tlol,Negatif
ga bermanfaat banget asli,Negatif
ikan sapu-sapu hama adek,Netral
merusak ekosistem seperti apa biasanya?,Netral
"ikan invasif dan indonesia ini bukan tempat dia, harus nya dia ada di brazil karna disana banyak predator alami nya sedangkan di indonesia itu hampir ga ada predator alami nya+rakus kalo makan+suka makanin telur ikan lokal+bikin lobang di pinggiran kali bikin tanah gampang longsor",Netral
trusss yang nyapu got siapa nanti nya,Netral
ikan sapu sapu apa hubungan nya sama tukang jual somay (nanya),Netral
berapa persen kemajuan nih,Netral
harus dapet penghargaan tiktok Indonesia sii,Positif
mulai dari hal kecil dulu,Netral
oke lah yg penting ada kemajuan,Positif
"ga kehitung kemajuan sih, soalnya sapu sapu emg wajib di basmi",Negatif
"coba serching : apa nutrisi ikan sapu sapu, kalau ud kabarin yaa",Netral
lagi sarkas itu buat oknum yg jual siomay pake ikan sapu²,Negatif
emg napa??,Netral
Nnti di olah jdi bhan,Negatif
"anj bs jd scr kg sadar gua makan ikan sapu"" anjg, hoek",Negatif
"justru itu tempatnya bodoh, ko malah yakin",Negatif
lah emang asalnya dari sono beghoo,Negatif
di sungai amazon ada jutaan ekor,Netral
nah gini rakyat sama pemerintah sejalan,Positif
akun tiktok namanya apa bg?,Netral
"nah betul, coba semua pemprov buat begini deh biar mengurangi hama",Positif
disungai kampung gwa melimpah bg kaya gitu,Netral
"katanya 1 ikan bisa beranak 1000 telur, gilak",Netral
modal nangkep ikan harapan nya jadi negara maju rusakk,Negatif
lu yang ngehambat indo maju tolol,Negatif
"GINI NIH YANG PERLU DIGANTI MAH RAKYATNYA, minimal dukung kek biar negara maju anjg",Negatif
apa urusannya sama ikan,Negatif
nah si id0t muncul juga,Negatif
siapa yg kau maksud ngurus aspal itu bung?,Netral
All Pemkot di Indo masih jadi problem urusan aspal mas,Negatif
bener,Positif
"ga semua org tau, kalo situ tau ya kasi tau biar org yg gatau jdi tau",Negatif
padahal sudah banyak beritanya tinggal cari tau aja,Negatif
Buang aja hpnya buang,Negatif
emg knp ya ka ikn it? anya srius gtau ak,Netral
"Invasif kak , Bikin ikan lokal kita ngilang",Netral
"owh, mksi ya ka",Positif
statemen bodoh sih,Negatif
Komen terbodoh sedunia,Negatif
sadar nya baru sekarang,Negatif
keren bgt Indonesia udah d titik ini.,Positif
berawal dari satu orang keren,Positif
"kalau harga siomay tiba"" naik, perlu dicurigai",Negatif
kalo harga siomay naik berarti ytta,Negatif
Yang baik mari kita apresiasi,Positif
keren bang,Positif
ini ikan Indosiar kan,Netral
harga siomay makin mahal,Negatif
yg di dpr kpan?,Negatif
2 hari kemudian siomay/batagor/pentol/bakso pada naik harganya dg alasan plastik naik,Negatif
ikan sapu2 itu.. ikan indosiar itu kah. di tempatku namanya ikan indosiar krna pertama kali muncul dari indosiar.,Netral
ikan sapu sapu juga mahluk hidup..,Negatif
lah tugas dia kan bagus kang nyapu sungai,Negatif
fungsi nya apa?,Netral
"bocah kampung dng0, otak dangkal mana bisa mikir",Negatif
kasian,Negatif
bukannya dia bisa bersihin selokan ya? kayak ikan koi,Netral
ikan sapu-sapu bahasa inggris nya cleningserfish ya ?,Netral
maksudnya apa ya,Netral
makanya baca tolol,Negatif
pengalihan isu,Negatif
di danau belakang rumah ku lumayan banyak deh kyknya..m,Netral
untung gw kasi tau,Negatif
sotoy ah,Negatif
SDM rendah diam aja,Negatif
"itu hama anying, ngerugiin/ngerusak ekosistem",Negatif
"lu juga, yang penting komen",Negatif
"Masalah nya telur ikan ikan yan+B2:B71g lain sama dia di makan, ikan ikan yang lain populasi nya hilang, itu ikan sapu2 bentukan nya udah seperti itu , kaya ikan purba aja",Positif
Emang ikan sapu** knp?,Netral
Padahal ikan ini suka kebersihan,Positif
Kang somay be like : pak sini saya aja yg musnahkan jadi somay,Negatif
"Ganggu kenapa ? Karena ada yg panen utk siomai ya , padahal beracun krn lingkungan hidupnya yg tercemar",Positif
Serem banget bisa segede itu,Netral
Pdhl bs dijadiin siomay,Negatif
Jadiin makanan kucing sama anjing bisa kayanya tuh,Negatif
"heran bgt bnyk komen hate, mereka gataukah ini ikan paling hama? sdm rendah anjir",Positif
"Disana sapu2 digrebeg, di danau toba sapu2 disebar. GIMANA COBA NGEGEREBEG IKAN SAPU2 SE DANAU TOBA",Negatif
"Kalau ada yg komen heran dan ngerasa kaya ga ada kerjaan lain, ikan sapu2 itu hama, merusak dinding saluran/dinding tanah, ikan ini ga punya pemangsa alami karena kulitnya yg keras dan duri yg tajam, sekali bertelur bisa 2000 sd 3000 telur menetas dalam waktu 3-7hari, kebayang kan segimana cepet populasinya? yg ada ikan air tawar endemik indonesia bisa punah, kalah populasi karna ikan ini. jadi please bisa baca artikel dulu dari berbagai sumber, kenapa ikan sapu2 jd hama, baru dah komen ya👏",Positif
Sapu sapu pun kena razia wkwkwk,Netral
"Di danau toba malah dilepaskan karna buat menghambat ikan devil, tapi jadi takut danau toba isinya ikan sapu",Negatif
Aku melihat banyak netizen yang penting kritik ke pemerintah daripada mikir dulu njing aowkwkwk.,Negatif
"Ikan sapu sapu merusak tanggul sungai, membuat lubang-lubang besar di tebing sungai untuk bersarang, yang memicu erosi, tebing longsor, dan pendangkalan sungai",Positif
"ikan sapu"" bisa di makan gasii? dibanding mubazir,serius nanya",Netral
Ini banyak kau katanya mau buat pempek ikan sapu² tam @juan.riztama,Netral
"Kalo tiba tiba harga somay disekitar rumah kalian jadi murah, tiati kata gua mah wkwk",Negatif
Tapi aga ga tega jugaaa yaa liat dibunuhin gitu wkwkwkw kaya Raisa.. Serba salah..,Negatif
Potekin langsung Pak kepala si sapu ini,Netral
Klo di sini laku itu yg kecil 5k,Netral
Hmmm baso ikan sedaapp,Negatif
MEREKA YANG NYINYIR GA NGERTI BAHAYA NYA ITU IKAN ITU,Positif
emang di rantai makanan tidak ada predator nya yah ikan sapu-sapu...,Netral
"Ikan sapu2 be like: ""trus aku diciptakan buat apa? Buat dibuang dan dibunuh? """,Netral
"Yang bermasalah adalah manusianya bukan ikan , pertanyakan kenapa sungai bisa jadi seperti itu",Negatif
"FYI, ikan sapu-sapu ini bukan ikan asli Indonesia dan termasuk ikan invasif ya, bisa merusak ekosistem karena ikan ini daya adaptasinya tinggi, berkembangbiak sangat cepat, dan memakan telur ikan lokal. Resiko jika ditebar ke perairan Indonesia yaitu bisa menggeser spesies ikan asli Indonesia. 😊",Positif
oh jadi ikan indosiar itu ikan sapu2,Netral
"Di kubur deket pohon2 aja pak, biar kalo busuk diserap tanah. Bisa bermanfaat jadi pupuk buat pohon",Positif
Abang somay datang mengawasi,Negatif
Diprediksikan menu siomay akan ada dimana mana umtuk sementara waktu,Negatif
Makasih Pak Petugas!,Positif
Dagang bakso menyukai inii,Negatif
"Waduuuu, harus musanahin ikan sapu ga sih",Positif
Pasti ikan nya kaget pas di grebek,Netral
Jd pensiun makan siomay dl,Negatif
"Ikan ini bioakumulasi logam berat yak, kalo makan ini bisa kena kanker dlm waktu lama n konsumsi sering, walau namanya sapu sapu tp dia itu malak perusak ekosistem. Buktinya browsing sendiri aja, dah banyak di berita jg ini.",Positif
Hama kalo kebanyakan lagian bukan ikan asli Indonesia,Positif
"Ikan sapu sapu di akuarium waktu itu satu aja, ikan ikan lain kecil yang lucu di akuarium nya ga ketolong please, allahu a'lam sih ya tapi @_rizkasss",Positif
"boleh disumbangin ke penangkaran buaya terdekat, supaya tidak sia sia",Positif
Ihhh sudah jadi monster,Negatif
Mending kasi aku 2ekor deh cukup utk akuariumku,Netral
JADI SIAPA YG MENYEBAR SAPU2 di DANAU TOBA?? ga faham betapa merusak nya ikan ini kh huhu,Negatif
"pernah melihara pls gara gara ikan ini,ikan aku yang kecil mati semua jadi di buang",Positif
Kang siomay kekurangan bahan nanti,Negatif
Dulu mah ada baso goreng dari ikan sapu2. Pas makan suka ada potongan kumisnya,Negatif
segede gaban ngeri kali,Negatif
jangankan manusia ikan aja kena grebek,Netral
"Coba pikir scara logiga... dulu sungai dikampung ku air nya bersih da jernih. Banyak ikan keting, lundu, gabus, paitan, sepat, belut dan di pasir nya banyak remis, dipinggirannya banyak kepah. Nahhh... skrg air sungai dikampung ku sdh sngat tercemar dan sangat kotor, yg tersisa hanya ikan sapu2 ini. Padahal dlu mssa saya kcl blm pernah lihat ini ikan",Positif
Di danau Toba malah ada yang nyebar ni ikan katanya biar memusnahkan red devil,Negatif
Di kampung aku namanya ikan indosiar,Netral
ini enak lho daging nya kalo di olah,Negatif
Ide Siapa Pertama Kali Bawa Tuh Ikan Masuk Ke Indo? Sebenernya Kan Untuk Bersihin Aquarium Ya Ikan Hias Gitu.. Jadi Yg Pertama Kali Lepasin Tuh Ikan Ke Air Indo Siapa?,Positif
"Dulu kalau beli jajan siomai SD yang murah bgt dan bisa dibeli dgn uang 100 perak, tapi ikan nya berasa bgt kaya harga di abang2 yang mahal. Aku nanya abang kok ikan nya berasa bgt? Ikan apa? Nyam nyam nyam… 
Si abang: Ikan sapu-sapu, neng, sttttt…! ",Negatif
"Ada lelenya gak kak? Soalnya waktu aku dan kawan ku @nunuu.1717 visit ke pi, dia bilang mau mancing disitu katanya banyak lele nya kak",Netral
kubur buat di jadiin pupuk,Positif
Bye bye ikan sapu sapu yg kita lihat kemaren @owlstoriess,Positif
Padahal tinggal dikasih seragam oren aja loh pak ikannya,Negatif
kok bisa sebanyak itu,Netral
jd inget lu @kenziks “cil jgn cil somaynya pake sapu2” dr situ saya tromaaaa sama somaay,Negatif
Ikan sapu sapu lagi disapu,Netral
apa itu ikan sabu sabu,Netral
Bagus dia berdihksn lumut. Knapa ditangkap,Netral
Serem bener,Negatif
Mantap... Musnahkan ikan sapu sapu,Positif
"itu ikan hidupnya disitu lebih lama dari umur gue, disitu tempat gue main waktu kecil nyari ikan kecill watu gabut sore sore",Negatif
Jadiin dimsum aja,Negatif
Ini predator ini dan hama habitat ikan lainnya di musnahin,Positif
Kok gweh takut di jadiin mbg ya,Negatif
Dibikin siomai,Negatif
Ada yg nampung iniiii pastiiii gratiiss truss dijual ke kang somay,Negatif
Hancurkan kasih makan buaya di zoo gaboleh ya?,Negatif
Yang jadi masalah adalah dulu itu siapa yang naruh benih ikan sapu2 di disana sampe akhirnya jadi berkembang biak banyak banget sampe sekarang...???,Positif
Keras kayak ikan purba tp klo ga tuntas ampe abis sekali nelor mrk bs byk bgt,Positif
"turis2 kalo jalan lewatin trotoar PI suka berhenti bentar liatin ikan sapu2 ini terus difoto. Katanya ""GEDE BANGET ITU IKANNYA!""",Netral
Liyatttt bey tempat gabut kitaaa @imam_bonjol26,Netral
Sini sungai dekat pajak seikambing ratusan pak,Positif
"Fakta menarik dari cara berfikir org indonesia ttg 3 hal yg mereka yakini tanpa berfikir secara logika . 1. Agama 2.kesehatan 3.pengen cepet kaya. 
 Kita tarik fakta d lapangan. Ikan sapu menyimpan telur d gorong gorong tanah dlm air, sedangkan ikan nila dan lain lain dia menyimpan telur dalam perut. Jadi mustahil bisa makan makan telur ikan. 
 2.katanya pengrusakan tanah d sungai yg d sebabkan ikan sapu sapu membolongi tanah yg membuat tanah menjadi lebar. tapi fktanya pelebaran tanah, diakibatkan aliran air sungai yg begitu deras ketika air sungai besar, yg merusak bagian atas tanah,dikarnakan bagian ats tanah gembur, berbeda kepadatan dengan bagian dalam air lubang ikan sapu2 yg begitu padat karna hukum alam yg memadatkan tnah yg denga air sungai ketika air tenang. 
 3, tujuan dari membunuh ikan ikan sapu2 yg di anggap sebagai hama adalah, upaya untuk menghentikan perdagangan tidak sehat para pelaku usaha makanan seperti somay dan lain lain yg menggunkan ikan sapu sapusbg bhan baku utama. Sebenernya sah sah aja , pengalihan narasi menjadikan ikan sapu sapu sbgai hama, agar tidak menimbulkan reaksi keras oleh para penjual makanan supaya tidak terkesan mnjatuhkan bidang usaha. 
 Ini sperti larangan org tua dulu, ""jngan duduk depan pintu, nanti ketutup rejeki"" Dan d thun 2026 ini,memberi edukasi yg langsung to the point akan menjadi kontra yg sangat kuat. Jadi intinya konten yg sering dsajikan bro arief, hnya untuk mengedukasi agar menjaga kesehatan dari para oknum penjual jajanan yg berbuat tdk baik,mungkin ntuk sementara,hindari makan jajanan yg diolah dari ikanan. 
 Sukses selalu contennya, teruslah mengedukasi untuk tujuan yg lebih baik",Positif
Hati hati pengalihan isu,Netral
Akhirnya masuk media besar.. Congrats bang,Positif
Habis ditangkep trus dikemanain?? Maaf nanya penasaran soalnya,Netral
"Nah cakep, udah di lirik media besar nasional",Positif
"Dari ikan ini kita belajar, kalo kebanyakan orang gak penting dan gak manfaat maka ekosistem akan rusak",Netral
Bisa dimakan ga sih?,Netral
"Terus berkonten dan memberi edukasi bang, yuhuuuuuuuuu",Positif
"Keren, semangat terus bang",Positif
"Keren bang, lanjutkan! Dari hal kecil bisa menjadi besar!.. Salam lestari",Positif
"Followers naik drastis, yuhuu",Positif
"Luar biasa, makasih bang! Salute!! Kebetulan saya tinggal di Afrika Selatan dan Ranger (pemerintah) di sini pun concern tentang binatang dan tanaman yang bukan endemik afsel yang secara berkala mereka cabut/tebang/berantas agar tidak menganggu habitat asli. Sekali lagi, Makasih banyak bang",Positif
Akhirnya Sampai kompas bang yuhuu,Positif
"Saya setuju sama pemikiran dan gerakan abang, tapi saya sangat menyayangkan cara abang mengurangi populasinya dengan memotek dan membiarkan didarat begitu saja sampai mati. Mereka makhluk hidup juga bang, kalo gak salah ada yg suka live memburu sapu-sapu juga tapi untuk pakan bebek. Lebih baik kerjasama drnga. Mereka",Positif
kucing boleh gag sii makan ikan sapu-sapu?,Netral
semoga ada tim peneliti yang bisa menemuin cara yg efektif buat nekan ikan sapu2. tp kepikiran bisa dijadiin campuran dry food kucing gak sih?,Positif
Yuhuuuuuuu.Tetap semangat bang untuk mengedukasi kita-kita,Positif
Wah keren,Positif
"Pantes pernah nemu sapu2 di trotoar, padahal kalinya dipagerin. Mungkin hasil kerja Abang ini? Thanks bang!",Positif
Akhirnya dapet perhatian media. Sempga nextnya dari pemerintah. Yuk Pak @pramonoanungw @si.rano waktunya Ciliwung Ijo Royo Royo lagi,Positif
Semoga dinas lingkungan hidup bisa bekerja sama,Positif
"Bener gak sih klo ikan sapu-sapu ini serinh dijadiin bahan makanan sperti :baso ikan, siomay, batagor ikan, dll ?",Netral
Arief lah predator alami sapu sapu ,Netral
oo ternyata dia merusak ekosistem ya...,Positif
"Di masukin ke Aquarium aja ga si? Kalo ga,di jual, kasian tau maaf saya pecinta hewan bahkan walaupun hewan yg spt nyamuk sekalipun karna kita sama' makhluq",Negatif
"buat kucing bisa gasi bg, biar matinya masih manfaat hehe",Positif
Sekalian nyuplai tukang somay kang.,Negatif
sapu² kalo cuma di taro dj darat 1 bulan masi hidup jir,Negatif
"Bang, terima kasih sudah turut membantu menjaga keseimbangan ekosistem",Positif
katanya bisa jadi otak otak,Netral
Jadiin somay kalau kata bintang bete mah,Negatif
Itu sekalian di jadiin bakso ga bang,Negatif
Ingat nila dan red devil juga ikan invasi,Negatif
"Nah loh masuk kompas, mana kemarin yg hujat bang arif",Positif
Mengapa anda peduli dgn kembalinya ekosistem,Netral
Ada konten medsos yg selalu upload kegiatan bersihin ikan sapu² diambil dagingnya katanya buat dijual untuk dimakan atau untuk pakan ternak ,Negatif
Klo manusia yg rusak ekosistem dan bumi perlu diburu juga yaah,Negatif
"Yuhuuu gua nonton elu di Facebook bang wkwk, Keep it up",Positif
wih masuk kompas,Positif
Keren abang,Positif
"keren, semangat para relawan",Positif
"ikan: makasih bang, blop blop blop",Netral
"Ada kok predator ikan sapu-sapu, namanya @ariefkamarudin",Netral
Antum ga ikutan? @bonangculay,Netral
Mantap bang @arifmuhammaddd_,Positif
Bisa di jual nih ikan sapu-sapu buat jadi alat bersihin akuarium,Positif
Semoga menggerakkan yang tergerak. Pemerintah?,Positif
Hmm bahan somay. Katanya sih,Negatif
"Yuhuuu... udh mulai masuk media nasional nieh , tetep semangat bang",Positif
Dan Ya Ini Ikan Sapu-sapu Bisa Dimakan Gak...,Negatif
Emang yang namanya perdagangan satwa banyak membawa masalah,Negatif
Bener tp kan ga bakal habis habis ikan nya banyak,Negatif
Akhirnya dilirik media besar bang,Positif
Tidak lebih berbahaya dr para pejabat korup sih,Negatif
Dagingnya bagus itu bos coba di produksi buat krupuk atau rengginang,Negatif
Keren,Positif
Yuhuu gw yg ngikutin bang arief tiap hari seneng banget bisa masuk kompas juga tentang pemusnahan sapu-sapu... Congrats bang kudu makin semangat ini mah ,Positif
terima kasih bang!,Positif
@ariefkamarudin wahh masuk kompas nih media berita kesukaan ane apalagi pas nge roasting wkwkw,Positif
Konten favorit ku belakangan ini wkwkwk yuhuuu,Positif
yakin dimusnahin? ngga dijual ke tukang somay kan?,Negatif
mantapp,Positif
"Konten kreator idola gua ini, sambil makan telur ikan sapu sapu",Positif
"Yuhuuu, mantep emang abang"" lenteng agung ini",Positif
"Yang notice kaya gini2 bukan dari kementrian, ngapain aja ya..anjeeeng kesel ga bisaak nulis sopan2 dah",Negatif
Predatornya ikan sapu-sapu apakah tukang somay ya?,Netral
Yuhuuu bang arief masuk tipi... smg makin banyak yg aware mengenai sapu2 ini,Positif
Bjirr nggak asli pemerintah Amerika nya Ampe IKAN. IKANNYA JUGA NGERUGIIN,Netral
ikan sapu2 predator nomor 1 nya itu ada pada tukang somay dan otak2 sehingga dngn adanya penjual makanan tsb maka akan mengurangi populasi ikan sapu2 di kali2 seluruh indonesia,Negatif
"Saya dekat sekali dengan kali ciliwung , tinggal di jl cimahi pada sekitara tahun 1955 umur 7 tanpa sepengetahuan ortu menyebrang jl latuharhari…turun ke sungai ciliwung…. Menanggok ikan warna warni… entah ikan apa namanya…..
 Semasa SMA ke sekolah di setiabudi ditahun” 1960 an…. Menyeberang dg getek kesekolah……… Ciliwung….. riwayatmu duluuuuuu…..",Positif
"Kerennn bang @ariefkamarudin Coba kolaborasi sama pemda, dan gandeng kampus kaya IPB atau Badan Riset dan Inovasi Nasional (BRIN) buat riset, siapa tahu ikan sapu-sapu bisa dimanfaatin jadi pakan ternak atau pupuk.
 Jadi nggak cuma dikubur, tapi juga punya nilai ekonomi.",Positif
Ikan aja ciptaan tuhan kena fitnah oleh pemerintah,Negatif
Mana yg lebih penting : berbondong2 berburu ikan sapu2 atau berbondong2 bersihkan sampah sampah plastik dan sampah unorganik lainnya di sungai?,Netral
"Alam rusak krena ulah manusia rakus, bukan ulah hewan",Negatif
Penjelasan yg cerdas dan beranii.. logic pulaa..,Positif
"Aku kemarin lihat postingan di pandawara group, katanya mereka menemukan sungai yang sangat kotor, saking kotornya, ikan sapu-sapu aja sampai ma*ti karena tidak kuat dengan pencemaran di sungai itu,, gong banget gak sih,, ikan sapu-sapu aja gak kuat hidup di sungai itu, apalagi ikan lokal biasa 😢",Positif
"Aku suka perspektif narasinya, tapi ada poin yg kurang min, aku udah nonton konten mas Arief yg mempopulerkan tangkap sapu-sapu Ciliwung, sapu-sapu itu sangat cepat berkembang biak, 1 induk bisa punya telur 500-1000 bayangin kalo ini dibiarin, bisa bisa menyebar kesemua area sungai selain Ciliwung, dan ikan ini itu punya kecenderungan makan di dasaran yg membuat telur-telur ikan lain ikut termakan, bukan niat makan tapi emang ga sengaja karena ikan ini apa aja dimakan + mulutnya ada dibawah. Lalu niat awal mas Arief itu buat nyentil pelayan rakyat ketika bersih bersih lalu liat limbahnya dimana-mana, kalo ga kerasa kesentil terus buat narasi pencapaian mah yah emang udah kebiasaan mereka, jadi sapu-sapu ga sepenuhnya kambing hitam. Dan lagi, sapu-sapu itu ga punya predator disini, ga ada satupun yg mau makan, makanya ini juga bahaya, sapu-sapu emang korban, tapi bukan berarti harus dibiarin.",Positif
"Antara hama dan korban…
 sering kali dibedakan oleh siapa yang sedang memegang kendali.",Negatif
"akhirnya ada yang speak up juga, sempet kecewa karena pada bungkam. mungkin karena ikan sapu² dianggap ga menguntungkan dan buruk rupa. seenggaknya sapu² menguntungkan bagi alam nya. miris liat nya setelah apa yang di lakuin untuk lingkungan nya berujung dibantai tanpa belas kasih dengan tujuan kebencian",Positif
"Entah kenapa para ahli tak ada yg bersuara. Kalo sudah gak ada ikan sapu2, entah siapa lagi nanti yg akan disalahkan. Jangan2 air sungainya yg disalahkan.",Positif
"sapu sapu ibarat pintu buat nyentil banyak orang tentang masalah ekosistem sebenarnya, sampah dan limbah!",Positif
"Tetap semangat menyadarkan publik, untuk orang yang mau berpikir, di saat di paksa untuk selalu diam untuk menyatakan yang sebenarnya",Positif
Memang merusak dia di habitat bikin lubang untuk bertelur yang bisa mengakibatkan longsor ketika over populasi,Positif
"postingan admin ini mengambil sudut pandang moral dan etika, yang memang terasa menyentuh karena menyebut ikan ini sebagai ""korban"". namun, jika kita melihat dari kacamata ekologi (keseimbangan alam) dan fakta lapangan, statement di gambar bilang mereka cuma mencoba bertahan hidup. masalahnya, dalam biologi ada istilah Spesies Invasif. Ikan sapu-sapu bukan ikan asli Indonesia (asalnya dari Amerika Tengah/Selatan). membiarkan spesies asing merusak ekosistem lokal bukan bentuk ""kasihan"", tapi pembiaran terhadap kepunahan ikan asli kita (seperti ikan gabus, nila, atau wader). Menyelamatkan satu jenis ikan yang ""tahan banting"" tapi mengorbankan puluhan jenis ikan lokal lainnya justru sebuah ketidakadilan ekologis. postingan ini menyebut kita ""menghukum korban"". tapi secara teknis, keberadaan mereka di sungai liar sering kali karena kelalaian manusia yang membuang ikan peliharaan ke sungai (lepas liar)??? simpnya gini upaya pembasmian atau pengendalian populasi bukan didasari kebencian pada ikannya, melainkan upaya restorasi. sama seperti kita mencabut rumput liar di taman bukan karena benci rumputnya, tapi supaya bunga-bunga lain bisa tumbuh. kebiasaan mereka melubangi bantaran sungai itu nyata dan merusak struktur tanah. Ini bukan soal ""keserakahan manusia"", tapi soal keselamatan warga di pinggir sungai yang terancam banjir atau longsor karena tanggulnya keropos dihuni koloni sapu-sapu. benar bahwa manusia merusak sungai dengan limbah, tapi membiarkan ikan sapu-sapu mendominasi tidak memperbaiki kualitas air. Ikan sapu-sapu justru memperparah keadaan karena mereka memutus rantai makanan alami yang seharusnya bisa membantu pemulihan ekosistem sungai secara mandiri.",Positif
"Ikan sapu-sapu itu hama, kalau soal ikan yang tahan segala air dan tempat kotor sungai berisi sampah ikan betok dan belut juga bisa!, tapi telur dan anak ikan betok dimangsa oleh ikan sapu-sapu yang invasif. Sampai sini Paham?
 Ikan sapu2 itu spesies luar tidak ada predator yang memangsanya disini jadi pantas dibasmi jangan membuat opini baru, memang manusia juga salah, tapi soal sapu2 tetaplah invasif.",Positif
Mengkritisi sesuatu ga harus 'menyakahkan' tindakan yg sudah benar. Ikan sapu² emang sejatinya bukan hidup di Indonesia. Jadi ya emang harus di kontrol populasinya.,Positif
Kalau ikan lokal divunuh ikan sapu² lantas ikan gua di aquarium kenapa ikan sapu² ku gak makan ikan lainnya?,Negatif
Ijin ikut berdialog. Ikan sapu² yg berkembang biak sangat pesat dan cara bertahan hidup mereka yg unik memang bisa menjadi hama untuk ikan endemik/penghuni lokal di sana. Tapi tak dipungkiri juga kepunahan ikan disebabkan karena pencemaran lingkungan yg masif. Jadi kedua hal tersebut memang salah dua variable yg berhubungan dengan kepunahan ikan lokal. Tapi mungkin pemerintah lebih senang mengurusi ikan sapu² saja ketimbang mengurusi pencemar lingkungan dan mengurusi ikan sapu².,Positif
Saya beli ikan sapu-sapu dari kecil hingga besar sekarang ini untuk di aquarium. Ikan sapu-sapu saya gabung dengan ikan emas dalam 1 aquarium. Dan dia tidak memakan ikan emas saya sampai sekarang malah hidup berdampingan. Fungsi ikan sapu-sapu ini kalau di aquarium untuk memakan lumut lumut yang menempel. Dengan kata lain dia membersihkan kotoran yang menempel dalam aquarium. Alhamdulillah sekarang makin besar dan aman aman saja dengan ikan lain saya.,Negatif
"dibilang hama, tapi cuman mereka ikan yg bisa bertahan di air keruh, bertahan di air yg bercampur dengan sampah' bertahan melihat tempat tinggal mereka dihancurkan, (kenapa ikan ini semakin banyak ya karena cuman mereka yg bisa bertahan)(kenapa ikan lain tidak banyak lagi ya karena mereka sudah tumbang di hantam air bercampur sampa sampa) cuman ikan ini yg mampu bertumbuh dan berkembang biak dengan pesat di sungai yang kotor, sedangkan ikan lain mana bisa",Negatif
We (Humans) are an evil species,Netral
"Klo semisal nih ya, emang dh abis ikan sapu2nya... Nnti di taro lah ikan asli indo atau yg ga invasif, emang idup? Hahaha",Negatif
"Mereka memang invasive species artinya buka bagian asli dr ekosistem lokal. Tapi kenapa mereka bisa sampai sini? Tentu saja, dibawa oleh manusia itu sendiri. Jadi yg harus diperbaiki itu adalah tanggungjawab manusia.",Negatif
"Sama halnya larangan penggunaan tas plastik (kresek) di beberapa tempat tertentu, atau slogan mengurangi penggunaan plastik untuk bumi yang lebih sehat, tapi kenapa pabrik plastik masih dibuka? Kenapa tidak ditutup saja kalau memang tujuannya adalah bebas plastik demi bumi yang lebih sehat😢",Netral
"Kalau sapu2 d brantas kira2 ikan asal bakal balik lgi?, kalau sungainya aja udah coklat bau bahkan sampek item? Mending kembalikan kondisi sungainya dulu gk sih, sampahnya, baru nanti d kasih bibit ikan asal mungkin bakal bisa, sambil kurangin sapu2, Terus dri pada mbg mulu, coba tiap rt pemuda pemudi itu d kasih kerjaan sampingan ambilin sampah tiap hari d rumah2 tugasnya tiap rt, biar minimalisir kebiasaan buang sampah yg gk pada tempatnya, karna masyarakat ini sudah terlalu malas melangkah buang sampah pada tmpatnya, anak sekolah juga bisa d tugaskan, bisa jadi kegiatan + dapat upah + generasi selanjutnya jadi sadar akan pentingnya kelola sampah, banyak kan untungnya, udah d gaji jdi kegiatan ,ngerubah generasi selnjutnya ,",Negatif
"Alasan aja di anggap hama! Yang benar itu diburu untuk dijadikan makanan olahan! Padahal ikan ini bahaya jika dikonsumsi karena ikan ini terakumulasi logam berat berbahaya seperti merkuri, timbal, arsenik, dan kadmium. Zat-zat ini sulit terurai, bersifat karsinogenik (pemicu kanker), dan berisiko merusak organ dalam! 👍🏻",Negatif
Sapu sapu = indikator,Netral
"Dia ikan amazon, di sini nggk ada predator alami nya, yang jahat emng manusia yang ngelepas disini",Positif
kalo ikan sapu2 punah maka ga ada lagi yang bersihkan limbah di sungai ..,Positif
"Maaf yaa ikan sapu-sapu, aku sempat suuzon sama kamu",Negatif
"Setuju, sy ga prnh like postingan berburu ikan sapu2 kmrin, krn ga tepat & ga nyelesaikan masalah",Negatif
kasian banget ikan tapi jadi kambing hitam,Negatif
"It's both, we need to fix both",Positif
"Udah termasuk hama, memang kalo jumlahnya kecil ya ga masalah, tp udah invasif sekarang. Bisa ngerusak struktur sungai juga. Udh mana gabisa dimakan kan",Positif
"Ikan sapu"" membersihkan sungai dari logam berat yang disebabkan oleh pencemaran limbah yang dilakukan oleh manusia.. tapi mereka dibantai secara massal... manusia tidak tahu berterimakasih...",Negatif
"Statement ini menurutku cuma nyinyiran orang yang ga ada pergerakan , mengomentari perjuangan orang-orang yang sedang berusaha menyelamatkan alam. Coba tengok
 @pandawaragroup @ariefkamarudin dan banyak konten kreator dimana mereka membersihkan sampah, mengontrol populasi, menebar benih ikan, dsbg.
 Kita sadar kegiatan ini ga akan selesai selama seluruh rakyat dan pemerintah belum sadar dan bergerak, tapi kami tidak bisa tinggal diam melihat alam yang semakin terluka.",Positif
Yang menyebabkan kerusakan itu MANUSIA!,Negatif
Sungguh biadab.,Negatif
"Yang paling sedih ketika banyak mereka di luar sana malah menyiksa ikan ini dengan ditusuk², dibakar, dijadikan eksperimen amoral, lalu tetap dibiarkan hidup sambil menahan perih atas luka yang diberikan. Setidaknya langsung bunuh aja gila",Negatif
"Sejak ada berita ikan sapu-sapu, Aku GK percaya ciptaan Allah bernama ikan sapu-sapu ini cuma punya fungsi merusak ekosistem. Pasti dia punya fungsi lain yang manusia abaikan ",Negatif
"Sama hal nya dengan para kera dan satwa liar lainnya hidup di area lereng gunung yg disebut hama oleh petani, padahal manusia yg menjajah tanah mereka, bahkan diburu, ditembak mati, diracun & dilempari petasan. Rumah tempat mereka hidup dijadikan resort, homestay, dll. Area dimana mereka menyimpan cadangan makanan dibabat habis untuk pertanian & program ketahanan pangan",Ngeatif
Jika di lihat dari sudut pandang air sungai.. manusia adalah predator.. dan ikan sapu sapu adalah korban yang bertahan hidup hingga akhir (bahkan mereka masih punya tugas untuk meminimalisir pencemaran air sungai) dilihat dari fungsi ikan sapu sapu yaitu pembersihan kotoran di air 😊,Negatif
Semua ciptaan Tuhan itu gak ada yang gak berguna gak sih?,Nteral
"Perusak lingkungan terbesar d dunia itu manusia, bukan hewan. Hewan tidak di beri akal.",Negatif
"Ikan sapu2 padahal kalo sungai nya bersih daging nya memang bener2 enak. Cuman walaupun ukurannya besar TPI dagingnya hanya sedikit di bagian punggung.. cara mengolah nya pun terbilang cukup mudah saja ,, pukul kepalanya saja sampai ikan bener2 lemas. Barulah siapkan air panas 1 ember lali Cemplungkan ,sampai kulitnya yg hitam itu berubah warna jadi putih,, ingat jangan kondisi hidup2 ketika di Cemplungkan ke air panas (terlalu menyiksa) .",Negatif
Keliatan banget tololnya para pejabat,Negatif
Ikan sapu sapu juga berhak hidup kan,Negatif
Tunggu kita liat pas ikan ini ilang di sungai dan keadaan makin parah,Negatif
"Ganti parlemen nya, bukan rakyatnya",Netral
"Memang sungai kita sangat ter cemar oleh limbah pabrik-pabrik nakal. Tapi memVonis Ikan sapu-sapu sebagai hama itu juga tidak sepenuhnya salah, dan memang salah satu makanan ikan sapu-sapu itu telur-telur ikan lokal.
 
 Saya tetap mendukung untuk depopulasi ikan sapu-sapu, namun juga mendorong pemerintah untuk menertibkan pabrik-pabrik yg masih tidak mengelola limbah nya dengan benar.",Positif
Yg hama itu manusia yg udh merusak ekosistem dengan limbah pabrik dibuang disungai,Negatif
"Ini yg saya ingin ungkap.. Di vt sebelah, saya malah di kata katain krn membela ikan ini. Knp skrg sy mengerti knp Nabi Nuh lebih banyak menyelamatkan Hewan daripada Manusia.",Negatif
Ikan lain mati karena sungai tercemar limbah eh sapu2 yang di anggap salah,Negatif
"Telah tampak kerusakan di darat dan di laut disebabkan perbuatan tangan manusia, supaya Allah merasakan kepada mereka sebagian dari (akibat) perbuatan mereka, agar mereka kembali (ke jalan yang benar).",Netral
"postingan admin ini mengambil sudut pandang moral dan etika, yang memang terasa menyentuh karena menyebut ikan ini sebagai ""korban"". namun, jika kita melihat dari kacamata ekologi (keseimbangan alam) dan fakta lapangan, statement di gambar bilang mereka c",Positif
Manusia terll sok pintar y gini.... klw memang ikan ini 60% menguasai sungai. Kayaknya rata rata 60% sungai yg memang tercemar limbah d maksdnya... buktinya sungai di Jepang yg bersih gk ada ikan sapu sapu,Negatif
"Pada ngerti gak sih , ini ikan sapu sapu tuh kalo di biarin ikan lokal gak bisa bersaing karena ikan sapu sapu suka makan telur telur ikan lokal yang ada di dasar sungai atau danau. Misal kan nih kita biarin ikan sapu sapu beranak, dan mereka makanin telur telur ikan lain, siapa yang di salahkan kalo ikan lokal makin sedikit",Positif
"bukti licik dan munafiknya negara ini, sampe ikanpun dijadikan tersangka. Otaknya ingus semua isinya ya gini.",Negatif
"Min, narasinya bagus, tapi coba baca lagi soal “spesies invasif” deh :) Please. Jadi seminimal minimalnya kalian tau ini Ikan ga ada predator alaminya di Indo. Pembasmian ikan ini bukannya tanpa alasan. Terlihat aneh kalau dilakukan di tempat yg airnya sudah tercemar berat, tapi ini tetap wajib dilakukan mau dia di perairan bersih maupun tercemar.",Positif
Intinya ikan sapu2 d fitnah.... sungguh tragis....,Negatif
"Aku juga sempat berfikir ""emg iya ikan sapu-sapu merusak ekosistem? Buktinya di aquarium dia yang menjaga ekosistem, membersihkan lumut², menjaga air tetap steril. Emg sih dia ada makan ikan lain tapi itu kan kehidupan hewan, memang seharusnya begitu",Negatif
Foto slide pertama bukan sapu sapu,Netral
Sejarah ikan sapu-sapu itu berawal dari mereka yang kaya yang ingin pabrik nya dan usahanya itu lancar mereka membeli ikan sapu-sapu itu di Brazil. SUNGGUH MIRIS !!,Negatif
Yaa Allahhh aku minta maaf sama ikan satu-satunya,Netral
"Sungai yg tercemar karena limbah industri dan rumah tangga, itu memang benar sebuah masalah, dan harus segera diambil tindakan.. Tapi keberadaan sapu-sapu di perairan sungai Indonesia juga adalah masalah.. Di daerah lain yg sungainya tdk tercemar, keberadaan ikan ini benar2 ancaman bagi ekosistem lokal..",Positif
"Ikan sapu juga korban dari tidak ""tanggung-jawab""nya orang endonesa.",Negatif
mereka hanya berusaha kuat disaat semua sudah punah,Negatif
"Sistem pembuangan rumah tangga yg harus dibenahi. Pernah nonton acara tv di jepang, sistem pembuangan rumah itu ada beberapa. Pembuangan dari kamar mandi (kecuali toilet), mesin cuci, dapur, itu jadi satu ke filter baru dibuang ke selokan. Jadi air pembuangan yg ke selokan bersih...dan itu aturan pemerintah setempat, jadi semua rumah wajib punya sistem itu...",Negatif
"Setuju sebagian, tapi ini terlalu disederhanakan.
 Ikan sapu-sapu memang bukan penyebab utama, itu jelas karena limbah manusia. Tapi mereka juga bukan sepenuhnya korban, karena termasuk spesies invasif yang tetap merusak keseimbangan ekosistem.
 Jadi masalahnya dua arah, manusia merusak, ikan ini memperparah.
 Solusinya juga harus dua-duanya, bukan pilih salah satu",Positif
"Karna rakus,haus akan kekayaan,kalau yang di tutup akar masalahnya nanti ngga ada masukan lagii",Netral
"Pelajaran IPA/biologi yg aku pelajari ttg rantai makanan, yg bertahan hidup adalah yg kuat . Yg lain tersingkirkan Krn sumber makanan sudah menipis, mati Krn kondisi atau di mangsa predator. Ingat bgt pelajaran ipa prediksi ttg di masa mendatang populasi kupu2 hitam akan lebih banyak dibandingkan dgn yg putih Krn yg putih warnanya kontras dgn lingkungan yg terpapar polusi sehingga mudah di mangsa predator, sedang yg hitam berkamuflase dgn pekatnya polusi sehingga tak terpantau predator, cmiiw. Dan iman sapu2...bukankah ia di cipta utk penyelamat sungai yg kotor membersihkan segala yg ada disana, populasinya bertambah mgkin karena hanya ia yg bertahan hidup dan sumber makanannya semakin banyak. Cmiiw... RIP ikan sapu2 😢",Negatif
"sekarang hukum di tumpulkan ke pemilik pabrik yang masih mengepul, lalu di tajamkan ke hewan yang tak tau apa"" tentang kebobrokan hukum di negri konoha.",Netral
Dan ini yg sempet jadi obrolan lama dan deep kita saat itu @zdtsqf10,Netral
Saya harap ikan sapu-sapu ada di kantor DPR !!!,Negatif
"Ikan Sapu adalah indikator bahwa sungai itu Kotor dan Ikan itu punya peran untuk membersihkan, tapi manusia salah memahaminya malah ikan ikan itu dibinasakan.. seperti tanaman kecubung yang punya peran dan tugas untuk menyerap segala racun yang mengkontaminasi tanah semoga semua mahkluk berbahagia",Negatif
"Larangan Menyiksa (Prinsip Ihsan): Islam melarang keras menyiksa hewan, termasuk ikan sapu-sapu, meskipun ia dianggap hama atau invasif. MUI menegaskan bahwa membunuh hewan harus dilakukan dengan cara yang tidak menyiksa.
 Larangan Mengubur Hidup-hidup: Mengubur ikan sapu-sapu dalam keadaan masih hidup bertentangan dengan prinsip rahmatan lil 'alamin (kasih sayang bagi alam semesta) dan kesejahteraan hewan.
 Pemanfaatan yang Baik: Dibandingkan memusnahkan dengan cara menyiksa, Islam mendorong untuk memanfaatkan ikan tersebut jika memang harus dibasmi, misalnya untuk pakan ternak atau diolah dengan cara yang benar jika layak konsumsi. 
 ￼YouTube +6
 Secara keseluruhan, ikan sapu-sapu adalah bagian dari ekosistem yang diciptakan Allah. Islam menekankan agar manusia berbuat baik (ihsan) terhadap semua makhluk, termasuk dalam metode pemusnahan hewan yang merusak lingkungan.",Negatif
Gimana klo ikan sapu sapu adalah penyelamat terakhir lingkungan.,Netral
Tuhan menciptakan makhluknya pasti ada manfaatnya..,Netral
"Alam pada dasarnya diciptakan seimbang, jika ada ketidakseimbangan yg signifikan seperti ini tandanya memang ada kesalahan manusia dalam tata kelola nya.",Nteral
"Heran sumpah sama orang2 di atas sana, belajar biologi ga sih? Belajar biokimia ga sih? Dengar berita ini pun aku aneh banget rasanya. Kenapa aneh? Karena regulasi limbah di indonesia masih ga sesuai dgn kenyataannya dilapangan. Terlepas dari masyarakatnya yg masih buang sampah sembarangan, tinggal di bantaran kali dll, air limbah domestik pun belum tentu diolah dengan baik, apalagi utk pemukiman kecil, mana ada wwtp nya. Ya Allah, semoga kelak kita dipimpin oleh orang2 yang cerdas, objektif, baik dan amanah. Aamiin",Negatif
Korban. Dia makan limbah hasil keserahakan manusia,Netral
Ikan aja ga selamat dari fitnah dunia apalagi Manusia,Negatif
Kalo di IPA ada yang namanya rantai makanan. Nahhh predator yang tugasnya makan ikan sapu sapu ini udah mati duluan karena ekosistem yang sudah rusak. Semua ini karena manusia !,Negatif
dari awal berita ini aja udh gk masuk akal klo ikan sapu2 itu hama. pdhl ikan sapu2 terkenal pembersih lumut. dlu nyari ikan sapu2 tuh susah cuma buat di taroh di akuarium biar gk cepet lumutan,Negatif
"Betul,, Manusia itu Sendiri lah yang Hama, Serakah dan Dzolim",Negatif
"Allah menciptakan makhluknya dg kapasitas masing” berperan dlm menjaga keseimbangan alam dan habitat ekosistem secara alami.. yg tdk bs menjaga ekosistem alami terkadang justru makhluk berakal yg bernama manusia itu sendiri😢 sudah lah dtk mampu menjaga habitat air, ikan pula kena fitnah..ironinya sapu” 😢",Netral
Tidak usah di jelaskan lagi semuanya udah tau tapi malu untuk mengaku,Negatif
Padahal dia juga sama2 pingin idup se olah2 dunia ini hanya milik manusia .jangan sampai lupa ya.. kita sama2 makluk hidup,Negatif
Semua keresahan yang ada di pikiran saya tentang ini alhamdulillah ternyata ada yang sepemikiran juga dan tersampaikan dengan sangat baik pula oleh @ruang.dialog.co .,Negatif
sudah kubilang mending bersihin sungai ny dulu dari pd ngurus sapu sapu tpi sungai ttp kotor,Negatif
Ada efisiensi untuk pembuangan limbah pabrik ga sih sebenernya,Netral
Manusia juga sama hamanya kek sapu sapu tapi gaada tuh yang berani nangkepin,Negatif
Lebih masuk akal sih. Lebih tepat nya ada faktor perusak lainnya,Negatif
"Padahal yg mencemari lingkungan adalah hasil pabrik2 yg menyogok pemerintah membuang limbah sembarangan,,,",Negatif
"ikan sapu disini sebagian ada yang mati karena air sungainya, adapun yang mati karena akibat penyusutan air sungai, sehingga dia terdampar dipinggiran
 
 namun perlu teman2 ketahui, sangat banyak ikan sapu2 disini yang mati karena air sungai tsb, so kami sangat setuju terhadap seluruh pihak yang saat ini sedang mengontrol populasi ikan invasif ini
 
 kami sangat mengapresiasi juga aksi dari bang @ariefkamarudin dan kawan2 lainnya yg saat ini sedang melakukan gerakan yang sama",Positif
Bang btw itu daerah mana ya? Terus sekitar sungai itu apa banyak pabrik yang buang limbah ke sungai?,Netral
"Bang mohon ijin, itu bambu2 atau sampah yg nyangkut di tiang penyangga jembatan kalau bisa dibersihkan bang kalau debit air besar datang bisa menambah beban dorongan di tiang penyangga, barangkali tiang penyangganya gak kuat",Netral
"Majuuu terussss pandawa group, semangattt",Positif
"sidikit info: jika ada sungai yg bahkan ikan sapu"" aja bisa mati disana separah apa kondisi sungai itu. 
 Jika ikan sapu-sapu sampai mati di sebuah sungai, itu tandanya kondisi airnya sudah dalam tahap kiamat ekologis. Ikan ini adalah ""benteng terakhir""; kalau mereka saja menyerah, berarti:
 Nol Oksigen (Anoksik): Kadar oksigen di air benar-benar habis, bahkan sistem pernapasan ganda mereka tidak sanggup lagi mengambil oksigen.
 Limbah Kimia Ekstrem: Air mungkin mengandung zat kimia korosif atau beracun (seperti merkuri, timbal, atau asam kuat) dengan konsentrasi yang sanggup menembus kulit keras mereka.
 Suhu Terlalu Tinggi: Air mungkin terkena polusi panas (termal) dari buangan industri yang membuat protein di tubuh ikan ""matang"" seketika.
 Bukan Lagi Air: Konsistensi sungai mungkin sudah lebih mirip lumpur limbah pekat daripada air, sehingga insang mereka tersumbat total.
 Singkatnya, sungai itu sudah jadi zona mati yang tidak bisa mendukung kehidupan makhluk hidup apa pun.",Netral
Parah nya sungai2 Indonesia,Negatif
Ikan sekuat itu pun mati,Negatif
Padahal Ikan sapu2 bisa dimanfaatkan buat program MBG untuk para napi Koruptor.,Negatif
"Kak, tapi ikan sapu2 itu kalo di darat emang kayak mati. Tapi kalo dikasih air idup lagi dia. Jd belum tentu yg keliqtqn mqti itu beneran mati ",Netral
Ikan sapu2 buat pakan ayam bisa ga?,Netral
Bukan ikannya gak bisa bertahan tapi ikannya terjebak saat banjir gimnaa dah,Netral
pasti airnya juga bauuu bngt,Negatif
Air nya lagi surut itu.,Netral
"Yg dikendaliin ikan sapu2 trus, pencemaran lngkungan bodo amat",Negatif
"Itu gak mati mau 1 bulan dia gk kenak air,ttp hidup kalo di balikan ke air lagi,karena ikan sapu-sapu kuat adaptasinya",Netral
Itu karena airnya surut terlihat tidak berdaya tapi kasih masuk air dia sehat lagi,Netral
"Kalau masih ditemukan baby di sungai tersebut berarti dia sudah berhasil survive. Tinggal tunggu anakan yg lebih ""fit"" sama lingkungan tercemar itu jadilah populasi yg lebih kuat.",Negatif
Bahkan ikan sapu-sapu tak lagi bisa menyapu,Negatif
Itu bukan karna ada orang jala ikan trus dapet sapu² dan dibuang di pinggir kan?,Netral
masih hidup itu ikan nya kalo kena air aja hidup ituuu,Netral
"Coba taro ke air LG, kayanya hidup LG dah saya pernah coba sapu sapu yg udah kering di tambak, saya kasih air dia hidup lg",Netral
Itu belum mati bg,Netral
"Itu kayanya bekas orang nyari ikan ga sii, karena emang ditempat ku beberapa kali sungai itu kecolongan limbah pabrik. Ikan ini tetep HIDUP",Netral
"Diksi & narasi na benerkeun. Ngangkat isu pencemaran mangga, tapi ulah giring narasi kalo sapu"" Ga bisa survive karena udah terlalu tercemar. Bukti nya kurang konkret, ulah pendek teuing gara gara ninggal nu di sisi hungkuk",Negatif
"itu bukan ga survive, tp kena banjir itu ikan jd kepinggir ga kena air lagi . kalo dia di air juga fabakal mayi",Netral
Dia cuma pura-pura mati itu kayanya bang biar di tolongin coba deh kasih air lg,Negatif
PT2 bandel buang limbahnya kacau bat,Negatif
Coba masukin lagi ke dalam air,Netral
Apakah bentar lagi ikan sapu² di sungai ini dicanangkan butuh MBG?,Netral
"Sebenernya omongan @pandawaragroup itu ada yg lebih bahaya perusak ekosistem bukan ikan sapu"" tapi manusia , tapi manusia malah playing victim seolah"" sapu"" lah yg salah,",Negatif
"@wirs.abd.fatah. apakah ikan sapu"" bisa kembali ke air setelah air naik? simpulkan: Ya, ikan sapu-sapu bisa kembali ke air dan hidup kembali setelah air naik, bahkan jika sebelumnya ikan tersebut tampak kering, kaku, dan tidak bergerak di daratan atau lumpur kering. Adaptasi ""Hibernasi"" (Aestivasi): Saat habitatnya mengering, ikan sapu-sapu dapat bertahan hidup dengan masuk ke fase hibernasi di bawah lumpur basah atau kering.
 Ketahanan Tanpa Air: Ikan ini mampu bertahan hidup di luar air (di udara terbuka) selama 3 hingga 30 jam, bahkan bisa lebih lama jika masih dalam lumpur basah, karena mampu bernapas menggunakan perutnya (pernapasan usus).
 ""Hidup Kembali"" dengan Air: Ketika hujan turun atau air kembali naik, ikan sapu-sapu yang terlihat kering/mati dapat aktif kembali hanya dengan percikan air.
 Perilaku Aktif: Mereka dapat menggeliat atau bergerak di sungai yang kering untuk mencari tempat yang lebih basah sebelum air benar-benar naik kembali. 
 Kesimpulan: Ikan sapu-sapu memiliki kemampuan adaptasi luar biasa yang memungkinkannya bertahan dalam kondisi kering dan kembali beraktivitas Netral saat air kembali tersedia. gimana kamu jelasinnya kalo bukan penjelasanku sebelumnya, aku nyari dari google,👍",Negatif
Yang harus dibersihin keknya yang mencemari deh,Negatif
"Bukan gabisa survive karena pencemaran bang, itu dia terdampar",Netral
Bukan nya itu gara² air nya surut ya?,Netral
Bebi sapu2 ya masih hidup ya? Tadi kayak gerak2,Netral
"Dulu aku pernah melihara ikan sapu²pas kecil, mana aku bilang lucu lagi ikan nya",Netral
Siram pakai air BG bisa hidup lagi itu ikan sapu sapu nya,Netral
Itu bukannya ga di air? Atau itu masnya ambil yang mati dari dalem air?,Netral
Pr urgent buat pemerintah soalnya airnya udah tercemar,Positif
Saking kotornya,Negatif
Bahkan ikan immortal kayak sapu sapu aja gk bisa hidup disungai itu,Negatif
"Harusnya kalo kalinya tercemar semua ikan sapu2 matinya ngambang dong, bukan terdampar gitu?",Netral
Ikan sapu-sapu tidak akan mati walaupun di sungai yang sangat kotor mas,Netral
UDAH TAU TERCEMAR. SITU PAKE BAJU SEADANYA. TERUS ORANG2 KEMENTRIAN ATAU DINAS LINGKUNGAN HIDUP NYA KMNA. KAN BISA TELUSURIN DENGAN SUSUR SUNGAI. KYA GINI MAH BAKAL BERULANG TERUS LAH.... PEJABAR NYA KERJA CUMA MALAKINAJA TAPI GAK ADA ACTION.,Negatif
"Kita Menanam Singkong, Siapa Yg Asal Usulnya Singkong, Siapa Yg Asal Usulnya Ubi",Negatif
"Komentar nya miris banget ya bang @pandawaragroup , yang dibahas tentang pentingnya menjaga sungai dan kenapa matinya ikan sapu sapu tapi, oknum oknum itu malah bahas tentang mbg miris banget ya",Positif
Kalau itu Bukan karena sungainya bro. Tapi karena air surut. Itu pun ikan sapu2 bisa bertahan 1 minggu tanpa air. Walaupun sdh kondisi sekarat.,Netral
Jual aja bang ke tukang somay,Negatif
50 tahun di biarkan dan mereka berevolusi,Negatif
"Sebenernya DKI gak buru sapu sapu , kan bantu sungai DKI dari pencemaran ..., bahayanya gak bisa di makan ikannya",Negatif
kemarin ada yang bilang katanya kalo sungai bersih sapu sapu akan berkurang,Netral
Patahin donk bang,Negatif
saking kotor nya ya,Negatif
"Track sungainya, selidik pabrik pabrik disekitarnya. Kita memang perlu industrialisasi tapi ga gini juga kali.",Negatif
Cba kasih air bang hidup lg dia,Netral
Itu karena kejebak di daratan,Netral
"Di aquarium, ikan sapu-sapu malah nggak suka airnya bersih. Malah mati trus tulangnya utuh aja nggak hancur, jadi fosil.",Netral
"Kak, ikan sapu sapu itu ikan yang paling bandel, dia hanya kekeringan, kalau direndam ke air 10-20menit mereka bakal sehat lagi ",Netral
Kaaang kalo upaya pemberian ecoenzym pada air sungai gmn ya? Apakah benar efektif? Jika ya efektif apakah Pandawara berkenan mencoba..,Netral
"asli pengen gabung dan ikut bersih bersih sungai sama pandawara grup, tapi komen ku gapernah di respon ",Positif
"Itu bau banget, tahan banget nyium baunya",Negatif
"Sedih yaa, dulu kecil ku klo ke kali masih gampang cari ikan, bahkan di sawah yg air nya terbatas pun masih banyak nemu ikan,, ",Netral
"Sekalinya ada yg bisa bertahan di sungai itu, nantinya jadi Godzilla",Negatif
Perbuatan terpuji ananda.. terus berbuat baik untuk alam,Positif
ga terlalu rame tapi 𝙺𝙰𝙳𝙰𝙻4𝙳 malah enak,Negatif
"Itu blm mat1,,,",Netral
Ini sungainya dimana ya?,Netral
Itu gk bisa kembali ke air karna bekas banjrr,Netral
Hmm kayaknya bukan karna gak bisa bertahan tapi karna surut. Karna kalok gak bisa bertahan ya posisi kenapa banyak yang besar.,Netral
Trus kaget d indo byk anak muda yg mati spontan,Negatif
Bang itu nggk mati bang,Netral
Kek nya itu mati gegara emang ga ngikut air. Soalnya itu airnya surut,Netral
"Kenapa sibuk urus ikan, padahal masalahnya di cemaran lingkungan",Negatif
Kalo airnya naik ikan sapu sapu itu bisa idup lagi bro percayalah,Netral
"Logikanya, secepet apa air surut sampe si ikan gk keburu ngejar air.",Netral
Itu kalo dimasukin air idup lagi,Netral
Inilah cerminan salah satu kota besar di indonesia,Netral
Lebih meresahkan prabowo ma tedybotita,Negatif
"Di Amazon populasinya terkendali. Ada piranha, buaya, biawak, berang2 yg jadi predator sapu2",Netral
Ikan sapu-sapu bahasa inggrisnya apa?,Netral
Ya seharusnya tidak dimusnahkan begitu saja. Tuhan tidak menciptakan sesuatu tanpa alasan.. mungkin bisa dijadikan pupuk atau yang bermanfaat lainnya... seperti sampah tang ternyata bisa di jadikan energi alternatif,Negatif
"Ternyata tenaga lokal terancam, susah bersaing dengan tenaga asing",Netral
Mending d olah jdi makanan kucing pa anjing,Negatif
"itu klo cuma dipendam ditanah, klo digali trus ditaruh aer dia idup lagi, bner2 bisa survive d kondisi ekstrem, dah bner yg di vedio itu pda dibelah2in",Negatif
Ikan yakjud makjud,Netral
"Yg salah kan manusianya, bkn ikannya... Ikan kok disalahin... Malah disebut penjajah lagi... Narasi anda sngt provokatif min, sngt ga mungkin tuhan menciptakan ssuatu malah merugikan... Terkecuali ada kesalahan dlm penanganan.",Negatif
Seketika teringat harga siomay 1000/pcs…,Negatif
Bikin somay aj terus di jual. Yg penting bukan kita yg makan,Negatif
dosa gak pak ustad?,Netral
Dimanfaatkan jadi pupuk organik alami bisa menyuburkan tanah dan tanaman.,Positif
"Di habitat alaminya di Amazon ada predator alaminya shg perkembangbiakannya bs terkontrol sdngkan di sungai Indonesia, hampir tdk ada predatornya shg pertumbuhannya tak terkendali. Dia memakan ikan2 kecil dan telor2 ikan lokal.",Positif
Untuk sungai Jakarta ikan sapu-sapu bukan hama tapi ikut membersihkan sungai. Sungai Jakarta ikan apapun ngak layak dikonsumsi.,Positif
Potong potong kasih makan ke penangkaran Buaya..,Negatif
Predator nya tukang somay,Negatif
Kerang aja dimakan.....sama juga di dasar,Netral
Ikan sapu-sapu ibarat MBG yang merusak UMKM lokal. Setuju gak?,Positif
setuju. & @majelis.ulama.id @majelisulamaindonesia turunkan tim untuk pastikan tiap ikan mati sebelum dikubur,Positif
Ekspor ke Amazon. Orang sana katanya jadi santapan lezat.,Negatif
Siapaaa yang pertama kali ngideee bawa ikan ini dr Amazon,Negatif
"Sebenarnya yg merusak ekosistem bukan hanya ikan sapu2 tapi sungai yg banyak sampah,kotor juga salah satu penyebab nya...kalau hanya memusnahkan mereka tanpa membersihkan sungai dari sampah ..sama saja sia2",Negatif
Kalo bisa keduanya akan lebih baik.. Memusnahkan ikan sapu² dan mengelola sungai dengan bersih agar ikan lokal bisa bersaing,Positif
hutan amajon,Netral
Ikan ini kayak agama isis itu yg ajarannya bunuh orang dapat 72 bidadari dan nyembah batu 5x sehari kalau di masyarakat manusia wkwkwk,Negatif
Ya udah bener di habisin sapu2 nya. Biar ikan asli bisa kembali. Ikan asli yg lebih enak rasanya dan lebih banyak daging nya.,Positif
"Tapi mungkin gak sih anak"" muda jaman skarang banyak terjangkit penyakit berat krna mungkin gatau bahan makanan yg mreka makan .. soal nya se tau aku kasus ikan sapu"" jadi bahan baso ikan , somay & cuanki tuh udh dr jama dulu bgt .. aku liat brita d tv .. sbelum teknologi semaju skarang ..",Positif
"Di malaysia kalau ditangkap, 1 kg dibayar rm1 sama majlis lokal, sungai2 malaysia juga bnyk ikan ini, yg ditangkap diproses buat baja dan makanan haiwan lain",Positif
"Baru sadar pas KKN banyak banget anakan ikan ini di sungai bahkan di selokan depan rumah, ikan ini ga hanya berenang, tapi juga suka bermain di daratan tepian sungai / selokan",Netral
Ikan lokal EMG tidak tercemar? Bertanya lembut,Netral
"""Ikan lokal bisa bersaing"",, bisa.. Latih mreka dengan disiplin, kerja keras, makan teratur, olahraga rutin..",Netral
"Tidak boleh membunuh dengan api kecuali Rab nya api
 Al hadist",Negatif
Coba ikan lokal nya dapat MBG psti tetap kebagian makanan ,Netral
"Mungkin,ada baiknya dihancurkan dengan mesin penggiling kemudian bisa dicampurkan dengan pupuk organik,agar bisa lebih bermanfaat secara ekonomi. Tapi,itu hanya pendapat saya saja.",Positif
Jadi pupuk,Netral
Menjaga ekosistem agar lebih stabil menurut pendapat saya mah min. Saya gatau tapi kayanya jika ikan sapu sapu musnah pasti ada aja dampak bagi lingkungannya. Jadi solusinya adalah mengendalikan agar tidak banyak,Positif
"Kenapa ga dijadikan bahan paving block aja, masa gitu aja kalian gak kepikiran, payah banget !",Negatif
Dulu di film hidayah ikan ini dibikin somey,Negatif
Bisa diolah untuk pupuk atau pakan ternak,Positif
"Semoga gada yg berniat dibuat lebih berguna, ketika ikan ini punya value, bisa jadi nanti dibudidayakan",Negatif
".., di negara Meksiko ikan sapu2 diolah menjadi makanan kucing dan anjing., di ekspor ke Amerika telah menghasilkan jutaan dollar. Coba browsing di Google atau Ig ..  utk sekedar pengetahuan. ",Netral
Bisa jadi pakan ini.... Dijadikan glower,Positif
"Sapu2 juga berguna kawan, cek postingan kami",Negatif
"GREGETT BGTTT PAS VIDEO KEDUA,, pen gue tangkepin",Netral
"bagusnya taruh di laut, biar bisa bersaing sama mbak roro",Negatif
Lebih susah basmi koruptor ya dibanding ikan sapu-sapu? ,Negatif
Di Indonesia Masih lebih banyak MONSTER DARAT yg harus di basmi! ,Negatif
Ikan lokal habis bukan karena sapu sapu tapi karena tidak tahan dengan pencemaran air dan diburu terus tanpa pelestarian. Kalau memang serius mau berantas sapu sapu lebih baik angkat dulu ikan/hewan endemik kita dalam jumlah banyak lalu beri racun ikan sungai nya atau di setrum saja kemudian setelah airnya aman dan steril masukan kembali ikan/hewan endemik kita dan berikan larangan serta pengawasan untuk dilarang menangkap ikan/hewan endemik dengan cara apapun untuk pelestarian.,Positf
"Daging nya di jual ke pedagang Siomay,Dimsum, utk di campur dgn daging lain",Negatif
tim musnahkan sapu2,Positif
Benaaar,Positif
tapi telurnya bermanfaat,Negatif
"""Tidak boleh menyiksa dengan api kecuali Rabbnya api (Allah)."" (HR. Abu Dawud, Bukhari).",Negatif
Balikin lg k amazone,Netral
"Mana bisa Israel diajak diskusi bang ,",Netral
"Buat konsumsi meetingnya pejabat, dibikin sushi gitu cocok kayanya campur saos andalan MBG @myumnamaj @pafsipaisal_",Negatif
"Sebenarnya kalau disana itu karena airnya g tercemar, ikannya aman dikonsumsi.. sayangny kalau di indonesia dia itu menimbun limbah yang menyebabkan bahaya kalau dikonsumsi...",Positif
Ikan lokal bisa bersaing pertanyaan bodoh di akhir kalimat,Negatif
"dijadikan pelet dan buat pakan ternak, terutama unggas ",Positif
Serem ikannya,Negatif
Ikan hama,Negatif
Kalau yang piara di akuarium gimana tuh ya sekali bertelur bisa ratusan,Netral
Iiihh jijik bnget sama ikan jelekk ini benciii,Negatif
jgn d bakar dan d kubur..d ksih untuk umpan lain bisa ngj,Negatif
Ky org israel,Negatif
Dibuat pakan lele bisa ini,Netral
"Tuhan sudah mengatur begitu sempurnanya ekosistem di alam dunia, agar kehidupan ini balance. Tapi pintarnya manusia sudah merasa mengalahkan sang pencipta. ""Satu saja rantai ekosistem dimusnakan,percayalah alam dan manusia akan hancur."" tuhan tidak menciptakan yg tdk berguna dimuka bumi sekalipun itu hama sprti yg manusia sbtkn. Terdengar lucu tindakan kita yg menyalahkn ikan sapu2, pdhal ikan sapu2 gk ngapa2in. Tp kitalah perusak ekosistem sungai. Buang sampah sembarangan, limbah detergen,blm limbah2 pabrik, sungai jd pekat dan bau. Tidak ada ikan lokal yg mampu bertahan dlm kejamnya kehidupan akibat ulah kita manusia. Tp justru sisi baik Tuhan msh ditunjukan, bhwa hanya ikan sapu2lah yg mampu bertahan hidup diatas ego kita manusia.",Negatif
Gak bisa diolah jd makanan kucing?,Netral
Hahaha skrng sengaja di lepas di Samosir biar jaga ekosistem ktnya ,Negatif
Ayo sisir terus kali dijakarta biar abis ni ikan,Positif
Dulu aku kenal ini dengan sebutan Ikan Indosiar,Netral
taiiiiiikkkkkkkkkkkkkkl.......ada proyek besar apa an dibalik pemusnahan ini ikan,Negatif
"Demi Allah, dulu pulkam pernah pas pasan waktu lagi bersihin saluran air besar di dkt rumah. Bnr bnr ikan sapu sapunya sepanjang jalan, ta bakar pun pas padam idup lagi diaa. pernah aku colok dr mata ke buntut dia msh idup jugaa, yaa kabur lah aku",Netral
Bentuknya aja serem gitu,Negatif
Untuk mkn ternak aja,Netral
Israhell dlm bentuk ikan,Negatif
Kan asalnya cmn buat dipelihara di akuarium kok bisa jadi banyak di alam liar?,Netral
"Akhir akhir ini pemerintah banyak memburu ikan sapu sapu, mereka menuduh ikan sapu sapu sebagai penyebab hilangnya ikan ikan asli di sungai kita. Tapi sadarkah klian? Buka mata kalian sedikit, ikan ikan lokal kita mati dan punah BUKAN karena ikan sapu sapu, mereka mati karena air sungai kita telah berubah menjadi RACUN mematikan akibat tumpahan LIMBAH PABRIK, LOGAN BERAT, SAMPAH RUMAH TANGGA yang dibuang setiap detik. Lalu itulah mengapa jumlah ikan sapu sapu membeludak karena ia bisa bertahan dengan lingkungan seperti itu, Tuhan menciptakan ikan ini dengan daya tahan tubuh bagaikan tank baja, sebenernya mereka adalah pejuang terakhir di air yang telah mati. Keberadaan ikan sapu-sapu yang membeludak sebenarnya bukanlah sebuah invasi, melainkan sebuah alarm peringatan keras dari alam. Kehadiran mereka adalah tanda bahwa sungai tersebut sudah sangat sakit parah, jika hanya makhluk berlapis baja ini yang hidup di sana bayangkan betapa beracunnya air tersebut bagi tubuh manusia jika menggunakannya, dengan menyerahkan dan memburu ikan sapu-sapu Siapa yang paling diuntungkan? tentu saja pabrik-pabrik nakal dan industri raksasa yang meracuni Sungai kita setiap hari, dan warga warga yang masih sering membuang sampah ke sungai.",Negatif
Di kampung ku meludak ikan ini .kalo pemancing dapat di buang ke tengah jln ketabrak2 mbl mtr JD ancur habis,Negatif
"Ngeliatnya serem ya coba ikan nila,enak digoreng makan sama sambel goang",Negatif
mending diolah utk makanan koruptor,Negatif
Yajuj dan Ma'juj versi ikan,Negatif
Mending d musnahkan dr pd d salah gunakan,Positif
"Udah mah jelek bgt lg, serem gtu look nua",Negatif
nah loh. awal datang ke indonesia siapa yang bawa?,Netral
"jangan salahin ikan sapu-sapu, salahin manusia pertama yang naro ikan sapu-sapu hidup ke sungai. manusia pemilik usaha pabrik yang mencemari sungai, masyarakat yang gemar buang sampah sembarangan. ikan asli sungai ga sekedar musnah karena dimangsa sapu-sapu tapi karena sungai tercemar, hanya sapu-sapu lah yang sanggup bertahan",Negatif
"Gak di sektor penting aja kita kalah,,,ikan aja mesti diaspora ,tolong menteri ikan Dan kelautan prose's naturalisasi diperketat",Netral
"gabisa bang, kandungan timbal dan logam berat dalam tubuh mereka nanti masuk juga dong ke daging lele yang bakal kita konsumsi, sama aja walau kita ga makan sapu-sapunya secara langsung tapi transfer juga kan senyawa berbahayanya ke tubuh kita lewat lele",Negatif
"Ikan hama aja di bersihkan 
 
 Kok korupsi di negeri ini tidak 
 Di bersihkan",Negatif
"Ada nya ikan di lingkungan pasti ada manfaatnya utk lingkungan sekitar. 
 
 Yang gak manfaat ketika mereka yg tukang mancing ke ganggu, lalu nanti ketika gak ada ikan sapu2 merasakan dampak negatifnya. 
 
 kita lihat sambil waktu berjalan nantinya.",Netral
Musnahakan sapu sapuuu segeraaa,Netral
Ikan pemakan telor ikan lokal akhirnya ikan lokal musnahhh,Netral
yang Harus di Budidayakan itu Buaya Ikan Paus Ngapain Ikan Sapu Sapu Cemen lu,Negatif
🍀Musibah bagi sebagian tukang SIOMAY yg bahan dasarnya salah satunya ikan SAPU SAPU. Nanti harga SIOMAY meLONJAK NAIK. Akibat ikan SAPU SAPU dibasmi di Kali CILIWUUNG,Negatif
"Bukan salah ikan sapu2 tubuhnya mengandung zat berbahaya, tp yg salah manusia membuang limbah sembarangan.",Negatif
dicampur lele aman,Positif
"airnya tercemar mangkannya makin banyak juga ikan sapu sapu. buang sampahnya mangkannya jangan ke kali. kita sebagai warga juga harus sadar, limbah peliharaan hewan ternak jangan dibuang kesituuu!!!",Negatif
"mau bagaimanapun kalau manusia nya gak bisa berubah ya kali Ciliwung puluhan sampai ratusan kedepan ya begi gini aja malah mungkin tambah parah, ingat yg merusak nya bukan ikan sapu sapu tapi manusia ny itu sendiri !! semoga aja bnyk orang2 seperti mas arif ini yg sadar akan lingkungan terutama di sungai ciliwung",Negatif
2:58 lcu banget asli,Netral
"sekarang baru pemerintahnya peduli. lumayanlah telat, daripada tidak sama sekali",Netral
Siapa coba orang pertama kali buang ikan sapu sapu ini ke kali ciliwung yhh😢😢,Negatif
aku temen nya,Netral
akupernah liat dia di fes,Netral
Ikan sapu2 daging'a enak,Netral
badan karantina indonesia sudah deklarasi kalau ikan ini adalah Hama,Negatif
ikan asli dah ga kuat sama polutan sungai ciliwung.cuma sapu2 yg kuat hidup,Netral
"Ga pernah suka makan ikan, tempatnya parasit, walaupun setelah dimasak parasitnya mati tetep aja ga suka",Negatif
Dari pada buaya bang,Netral
Di beberapa titik bahkan ikan sapu² aja mati saking tercemarnya😂,Negatif
Yuhuuuu,Netral
Predator alami ikan sapu-sapu adalah tukang siomay. Lepasin aja tukang siomay di kali yang banyak sapu-sapunya. Sebentaran bersih.,Netral
Dicitarum sungai kcil paling bnyak ikan sspu sapu,Netral
"Padahal Kalo Di Jadikan Pupuk Organik Cair, Sangat Bermanfaat ikan Ini",Positif
Jual aja ke pedagang Siomay bang 😂,Netral
Pemerintah lingkungan hidup harus mengaji masarakat yang mau menernak lingsang atau garangan sehingga bisa di lepas di sungai sungai seluruh dunia untuk menghapus ikan sapu sapu karena dengan cara itu lah solusinya jika pemerintah lingkungan hidup sudah tidak lagi perduli maka sungai sudah tidak bisa lagi di selamatkan,Positif
"Emang sapu-sapu itu ikan yang merugikan, tapi perlu di ingat manusia"" yang buang limbah + sampah nya ke sungai ciliwung itu faktor utama kenapa ikan"" lokal asli ciliwung mulai punah !! Manusia"" ini nyata nya lebih berbahaya + mengerikan daripada ikan sapu-sapu itu sendiri !!",Negatif
Di ambil telurnya om buat umpan galatama lele,Netral
"respect abang2 nya, kerjaan nya tidak menghalangi kemampuan bahasa dan ilmu pengetahuan nya, sehat selalu bang",Netral
Banyak yang main karena asik 🐠🍔𝓐𝓡𝓦𝓐𝓝𝓐𝓖𝓐𝓜𝓘𝓝𝓖🐝💝,Netral
Budayakan makan ikan sapu2,Netral
Kalo diolah buat pakan kucing atau anjing apa masih bisa yah?,Netral
Kali pesanggrahan nggak kalah banyak juga ikan sapu sapunya,Netral
"Harusnya komunitas ini yg di gaji, jangan MBG yg di ungul ungulkan",Netral
"katanya ikan sapu2 bisa menjernihkan air, tapi ciliwung makin mirip es milo 😂😂😂",Netral
Bisa di bikin somay itu,Netral
cek resep masakan ikan sapu-sapu di luar negeri,Netral
"Pengendali ikan sapu sapu
 Hanya Otter , berang berang.
 
 Coba pelihara berang berang bang.",Netral
good,Netral
gemes ngeliat sampah di pinggir kalinya. doyan mancing/ngejala tp ga mau ngerawat lingkungannya.,Netral
Ikan sapu2 kok buat campuran siomay?,Netral
BANJIR SALAH SIAPA?,Netral
Coba ikan sapunya diolah aja sih ngabs cari koki yg ahli bwt mbg saya mau kalo kokinya bisa (mau makan ya),Netral
Emgnya ga ada predator ikan sapu²? Apa ular ogah nyaploknya,Netral
"3:10 masyarakat sekitar aja jorok banget, liat tuh
 mereka aja ga mau ngerawat kebersihan sungainya, tiba2 aja sok2an soal ikan invasif",Netral
Semua lagi pada pindah ke sini! 🐻💝ᗩᖇᗯᗩᑎᗩGᗩᗰIᑎG👽🎯,Netral
Ikan sapu sapu ini kalo di atasi Kadar bahayanya. cocok buat digiling terus dijadiin capsule amino yang biasa di konsumsi di tempat2 gym yg butuh protein tinggi,Netral
"Jawabannya udh kejawab sendiri tu, iya gimana ikan beneran mau idup org kaliciliwung aja banyak limbah
 Yang bertahan ya ikan yg daya tahan idupnya kuat, ikan sapu sapu itu sendiri",Negatif
Masnya lebih pinter drpd wapr,Positif
spartan bgt,Netral
Di sini juga mayoritas sungai ada ikan sapu-sapu,Netral
"Sebenarnya bisa loh pemerintah buat lapangan kerja dari sapu sapu. 1. Sayembara sapu sapu 2. Budidaya magot BSF. Nah magot tuh makan apa aja termasuk bangkai ikan, nah sapu sapu nih dimakan magot, magot bisa dijual ke pertnak ayam, ikan, penghobi burung dan bahkan jadi suplemen dalam bentuk kapsul bisa. Emang Prabowonya aja yang Nyawit dan MBG mulu",Netral
Tabur bibit ikan nila cepat perkembangannya 👍,Positif
"Mudah2an jadi amal ibadah bang arif, yuhu aja kita mah",Netral
Brgkl lbh baik dipikir bisa dimanfaatkan buat apa,Positif
"Daripada di kubur ya , mending jadi pakAn untuk ternak cacing tanah dan maggot ( kebalik , biAsanya maggot untuk pakan ikan ) 😊😊😊",Positif
menu MBG terbaru nih,Netral
"Salut anak muda peduli akan lingkungan,,",Positif
Invasif.,Netral
Di aplikasi kandang monyet abang ini dihujat😢,Netral
itu ikan sapu2 kayaknya emang karma buat mereka dah haha,Netral
Disaat sungai dijadikan toilet,Netral
Yuuhhuuu,Netral
Di kolong jembatan rawajati pasar minggu ikan sapu² di jadikan bahan untuk konsumsi,Netral
"Pada nyalahin ikan sapu2. Setau aku, ikan sapu2 dan ikan mas di datangkan belanda buat kendaliin jentik nyamuk malaria. Dan terbukti di tempat lain yg tnpa ikan itu kasus malarianya tinggi",Netral
yuhuuu bang arif masuk berita,Netral
"Ini aneh, kalau dari amazon, yang bawa ke sini siapa? Jangan2 dulu dipake untuk bersihin kali yang memang desainnya untuk buang segala macam sampah",Negatif
"Pernah nggak sih Disungai Ciliwung ada pelepasan bibit ikan asli indonesia. misalnya ikan nilem,bader,tawes
 ,wader,dll.untuk menjaga ekosistem dari serbuan ikan sapu2.
 Apa krna kondisi airnya tidak cocok untuk ikan asli indonesia jadi ikannya sulit untuk berkembang biak????",Positif
Ikan yg dibawa penjajah malah bikin rusak..di Citarum sangat bnyak apalagi ke anak2 sungai nya,Negatif
Dinas perikanan terkait kemana yaa kerjanya gak terlihat sampai sapu sapu invasif menghilangkan ikan asli lokal makin sedikit 😢,Netral
"masnya cerdas banget, pubic speakingnya bagus & bahasa nya mudah dipahami",Positif
"Sudah lama di jakarta, tukang siomay buat bahannya dari ikan sapu-sapu",Netral
Taman bunga indah,Positif
gila kotor sekali,Negatif
"Real banget ini kondisi Ciliwung, cerminan perairan perkotaan",Netral
Lebih realita harapin naga mondar mandir di jalan tol daripada rakyat gak buang sampah ke kali,Negatif
"ժί Surabaya juga banyak ini. kadang orang - mungkin yg nangkap ikan lain utk dikonsumsi - kalo nemu ikan ini langsung dibuang ke jalan raya jd tertindas mobil dll😐
 
 ժί luar negeri jg bbrp sungai/ danau yg terlanjur dihuni ikan invasif ini jd mereka berusaha membasmi ikan ini dan mencegah perkembangbiakannya yg tidak terkendali.",Negatif
njir 20 ribu ini /ekor gw beli di pasar ikan hias Palembang,Netral
Danau matano di daerah kami juga ikan sapu-sapu sudah banyak,Netral
Sama spt hamanTermul peliharaan Parcok,Netral
"kemaren pas sepedaan ke solo lewat sungai di tengah kota, gw berhenti diatas jembatan karena tertarik liat banyak ikan, pas diperhatiin lebih jeli ternyata ikan sapu sapu juga",Netral
Soeharto yg bawa,Netral
Karena orang dongo pemalas yg melihara ikan sapu-sapu (karena malas bersihin tangki akuarium ikan sendiri) terus dibuang ke got pas ukurannya sudah terlalu besar.,Negatif
Digiling jadiin pakan ternak bang,Netral
"Penguasa Air tawar : Ikan Sapu2
 Penguasa Tanah Lokal : Sawit 😅😅",Netral
"Dirawat penjajah,dirusak sama dalam negri",Negatif
Nah jiklau ngak. mauKau. makanBang lrpaskan ajaa Sapu Sapu biar Limbah fi sapu habis😮😮😮sutuh Kau sapau tanoa gaji mau ngak Kau Bang😮😮ngak. kanIkan Mauu Bang,Negatif
Amitaba lagi Imlek jangan poting dulu Ikan😮😮Bangg Pelihara ajaa supayaa besar Gemukk nanti bisa fi Komsumsi Bang😮😮😮,Netral
takuuuuuut,Netral
Arif Komarudin lebih bermanfaat dibanding Brin. satu satunya instansi yg gw gatau kerja nya ngpain buang buang duit aje 😂,Netral
Pemangsa alami ikan sapu sapu adalah tukang siomay.,Netral
"Pas banget abis nonton video orang musnahin ikan lepu/lionfish di Florida, AS soalnya di sana jadi ikan invasif juga",Positif
Yuhuu,Netral
Dibawah kolong jembatan kalibata dijualin tuh,Netral
"Bisa buat makanan hewan buas di kebun binatang gak ya, misal ular atau buaya.",Netral
Suka liat YouTube Nye Abang ini. Salam yuhuuuuuuuuu😂,Netral
Ikan sapu2 di danau kampus UI luar biasa banyaknya.,Netral
"Di luar negeri udah mulai diproses pengeringan jadi tepung untuk pakan ternak, kenapa di Indonesia belum ada yg riset kesana ya",Netral
Sok gimana pemerintah udah rusak perbaiki,Netral
Bisa dipermentasi buat pakan bebek ikan sapu sapu,Netral
"Ada tuh penjual yg sering bkin bakso tusuk dari ikan sapu2, dan sering anak2 kecil habis makan bakso tusuk sakit perut.",Netral
buat somay,Netral
Nggak ada duit risetnya. Duit malah dipakai buat hal2 nggak efektif kayak MBG,Netral
"Digiling buat pakan bebek dan ayam , bagus untuk petelur",Positif
Smua yg berlebihan itu tdak baik.,Positif
"ikan HAMA , seperti tikus negara 🤣",Negatif
"Lah iyalah, ikann lain kalian ambil semua sampai yang ke cucu, ikan sapu sapu ga diambil wajar kalau sapu sapu aman berkembang biak",Positif
Coba diolah jadi tepung ikan jd pellet/pakan ternak krn kamdungan peoteinx cukup tinggi. Cuma faktor residu logam berat sm zat berbahaya perlu diteliti sich apakah levelx msh aman utk hewan ternak atau tidak.,Negatif
Ayo pejabat2 terkait perhatikan lingkungan kita.,Netral
"Cuman kawatir sama abangnya yg sampai merogoh lubang2😢 cuman kawatir kalo ada ular aja😢, semoga abangnya selalu dalam lindungan Tuhan, semoga ada yg memperhatikan untuk Abang ini lebih pantas digaji atas perjuangannya",Netral
Yg nelpon itu bisa diganti rekaman aja gasi,Positif
lebaran tukang somay,Netral
Lumayan bisa dibuat somay,Netral
kasih piranha aja biar makanin sapu2,Netral
"2:57 semoga abang ini selalu diberikan keselamatan dan kesehatan sama Tuhan , sehat selalu.",Netral
Anjay terkenal lu bang masuk kumparan,Netral
"Harus nya pemerintah ngadain event penangkapan ikan sapu sapu serentak di sepanjang sungai, di buat rutin insya allah mengurangi nya bisa lebih besar",Netral
Kalo di tangkap terus di keringkan kemudian di giling jadi tepung ikan apakah bagus ya,Positif
❤❤❤❤❤❤❤❤❤,Netral
"sudah invasive, bikin longsor :face-purple-crying:",Netral
"ikan yg paling di benci di barat kalau di temukan pasti wajib di bunuh tapi di indonesia di ubh jd pempek !
 kenapa ?
 ikan ini merusak ekosistem",Negatif
Bikin gofundme buat dia ada baju pelindung dan masker dll wet suit,Netral
Di giling buat pakan lele apa bisa ya ?,Netral
"Apa2 ular mlulu, pantat u tuh banyak uler",Netral
ժί luar negeri sdh spt itu. dijadikan treats/ snack utk pets/ anjing dll,Netral
🫡rispek abangkuh,Netral
yuuhuuu,Netral
"Apdahal ikan sapu sapu setara ikan tenggiri rasanya😂😂😂
 
 Kalo dia ambil telornya dan di budidaya itu jadi peluang baru. Karna ikan sapu sapu stigmanya kotor. Padahal semua ikan makanya lumut di daasar😂",Negatif
memang ada ikan yang bisa idup lagi di kondisi kaya gitu ?,Netral
indonesia ttp sama dr 50 thn yg lalu,Netral
selangkangan versi syariah,Netral
"Bgitu pula hewan lain, yang bukan asli indonesia lebih baik jgn di lepas liar kan. 
 Klo arapaima lebih ngeri lagi tuh",Positif
Di giling jadiin pakan,Netral
"Di luar negri pada basmi Lion fish di laut, di lokal ayo basmi sapu2",Netral
Punahin bang,Netral
"ikan lokal mah mati karena sampah dan limbah dongok dan ampir punah karena byk ditangkap, ikan sapu2 hidup y karena bs tahan sampah",Negatif
Pendapatku sungai diracun dulu semua kak..biar ikan sapu-sapu pada mati.,Negatif
"Ikan sapu-sapu kalau udah gak mau dipelihara di akuarium lagi, jangan dibuang ke sungai atau ekosistem air lainnya. Musnahin aja",Negatif
"Buat apa sih menggaji ASN Dinas Lingkungan Hidup? Kenapa warga sipil begitu jadi buang waktu sukarela :( 
 Sudah saatnya digugat dan dibuat aturan pidana bagi ASN yg gak kerja😡",Negatif
"Jangan bicara besar Indonesia bisa ngasih makan 80jt, coba ciliwung jd sungai bersih dan tidak tercemar saja susah, harus ada aturan ketat dan warga yg saling menjaga.
 kita lihat walikota gubernur presiden di masa datang, apakah ada yg bisa membenahi ciliwung dan mengajak masyarakat biar sama2 menjaga inti kehidupan😊🇮🇩",Positif
Nih orang triyanto mending mundur aja deh ga paham kerja dia apaan 😂,Netral
"Kalau dapat ikan sapu2 jangan dimasukkan lg,tp dipendam ditanah,utkenyuburkan tanah.
 Jangan dicemplungkan lagi?",Netral
Coba Kang manfaatkan untuk makanan bebek atau entok. Insyaallah telur bebek nya bakal banyak,Netral
"Jual ke kang somay, kang somay sekarang rata"" pada pake sapu"" bukan tenggiri, ngirit bahan",Netral
Sapu sapu kayaknya sudah ada se-Indonesia disini juga banyak padahal waktu kecil dulu gak ngeliat sapu sapu,Netral
Asal bukan limbah pabrik kemungkinan bisa.,Negatif
"@Marta1Buck bener, tapi klo limbah pabriknya itu aja ada berapa KK yang tinggal di bantaran kali, belum lagi ada kandang sapi, dan itu ga satu dua, tetep aja eskalasinya udah pencemaran yang ga masuk akal",Negatif
"Ikan ini badak banget, dia tetep hidup dengan logam berat. Makanya ga cocok jadi pakan peliharaan.",Positif
Beneran sebadag itu dia udah badag kulitnya keras dagingnya ga enak makanya ga ada pemangsa,Netral
Suruh tukang somay masakin! Wkw,Netral
Biasanya buat baso ikan,Netral
"gabisa banggg, nanti kandungan timbal dan logam beratnya transfer ke tubuh kita juga lewat bebek yg bakal kita konsumsi, logam berat sama timbal gabisa sembarangan dihilangkan, susah, ada alat khususnya dan biasanya mahal",Netral
ngakak,Netral
"Kayak India di kali ganges, banyak ikan dari afrika yang tinggal disitu",Netral
Nah gue mau bang sini. Ikan sapu2 buat aquarium,Netral
Ikan buat siomay 😆,Netral
Bisa buat pakan ternak si itu ikan sapu sapu,Netral
Pinter mas nya. Harusnya mayoritas masyarakat Indonesia kayak gini. Biar kalau mau ngapa ngapain itu mikir dulu,Positif
"Owala, baru tau sapu² aslinya dr Amazon. Pantaslah, gak ada lawannya di kali² sini. 😢",Netral
Reintroduksi berang berang sepertinya perlu ya,Netral
"Kalau ngga bisa di makan, ikan sapu sapu,harus di jadi apa supaya bermanfaat, misal di jadi kan bahan pupuk",Positif
BASTIAN 😂,Netral
Rakyat dan pejabat sama aja,Netral
Yuhu,Netral
"kalau ada yg bisa mengolah menjadi pupuk, bagus juga",Positif
menteri bahlul angkat Bapak ini jadi ASN,Netral
"Potekin bang, yuhuu",Netral
Peneliti Brin ngomong bandingan nya sungai Amazon. Ya beda jauh lah cuk. Haduh,Netral
"Untuk mengatasinya sebenarnya dgn mencari tahu cara berkembang biak ikan tsb.
 Yg menjadi musuh ikan sapu sapu adalah lobster air tawar karena bisa menghambat perkembangbiakan sapu sapu",Netral
Masih untung ada ikan,Positif
"Dibikin tepung ikan bang, lumayan bisa dijual",Netral
"Taruh ikan Batok bang, biar ikan Batok makan telur sapu?",Netral
Bisa untuk bikin somay,Netral
6:49 nanti bisa gak malah sisaan limbah logamnya jadi masuk ke badan ternak😢,Negatif
"Sulit bang, pembodohan struktural dan sistematis soalnya",Negatif
"susah, mayoritas masyarakat indo aja milih 02",Netral
Berang²?,Netral
@PeriHutandanPensilHijau iyaa,Netral
Cuma bisa jadi pupuk sih.,Netral
Jadikan pelet buat pakan anabul,Netral
"@dedikkurniawan4891 untuk pakan anabul kayaknya ga bagus bang, ini menurut saya aja sih, karna sapu sapu ini kebal banget dan gampang nyerap limbah sungai",Netral
Ide bagus,Positif
"Betul banget nih, bahan pupuk alternatif, biar ga tergantung pupuk kimia. 😮👍🏽",Positif
Yuhuu,Netral
"iyah, satisfying bgt gw denger sapu-sapu dipotekin tapi kesian jugak 😂",Netral
"​ @melindamith68 kgk ada kasian2nya gw, yuhuuu",Netral
"menurut saya, perbandingan tsb untuk menunjukan seberapa masiv potensi perkembangan ikan sapu2 di habitat s.ciliwung ini karena tidak ada predator alaminya. ikan ini bukan ikan asli s.ciliwung , pastinya dahulu ada orang yg memasukan ikan2 ini ke sungai ciliwung.",Netral
use brain pls🙏🏻,Netral
Gak gitu juga konsepnya Kak. Ekosistem harus seimbang.,Netral
"Hooh kali Cisadane udah ancur lebur sekarang, tercemar pestisida 2,5 ton!",Negatif
Ga bisa lah. Sapu2 itu dia makan kotoran juga.,Negatif
​ @westpapua8941 lah khan ikan,Netral
Masalahnya sungai Ciliwung itu udah tercemar dan sapu-sapu di Ciliwung itu udah banyak makanin zat bahaya di Ciliwung bisa berdampak buruk kalau manusia konsumsi dalam jumlah banyak,Negatif
"lumayan bisa buat bikin somay bang, kalau dijual di pasar daginya sekilo harga 8 ribu",Netral
Mulanya gimna emang mulanya??,Netral
Oyah 😊😊😊,Positif
Si Abang bnr2 akamsi..gesit bner 😅,Netral
Abg ini harusnya digaji atau minimal jd kepala desa karena kepeduliannya luar biasa.❤,Netral
Yuhuuuu,Netral
Sebetulnya limbah beling emang paling dilema bingung buangnya,Negatif
Ikan sapu sapu sudah hampir mendominasi di sungai sungai 😢😢,Netral
Yuuhuuu,Netral
Lapu lapu ini mah 😂,Netral
Sungai paling jorok,Netral
Yuhuuu,Netral
Stay safe abangnya! Kalo bisa pake apd bangg,Netral
sama invasif nya dengan sawit 😂,Netral
Rejeki lu bang,Netral
Ikan sungai amazon,Netral
yuhuuu,Netral
"boleh ga sih, kalau aku ramai2 bersihkan kali ciliwung begitu dari sampah-sampah seperti di 3:09, pakai excavator sewa gitu, atau musti izin dulu ke pemda?",Netral
abang gua,Netral
Manfaatkan ikan sapu-sapu untuk pakan ternak.,Netral
"Jorok banget 😅, boleh2 aja tapi jangan sampai dijual bilangnya somay tenggiri 😅",Netral
"​ @Aaaaaaaaaa5934 kayaknya kalau jualan abang abangnya gak nulis deh, tulisannya siomay atau batagor aja",Netral
Paling bener sapu2 diolah jadi pakan ternak aja atau umpan mancing,Netral
Kalah uler udah punah di Ciliwung. Terlihat ada biawak,Netral
Akamsi Ciliwung 🤟🏼,Netral
Kalo kepala desa ya percuma bos kali Ciliwung itu panjang,Netral
​ @islahudin6671 harusnya emang difasilitasi seh kayak dikasih perahu dan jaring terus kalo bisa digaji,Netral
"Harusnya orang sadar lihat ini, sungai bukan tempat buang sampah.",Negatif
"minimal jadi kepala dinas lingkungan hidup dong
 
 klo kepala desa , malah ngurusin desa / orang -_-
 tapi ga ada meritokrasi di demokrasi , jadi lupakanlah itu semua 😂",Netral
inget ini Indonesia😂,Netral
paling daur ulang ke tukang beling buat dilebur lagi,Netral
"Beling bisa didaur-ulang. Jadi kalau dikumpulkan, bisa disalurkan ke penadah.",Netral
harus dibungkus kardus + selotipi dulu kalau amannya,Positif
"beda dong, ikan sapu² gak guna
 
 sedangkan sawit, banyak manfaatnya. lu sekeluarga pun butuh produk olahan sawit, tiap hari",Netral
​ @edwinkrisna2902 ikan sapu2 ada gunanya bersihin kotoran dan dagingnya sedikit bisa dimakan. intinya keduanya sama2 invasif dan merusak sih. sawit itu kalau memakan seluruh lahan bisa merusak ekosistem karena dia tidak bisa menahan air daj cenderung menyebabkan banjir,Negatif
​​ @edwinkrisna2902 manfaat sama celaka banyakan mana? tuh aceh aja belum 100% recover dari banjir gara2 hutannya jadi lahan sawit. dan gw sekeluarga udah boikot sawit,Netral
"dan sekeluarga gw udah boikot sawit, makanan semua rebus, sabun pakai buah lerak atau eco enzyme.",Netral
cuan sawit buat bayar uang kas board of clowns 🤣,Netral
"Jangan buang sampah sembarangan Bang, makin busuk Ciliwung",Negatif
"apa2an ini d samakan dgn sawit
 tp bener 😅",Netral
"sawit ga invasif bang, yang invasif yang nanem *ups",Netral
​ @farryhandika kalo lahan pribadi gemana bang? mau lu larang?,Netral
Omon: hanya aku dan sawit. Apa itu masyarakat? Itu cuman antek antek asing.,Netral
Pandawara bertindak tanpa perlu izin pemda. Yang penting gercep bentuk tim. Solidaritas setia kawan diperkuat. Aje kendor! Demi Indonesia bebas sampah 2045 wujudkan sama sama. ❤❤❤❤❤❤❤❤❤,Netral
Salam Waras ❤❤❤❤❤❤❤,Netral
Langsung aja. Toh Pemda nya ga ngurusin sungai Ciliwung nya juga.,Netral
"@westpapua8941 takutnya dipermasalahkan kak, dikeluarkan undang2, lalu nanti kena denda atau malah bui bui gitu",Netral
"Wah, semoga langkahnya Abang & kawan² Allah mudahkan jalannya",Netral
"Sama aja bego, logam berat itu gak hilang",Netral
Daging ikan sapu2 gak baik bang karna sudah tercemar limbah yg ada hewan ternak bisa sakit.,Negatif
​ @ChandraGunawan-k7j buat pupuk organik pohon bisa?,Netral
Itu ikan sapu-sapu di sungai Cisadane pada mati noh,Negatif
02:32 udah dibelah masih tetep idup?😮,Netral
baru tau sapu2 itu dari amerika sanaa wkwkwk jauh juga dia mentalnya.,Netral
Ikan sapu2 jadi hama ya,Negatif
Kuat banget ya Sapu-sapu,Netral
Lagian berenang juga lincah banget renangnya juga nih orang 😂😂,Netral
Yuhuuu,Netral
Keracunan limbah pabrik😂,Negatif
wah ga setangguh itu ternyata sama limbah pabrik 😂 ikan sebadak gitu aja tewas ya.,Negatif
"Sama euy, kaget. Dugaan saya, mungkin awalnya diimpor sebagai ikan hias kali ya. Bisa buat pembersih akuarium kalau gak salah.",Netral
"yg hama itu manusia sekitar ciliwung.
 sungai nya jadi kotor. ikan susah berkembang biak.
 ya kali org mancing di sungai ciliwung..ky nyari ikan di tempat sampah😂
 itu sungai isi urin & tai manusia 😂",Negatif
lu ngomong apa bang?,Netral
mirip doni salmanan 😹,Netral
Ikan sapu sapu bahasa inggrisnya broom broom fish atau cleaning share fish,Netral
"Assalamualaikum,we wb,, broh,ane tinggal Di lubang Buaya,, gawe daerah sudirman tamrin,, Pas sore pulang gawe naek bus PPD Turun Di terminal cililitan seingat ane nih then 1990an brapa gitu,lupa Persisnya,(sekarang PGC),, disitulah ane pertama liat yg namanya ikan sapu"" ,Di Jual sepasang 1500 Perak,, Kalo gk Salah,,Di taro Di aspal engga mati ampe sengah jem lebih,,pdagang ikan sapu"" itu bilang dapat/Di tangkap Dari Kali Di depok (ciliwung apa bukan gk Di jelasin),, Kalo sekarang Di ciliwung banyak sapu"",, mnirut ane tuh wajar,brapa tahun broh kemari sejak saat PGC Masih terminal cililitan,, sekedar berbagi cerita,,😁🙏",Netral
pinter mas nya ini aku udah subscribe saat dia masih 9rb subscriber dia sekarang 19rb subscriber,Positif
Buaya China 😂,Netral
"Penjelasanx bagus, sistemik dan substantif",Positif
MBG lagi rame om Ded kapan di ulik,Netral
Lebih bahaya manusia yg merusak alam/hutan,Negatif
"nontonnya bikin betah, penyampaiannya asik",Netral
Digiling dijadikan pakan ternak..bebek ayam dan lele,Netral
"Sediain posko 1 mesin giling sampe jadi bubuk per kecamatan, kasih insentif warga buat yg nangkapin sapu2 misal per kg 1rb. Selain membasmi sapu2 sekaligus buka lapangan kerja. Hasil olahan di bisa dimanfaatkan jadi pupuk/pakan ternak. Daripada kubur hidup-hidup malah mencemari tanah.
 
 Solusi simple modal mesin 20-30 jutaan, efisien, warga terlibat.",Positif
"Dulu gua masih kecil sempet geger di kampung ada ikan tulisan arab 
 Dulu bisa segede baha orang dewasa 1991",Netral
"Sapu sapu itu kalau di Bali namanya ikan betok, dagingnya dikit banyak tulangnya .",Positif
Beruntungnya ikan sapu-sapu ini masuk podcast om ded❤,Positif
Damn is 😢🎉😂😅 32:44,Netral
Dipancing bisa gak om?,Netral
👍,Positif
Sapu2 bisa buat serum 😅,Netral
"Nyimak.....salut buat Narsum penjabarannya lugas dan bagian pemerhati lingkungan 
 berkah selamat buat Narsum dan kita semua",Positif
Pemangsa ikan sapu sapu = Tukang siomay dan Otak Otak... 🎉🎉🎉,Netral
ya alloh beruntung amat itu ikan sapu2 bisa tampil di podcastnya omm dedd..,Positif
"👉🙄 ""bangkai ikan sapu-sapu"" 🐋",Netral
Konon org jual siomay yg murah pake ikan sapu2😢… hiiidiiihhh…😮,Netral
"Selamat siang pak DEDY 
 Mohon maaf sebelumnya nya apakah saya bisa ketemu sama pak DEDY untuk foto bersma pak DEDY, saya ngefans sama pak DEDY dari kecil dan sekarang saya berada di Bogor Jawa Barat 
 Dan apakah sebelum saya pulang bulan 7 ini boleh saya bisa ketemu sama pak dedy untuk foto bersama pak DEDY 
 Terimakasih 
 Semoga di baca komen saya 🙏🙏🙏🙏",Positif
"Ikan sapu2 itu enak,apalagi telurnya enak banget, tapi setelah ada penelitian katanya ikan sapu2 mengandung logam hitam kalau GK salah,saya GK berani lg makan ikan sapu2,
 Waktu itu banyak orang yg mencari ikan sapu2 untuk dijual kepasar,biasanya untuk campuran bakso.
 tapi untuk saat ini saya dah GK melihat orang yg mencari ikan sapu2.
 untuk mitos, biasanya setiap sungai ada penunggunya masing-masing,
 1.lembu
 2.buaya
  lembu ini sebangsa siluman
 Sedangkan buaya ada yg hewan dan jg siluman.
 Untuk buaya siluman terkadang suka menampakan diri berbentuk buaya buntung dan buaya putih.",Positif
lebih mudah ditunggu mat* daripada edukas*,Netral
Sapu-sapu vs lele siapa menang?,Netral
"Di thn 1993 wktu sy SMA ikan sapu sapu ini nama lain nya ikan pembersih kaca , & Mala dulu di jual per ekor 5rb rupiah yg kecil se ukuran jempol orang dewasa. Ternyata skrg jd limbah,.
 pernah mkn juga & proses mengolanya ,kepala di potong di buang (darah nya bnyk bnget) lanjut kulitnya di lepas dari daging nya (di plontos) baru di goreng. Dan coba2 kepala yg ter potong sy lepas ke sungai dia msh hidup loo,, 😂",Negatif
"@saya jadi ingat kisah warga jepang dan burung gereja. 
 artinya setiap penciptaan Allah punya maksud dan 7an.",Netral
Wow,Netral
Bisa dimanfaatkan menjadi minyak ikan untuk bahan campuran pakan ayam.,Netral
"38:37 Yaa namanya mayat kelamaan di Air ya bakal pucet dan rapuh, yang paling rawan lepas itu leher sama perutnya bolong dimakanin ikan, karena perutnya juga bisa meledak sendiri karena gasnya ngumpul",Positif
ternyata om botak gak pernah pegang ikan sapu sapu cuy...sampai narsum meanalogikan dengan kata ARMOR....haaaa,Netral
"Dari awal gua setuju sama orang ini, nama Chanel YouTube nya arifkomarudin",Positif
IKAN SAPU BASMI PAKE GETAH UBI GADUNG. PASTI MAMPOOOOS TUH IKAN SAMPAH.,Netral
"Aku pernah kehilangan sapu sapu kurang lebih 2 th. Melompat dari akuarium... Jatuh ke selokan paceran kadang kering kadang basah... 
 Suatu saat selokan penuh sampah kering tidak berair di bersihkan.. 
 Ditemukan sapu sapu masih hidup, tambah gede di tanah lembab. 
 Hebat ,hidup dalam tanah lembab.",Positif
narasumber nya pinter banget dan terlihat dari gaya bicaranya aj keliatan orng baik dan cerdas. dia bener2 bisa jawb dengan baik tentang kali. jujur relate banget walapun aku tinggal di luar kota di desa ku juga soalnya ada kali juga dan masa kecil ku sama kayak bang arif ini suka main di kali jala mancing dll. banyak mitos lembu buaya putih dll sangat relate. wkwkkw,Positif
"Apanya yang di potek? Palanya 
 Mau coba? 😂",Netral
"Kalau ada orang yang melarang pemusnahan ikan sapu2, mereka orang bodoh karena menghancurkan ekosistem ikan2 yang biasa kita konsumsi",Negatif
Sapu2 real hama,Negatif
"Masalah besarnya bukan ikan, tapi kebersihan sungainya....... Kalaupun ada mujair disitu, tetap ga boleh dimakan karena airnya...... Jadi yg wajib dilakukan bersihkan sungainya...... Ikan ini kalau di air bersih tetap bisa dikonsumsi...... Kalau air sudah bersih, semua yg ada bisa diolah, andai sapu2 itu habis tetap air sungai itu kotor kalau ga dibersihkan...... Hilangnya habitat ikan lain disitu karena sungai yg cemar membuat ikan lain ga tahan. Hadeeeeeh.....",Negatif
Lembu itu memang cerita dari zaman dahulu di ciliwung.,Positif
lebih bahaya mbg langsung keracunan wkwk,Negatif
Halal,Netral
Asal tempat bebas limbah pasti gurih,Netral
"Daging ikan ini enak,kalau tau ngolahnya, bukan asal racik bumbu garam ama Ficin😂",Netral
gak mau,Negatif
Gak lama akan menjadi ikan mahal.,Negatif
Enak dibikin baso ikan,Positif
klo gak dimakan ya gak punah ini ikan,Negatif
Bukannya ikan sapu-sapu itu jijik,Netral
Pantas amis bila di buat siomay atau pentol bakso,Netral
"Ikan ini enak aku mau budidaya dikolam bersih, tumbuh cepat rawatan mudah",Positif
"hoax, sy mau mencobanya..",Netral
Tergantung sungainya sih menurutku,Netral
Pernah liat video asli nya. Ini video orang Thailand di snh di jual di pasar,Netral
"Jujur enak loh sebetul nya rasa daging nya walau pun amis, sya pertamakali pernasaran pas di ajak ke empang sma kawan, pas dapat sapu² sya tes bawa pulang sya kulitin trus goreng, pas mau makan agak ragu² tpi karna pernasaran sya makan, teryata rasanya lebih nikmat dri pada lele🤤, itu pengalaman saya pertama dan terakir kali nya😂",Positif
Untuk makanan itik bagus ini....,Positif
Jangan dimakan sudah ada penelitiannya...terdapat logam berat,Negatif
"Gua pernah makan ikan sapu"" goreng dan itu enak 😁",Positif
"Hanya sekedar mengingatkan, perairan Indonesia itu kotor. Jadi kalau ada sapu sapu jangan dimakan, ada banyak logam berat soalnya. Cek aja di google",Negatif
😮😮😮😮😮,Netral
P,Netral
Pantas somay nya khas dan enk.. trnyata sapu2.. tp trnyata bahaya.. 😢,Netral
Satu kilonya brapa nengku😂,Netral
Daripada Dibuang Mendingan Diolah Buat Pakan Kucing Atau Anjing Yg Hidup Dijalanan Asalkan Dibuang Bersih Dan Diambil Dagingnya Saja Dan Diolah .. Insyaallah Pasti Bermanfaat,Positif
Beracon,Netral
Bukan di Indonesia,Netral
"Ikan sapu sapu tidak berbahaya, yg bahaya itu yg pengepul sapu sapu",Negatif
Trauma beli siomay sekarang 😭,Netral
"Bikin ikan asin bisa aja tuh..
 Gurih kli",Netral
Apakah siomay Abang² pada make ikan sapu sapu.😢,Netral
Kalau di jadikan pelet pakan ayam,Netral
"Kesini gara gara liat ikan sapu sapu berserakan di jalan..
 😂",Netral
Azabbb tapii LeAdZadd JhoNsss 😂😮😅❤❤❤,Netral
"Ikan sapu-sapu, bagian kepalanya dan kulit saja di buang, bahaya, bagian lain di konsumsi saja..",Netral
Berbahaya,Netral
Sebenarnya ikan sapu2 enak bikin ikan asin,Positif
"Ikan sapu-sapu menyerap racun dari limbah di sungai.
 Tubuhnya banyak racun termasuk merkuri. Berbahaya dikonsumsi.
 Efeknya jangka panjang bukan saat dimakan langsung terasa efeknya di tubuh.
 Waspada penjual somay dan bakso yg pakai ikan Sapu-Sapu.",Negatif
Tidak cocok untuk di konsumsi jangka panjang 😂,Negatif
"kalau sungai indo bersih mah gpp, tapi realitanya jangan dah kalo ga mau kena kanker",Negatif
Dulu saya beli ikan ini 1kg dipasar.dibuat somay rasa enak..dicocol saus lencong tambah enak,Positif
Ikan mirip ikan purba siluman wkwk,Netral
Sejak tau somay sapu2 lngsung ogah jajan somay murah😅,Netral
Katanya Daginggnya mengandun logam emas tembaga perak 😅,Netral
"Kalau di habitat aslinya, sungai amazon sih gw mau makan. Soalnya belum tercemar. Tapi kalo di indo ga deh. Soalnya di beberapa negara amerika selatan, ikan sapu2 emang di komsumsi. Sama seperti sapi di india. Dagingnya juga ga boleh di konsumsi. Soalnya makannya sampah. Kecuali sapi ternak, baru dagingnya aman dikomsumsi.",Negatif
Enak dibuat siomay,Positif
Buat siomaykepala kulit buat kuah 😂,Netral
"Kalo tempat dia nangkep ikannya jelas sih pengen2 aj makan. Mau di budidaya jg dilarang kan di Indonesia, jadi pasti ditangkep dialam liar. Kalo ditangkepnya di sungai tercemar ya sama aj bundir",Netral
Ternyata begitu cara motong sapi,Netral
Gk bhaya ta ikan ini klo d mkn?,Netral
"Produksi buat pakan ternak...itu jauh lbh bagus,akibat ulah para bajingan penjual ikan hias,yg membahayakan ekosistem ikan lokal",Netral
Emang di indo ada yg jual dagingnya aja? daerah mana? dimasak apa?,Netral
Uno,Netral
Y,Netral
"Ogah , banyak bakteri. Microplastic , ibarat lo makan penyedot debu tapi itu hewan",Netral
Dagingnya mengandung merkuri yg berbahaya buat tubuh,Netral
#musnahkanikansapu2 ayo para pemancing sama2 cari sensasi memburu dan memusnahkan ikan sapu-sapu dari perairan Nusantara,Netral
Aku mau ..perkilo berapa,Netral
Somay dan otak² ikan tengiri 😂😂,Netral
"Gua ada 1 dikamar mandi, gua taro dibak mandi, biar dia makan lumut, alhamdulilah udh mau 6 bulan gak bersih²in bak😅",Negatif
"Kelamaan! Belah aja bagian punggungnya, terus dagingnya di kerok pakai pisau atau sendok.",Netral
"Bagi yg masih bertanya² apakah Ikan sapu-sapu apakah bisa dan boleh di konsumsi?
 
 Jawabannya : bisa dan boleh² aja di konsumsi dan gak ada yg ngelarang.
 
 Tapi yg jadi masalah adalah ikan sapu² itu punya ketahanan yg sangat luar biasa, bisa bertahanan di lingkungan air yg sangat buruk sekalipun seperti di sungai Ciliwung atau sungai di jakarta yg tingkat pencemarannya sangat tinggi, dan ikan sapu2 dari tempat seperti itu banyak yg mengambil dan memanfaatkan menjadi olahan makanan dan otomatis ikan sapu² dari tempat seperti itu dagingnya sudah tercemar logam berat. Tapi kalau ikan sapu² yg dipelihara di kolam, aquarium atau yg diambil lingkungan air yg tingkat pencemaran airnya masih rendah,aman² aja untuk di konsumsi",Negatif
Buat makan anjing dan kucing mantap,Positif
Lumayan kalo buat makan anjing dan kucing,Netral
assalamualaikum bang,Netral
Wenakkk n sedappp...hemmm,Netral
"Padahal bahaya banget daging sapu"" Itu, karna mengandung logam berat",Negatif
"Kok ada yang mau makan ya , padahal di dalam dagingx banyak mengandung merkuri dan logam ..",Netral
Penuh timbal,Netral
Salah klo mengambil dagingnya dengan cara seperti ini.daging banyak teebuang,Netral
"Selamat Siang
 
 
 
 Kami dari tim On The Spot Trans 7 memohon izin untuk menayangkan video ini dari channel youtube Anda.
 
 Video akan ditayangkan pada salah satu segmen tayangan On The Spot.
 
 
 
 Video yang ditayangkan akan mendapatkan credit berupa pencantuman nama akun Anda pada tayangan kami.
 
 Atas izinnya jika berkenan kami ucapkan terima kasih.
 
 
 
 Best Regards,
 
 On The Spot Team",Netral
Uh....terbayang merkuri yg ada di dagingnya 😂,Netral
di meksiko itu di jadikan makanan hewan.,Netral
Dari pada b1 b2,Netral
Pemakan siomay sapu-sapu sejatinya adalah pejuang lingkungan secara tidak langsung.,Negatif
enak loh dagingnya,Positif
"Tapi disatu sisi bagus juga ada yg berburu ikan hama ini soalnya ini ikan invasif perkembangan nya sangat cepat banget, saya liat di tiktok ada abg abg yg tiap hari live nangkepin ikan ini dpt banyak banget disatu tempat, setiap hari lho",Netral
enak dagingnya,Positif
Seperti tidak ada saja lagi ikan lain didunia ini ...😂😂😂,Negatif
Biar punah sekalian aja Gpp itu ikan parasit utk ekosistem ikan yg lain,Netral
bnyak tukang somey beli itu😅,Netral
Pake piso kecil + sendok cepet,Netral
"Ini ikan amis nya bukan main, kaya rasa bangke mati",Negatif
Apakah ikan sapu2 bisa di makan,Netral
Yg penting halal👍💪,Netral
Saya pernah makan....emang enak,Positif
Y,Netral
Katanya bikin gatel gatel ya..,Netral
GK bisa dimak BG banyak racunya,Netral
Semua daging enak,Positif
Harammmm!,Netral
Bikin kangker woy hadeh,Netral
Ikang?,Netral
Jadi somay enaaaakk😅,Netral
Ini biasa di pake bakso ikan atau basreng... Pake ikan sapu2😂,Netral
Buat somay,Netral
Di kampungku itu namanya ikan gawok,Netral
Bahaya,Negatif
Tidak saya tak mau,Negatif
😮😮,Netral
Ikan ini gak boleh di makan kan?,Negatif
"Itu Ikan KOTORAN,...Gak layak dikonsumsi 😮😮",Netral
Kelamaan masih itu dibanding Abang dipinggir kali cuman modal sendok doang,Netral
Ikan sapu-sapu.,Netral
"Ngeri jika d konsumsi terus menerus,,,biasanya d jadikan siomay d jkt 😬",Netral
Di jakarta banyak di jadikan siomai...,Netral
"Ga bang, tinggi kandungan timbalnya.",Negatif
jijih memakannya ...,Netral
Ikan bandaraya itu,Netral
Masih banyak ikan yang lain lebih enak,Positif
Ikan dg kandungan zat berbahaya..tdk untk konsumsi,Netral
No thanks.,Negatif
Enggaaaaak,Netral
Ikan bandaraya,Netral
Kalau latahnya ke pembersihan sampah...mungkin lebih bermanfaat kali yak 😂,Positif
"Aku punya ide, mending lepas 5 ekor buaya jantan, kalo ikan sapu sapunya sudah mulai habis, buayanya di tangkap jadikan tas",Netral
"Itu bisa dimakan ,caranya ikan yg ketangkap dimasukan ke air yg jernih sebulan baru dimasak dan aman",Netral
Semoga langsung di ganti dengan juta an ikan yg lain,Netral
"Pemerintah daerah yg jahat rakyat setempat yg bikin kesalahan ,ikan dan mahluk hidup yg di salahin sungguh manusia ak adil.",Netral
Ikan sapu2 diolah buat makanan sehari2 koruptor.,Netral
Itu tanda ilahi... teguran...yg harus disapu para koruptor dan penjahat di negara ini... sadarlah,Netral
"Yang jadi pertanyaan: 
 BERAPA ITU PENGAJUAN ANGGARANNYA?? 😂😂😂",Netral
Mantap langsung ganti ras mujaer aja pak sama lele,Positif
Harus Rutin Pak,Netral
"Bagus sih mikirin ikan sapu sapu, banjir nya ga di pikirin sampah nya",Netral
Skalian dong sapu2 koruptor,Netral
"Kurang kerjaan. Preman,/ kejahatan di Jakarta sangat tinggi Itu yang wajib dimusnahkan. Bukan kan sapu sapu",Netral
Kalau bersihin depan plaza Indonesia berhadapan sama grand Indonesia sapu2 nya banyak gede2 banget,Netral
Ngak penting ikan sapu sapu. Tuh. Jakarta. Apa lagi dinkelapa gading. Jalan hanya tambal sulam. Itu yg penting.,Netral
mantap teruskan musnahkan ikan sapu sapu,Positif
Koruptor lah yang di bersihkan..😂😂,Netral
"Daripada sekadar dimusnahkan dengan dikubur, seharusnya kita lebih inovatif dalam pemanfaatannya. Memang benar jika dijadikan pakan ternak ada risiko bioakumulasi logam berat dari sungai yang tercemar, tapi bukan berarti ikan ini sampah total.
 
 Secara teknis, ikan sapu-sapu bisa diolah menjadi Pupuk Organik Cair (POC) karena kandungan kalsium dan nitrogennya tinggi—sangat bagus untuk tanaman hias tanpa risiko masuk ke rantai makanan manusia. Selain itu, kulitnya yang punya tekstur eksotis mirip kulit buaya memiliki nilai ekonomi tinggi jika disamak menjadi produk kerajinan tangan. Sayang sekali jika potensi sumber daya yang melimpah ini dibuang percuma, padahal bisa jadi peluang ekonomi sirkular bagi masyarakat sekitar.",Positif
Akhirnya mereka sadar,Netral
sejak kapan ikan wanita perempuan dan pria 😂,Netral
"KEGIATAN POSITIP, TAPI TIDAK PENGARUH KEPADA PENINGKATAN KEMAKMURAN MASYARAKAT MISKIN",Negatif
Ini baru satu gebrakan yg ga ada di provinsi lain,Negatif
Selanjutnya sapu sapu koruptor yang lebih ganas,Netral
Mana nih komunitas pencinta ikan diam aja wkwkwk,Netral
Koruptor di tindak seperti ikan sapu2,Netral
Korupsi d sapuu😅😅,Netral
"Pr .gubetnur bukan ikan,tapi.sampah yang di buang ke kota orang lain ibu kota tak punya tpa .pengen bersih kota orang di kotori",Positif
Bisa nga ikan sapu sapu di teliti dahulu pasti ada kegunaan nya jangan di basmi tapi siasa karena Allah ciptakan mahluk pasti ada manfaatnya pa gubernur 😊,Negatif
😂😂 sapu² diurusin.. banjir sama macet pa.. 😂😂,Netral
Sapu bersih koruptor 😂,Positif
Sudah viral baru di jlan kn gini amat tinggal di konoha,Netral
Hei pramono....bersihkan sungai yg ada dijakarta,Netral
Hemmm kerjaan yg TDK JD target.harusnya kelanjutan pembangunan flyover dr Pesing arah k kali deres yg sering banjir.harusnya media pertanyakan kpd gub.,Netral
Berani sapu bersih koruptor???,Positif
👏👏👏👏👏👏,Netral
Selagiasih kotor sapu sapu akan bamyak,Negatif
"Ngimpi opo ya ikan sapu sapunya, sebelum disapu?!!🎉🫣😱",Netral
"HEBAT YAAAA KALO URUSAN PENCITRA'AN EN SENSASIONAL😂😂😂😂😂KENAPA BUKAN IKAN KORUPTOR DAN MAFIA YG GEMUK2x Itu yg di SAPU BERSIH DARI NEGERI INI,,😂😂😂😂😂😂😂😂😂😂😂😂",Positif
Sebaiknya dikasih ke TERMUL untuk dikonsumsi daripada mubazir,Netral
Gak ono kerjoan lain kok bahas ikan sapu2..aduh aduh .....anak tk 😂😂,Negatif
Ga bermutu banget,Negatif
"Ini cakep. Nih, jalau bisa 1 bulan sekali rutin, bersih dah airnya",Positif
Untuk obat itu..,Netral
"Cara primitif. Kurang cerdas. 
 Tuh ikan ada dan fungsinya apa gà tw.
 Ng-labrak yg buang limbah keok. Baru kali ini Jkt pnya pimpinan² nga2oh.",Netral
Tangani macet dn banjir,Netral
Saya setuju bnget basmi ikan sapu2 biyar ikan nya mkin bnysk,Positif
Ikan sapu dapu berdasi yg di instasi2 tolong disapu juga p.gup..👍,Netral
Kok lucu ya?,Positif
"Gub jual ke luar negri
 Buat tambahan dana😂😂",Netral
"Bukanya bersih2 sampah
 Malah gurusin ikan
 😅😅 Ga ada kerjaan",Negatif
"Binggung gubernur DKI mau ngapain,dari pada Ng ada kerjaan 😅",Netral
yg lebih sempurna caranya di racun . ikan sapu2 baru mati,Negatif
Sapu bersih juga para koruptornya,Positif
Lumayan gubernur jkt kelihatan ada hajatan massal....😊,Netral
Ikan sapu2 itu bs d konsumsi ga sih?asli gue ngk tau tp kl lihat bentuknyaa seremm sihh ya kaya lele tp kasar,Negatif
Ide bagus dibuat event bareng bersih sapu2 lagi...,Positif
"Koruptor itu disapu, telurnya bisa trilyunan",Netral
Berita ga bermanfaat...😂,Negatif
Gubernur DKI saking bingung ga ada kerjaan 😂😅,Negatif
ikan koruptor,Netral
Ruitin bersihin kalo cuma sekali ya... karna telurnya banyak 3 bulan kedepan mbludak lagi,Netral
"Ini pergub yaa !?
 Woi pak yg dibersihin itu sungai nya ,selama masih cemar sapu sapu tak akan sirnah.
 Tipis amat prestasi anda cm level sapu sapu",Netral
Waduh tukang somay bisa naikin harga nanti,Netral
"Dari pada ikan, mendingan beresin jalan-jalan yg bolong bekas galian sumur resapan yg ga ada fungsi",Negatif
"Jangan Lupa masih banyak hal2 yg lebih *_Penting_* dari Ikan Sapu2.
 Tolong Lh... Buat Masyrakat Bahagia",Negatif
Bagus nya hilang ikan sapu sapu nanti dilepas ikan nila dan patin boar bsa. Wisata mancing dlm.kota,Positif
"gambaran buat negri ini,yg banyak pejabaat sapu sapu",Netral
"Setelah bersih dari sapu-sapu ditabur benih ikan kemudian buat kesepakatan kapan bisa dipanen juga buat sangsi.
 Bila rakyat cerdas tentu akan patuh, disiplin kecuali kurawa.
 Semoga JKT jernih.",Positif
"👍👍👍 P Gub , lg panen ikan ,,",Netral
Sampah yang harus di utamakan bukan ikan sapu sapu.. kasian mereka juga makhluk hidup cipaat allah,Netral
"Ikan sapu sapu ada karna sungai dan kali itu kotor,
 
 Jadi??????",Netral
PEJABAT CUMA PIDATO,Netral
Ikan apa yang bisa hidup di air yang tercemar di kali jakarta selain ikan sapu-sapu?,Netral
Sungguh terlalu penuh pormalitas ...Ampe ngurus bagikan ..pdhal masih bnyak mslah yg lbih pnting ..alhmdulilah aku punya pmimpin terbaik KDM dari pmimpin yg kurang baik ..😂😂😂,Netral
"Semakin tercemar air di suatu t4,ikan sapu makin subur berkembang biak,Krn daya tahan pleksibitas yg sgt tinggi,ikan sapu bukan predator ttpi sbgi earli warning/sbgi tanda bahwa air di t4 tersebut tercemar& butuh perawatan.",Netral
Gurusin sapu sapu,Netral
Kerjaan seperti ini cukup RT RW saja😇😇😇,Netral
"Kurang kerjaan si pramono😂😂😂 sekelas gubernur tapi cara penyelesaiannya sampah😂😂😂😂 
 
 Tinggal setrum habis semua..
 
 Baru tabur bibit ikan yang mau di lestarikan",Netral
TANGKAP IKAN SAPU SAPU DAN TANGKAP SAMPAH SAMPAH SUNGAI PER KILO DIHARGAI ?....MANTAB,Netral
"Manusia yg korupsi juga sapu semua hanguskan, kok ikan sapu2 itu urusan kecil",Netral
LOMBA TANGKAP IKAN SAPU SAPU PERKILO DI HARGAI ?,Netral
Bkn hny ikan sapu sapu yg di bersihkan tp para koruptor yg sdh merajalela hrs di bersihkan dgn menerapkan sita asetnya..,Netral
Sekalian got-got yang mampet juga dibersihkan Pak.Gub... biar tidak banjir,Negatif
Ternyata ikan sapu-sapu sejenis manusia ada pria dan wanita bukan jantan betina. Selamat bersih2 pak,Netral
Enak buat lauk,Positif
"@kirain SAPU2 in.. KORUPTOR ?!!!
 yang sudah kePenuhan dan membludak !!
 Ternyata Sapu2in ikan ..toh ??! 😂🎉",Netral
kpn pejabat kotor di bersihin.,Negatif
yang perlu dimusnakan anis roy panci caplin karna merekala hama sebenarnya,Negatif
kang somay panen 🤭,Netral
"musnahkan binatang-binatang yg merugikan, KHUSUSNYA: BAJING LONCAT, TIKUS BERDASI",Netral
Kerja sia sia KL pembersihan tidak continue. Jgn lupa hapus koruptor,Negatif
Cara yang lebih canggih mengendalikan ikan sapu2 dengan mendatangkan predatornya yaitu: BUAYA,Netral
"Y tebar ikan lele dong ..
 Jangan ikan sampai sapu di ambil tapi ga ada ikan lokal yg di tebar....nanti telurnya terus menetas jadi ikan sapu papu.",Negatif
Agar bersih menurutku pemerintah harus membeli ikan sapu sapu dari kota dan kampung dan harus ada yang membeli dan menampungnya agar lebih cepat habis.,Positif
"Yaelah, baru kerja nagkap ikan",Netral
"Jangan cuma pemakan lumut yg disapu bersih,,!!!
 Pemakan UANG RAKYAT jg harus di sapu bersih, biar Adil,untuk kelangsungan Hidup",Negatif
BPOM harus segera menyelidiki makanan siomay apakah menggunakan daging ikan sapu2,Netral
Kn paky tua cengkaling ikn bisa mti,Netral
Ikan dbersihin bknnye pejabat yg korup dbersihin,Netral
DISUNGAI CIKEAS KOTA WISATA DAN SEKITARNYA SUNGAI SUDAH DIPENUHI IKAN SAPU2 ....,Netral
"APBD DKI..90 TRILYUN..!!!
 "" PROYEK IKAN SAPU SAPU ""😮
 
 WAJAR SAJA...,PARA POLTISI BEREBUT & BERSAING ,,UNTUK MENJADI GUBERNUR...😮😮😮
  AMAZING...😊😊😊",Netral
Kegiatan konyol,Netral
"Sekalian SAPU BERSIH itu TIKUS2 BERDASI,
 Peninggalan Pemalsu & Pembohong.",Positif
Urusin banjir tuh ikan 😅diurusin,Netral
Matiin ikan mah gampang tinggal dikasih potassium aja beres...!!! Gak perlu buang duit milyaran...!!! Tinggal di blok perlokasi terus diberi Portas. Selesaiii...!!! Jangan yg gampang dibuat susah...!!!,Negatif
Jangan lupa benih ikan asli di sebarin juga,Negatif
Bersih-bersih koruptor...bkn bersih-bersih ikan sapu...😂,Netral
langsung tanam itu bibit ikan,Netral
Kalang nelayan.... Kerja jadi gubenur cuma gitu..... Kkkkkkkk nalar rakyatnya dimana.....,Netral
Beritanya kurang lengkap. Ikan sapu-sapu nya gak dijelasin jenis sapu lidi apa sapu ijuk,Negatif
GUBERNUR IKAN SAPU SAPU 😅😅😅😅,Netral
MasyaAllah allah menciptakan ikan sapu sapu membawa eejeki bagi petugas yg di terjunkan sehingga pemda DKI bisa mengeluarkan 😂,Netral
"Ikan sapu sapu itu ikan invasif? Kalo baca dari google itu tertulis jelas ikan sapu sapu malah makan algae, kalo diambil tanpa menahu kalo jadi black death kedua gimana",Netral
Ikan sapu2 jga ber gak hidup jgn di musnahkn. Berikan dia tempat untuk hidup kyk gitu 😅😮😊,Negatif
Jangan hanya ikan sapu sapunya aja keruk lumpur2 seluruh sungai2 dan gorong gorong.,Negatif
Ok ..mantab..ambil aja dagingnya buat umpan mancing di laut,Positif
Terlalu fokus hingga besi di jembatan ancol pada ilang 😂,Netral
ladang korupsi baru😅😅😅,Netral
"Sampah,koruptor, para mapia parkir tuh bersihin, malah ikan sapu2 yg di bersihin",Netral
Coba ciptakan pembasmi ikan sapu sapu baru ✨😍,Netral
Dak penting sapu bersi ikan sapu sapu yg penting yg korupsi itu yg harus di sapu besar besaran itu yg harus di sapu pak,Netral
"MABTAP ....👍🏼
 SAMBEL PENYET SAPU SAPU",Netral
Lihat berapa hari ke depan ikan sapu sapu sudah timbul lagi,Netral
"Gak usah repot"" musnahkn mereka dg racun ikan , setelah sterill lalu taburkan ikan yg lain y .",Negatif
Dari pada gak ada kerjaan nya di jakarta....ya ini aja dah dikerjain😂😂,Negatif
Kerjaan Gubernur DKI gini amat ya! 😢,Netral
Darimana datangnya ikan sapu-sapu ? Memang tidak boleh dikonsumsi ya,Negatif
Gubernur hanya sukses mengurisi ikan sapu2,Netral
Sekelas ikan sapu sapu😮😢😅,Netral
Gubernur sapu sapu,Netral
Ikan sapu sapu mencerminkan sisi pemerintah nya kotor,Negatif
Bagus lah ketimbng g da kegiatan .. g jls bngt..,Positif
Ga bakalan ikan sapu” bakal hilang..klu telornya dilobang lobang ga diambilin juga.sekali netes bisa ratusan,Negatif
Lalu masukkan ikan lele biar bisa memakan telur dari ikan sapu sapu,Netral
"Beresin tuh jalan2 di jakarta banyak bgt galian udah bertahun2 ga di urus, bikin macet aja .",Negatif
"siapa yang tahu bahwa ada yg lebih berbahaya dari ikan sapu - sapu yg wajib disapu? 
 tapi siapa yang bisa menyapu?",Netral
"SAPU SAPU BERSIH PKI .... .... ......
 ALAM SUDAH MEMBUKA",Positif
Gubernur Coba suruh bersihin spu sapu di kali awas jangan pakai helikopter,Negatif
"Bersih bersih koruptor ,itu baru hebat.",Positif
"Sekalian bersihkan sungai diseluruh jakarta , biar bersih ,dan jernih airnya harus tiap hari , pasti bisa kaya sungai dijepang",Positif
"Harusnya di teliti diciptakan obat untuk pemusnahan massal karena kalo cuma dtangkap ga bakal habis, mana seluruh Indonesia ikan itu dah menjadi penghuni air liar",Negatif
Cieee.... Kerja ni yeee...,Netral
"Gubernur hebat ❤
 Perang lawan sapu sapu.
 
 Jangan pernah perang melawan preman, begal , dan mafia tanah !!!",Netral
Terus lbih bahaya mana ikan sapu sapu sama tikus berdasi,Negatif
"Diracun dan setrum. 
 Saya yakin akan habis ikan nya.",Netral
"Sekalian hapus bersih tembak ditempat maling uang rakyat (Koruptor) ..., bukan ngurusi jln macet , dimana"" galian ga da hbis nya ngurusin ikan sapu"" ... mmg ga da kebijakan yg lebih bagus lagi tuk warga",Netral
Julukannya Gubernur sapu sapu. Saja dari PD*P kan tuh...ya,Netral
"Caer proyek ikan sapu sapu 😂
 Ngeri ngeri PDI P",Netral
Jangan lupa sapu sapu juga koruptornya,Negatif
Memang orang kurang kerjaan,Netral
"kocak ya , ikan sapu sapu kan memang hidupnya di sungai yg kumuh dan tercemar, klo sungai banyak ikan sapu2 berarti sungainya kumuh dan tercemar limbah industri kok yg di salahin ikan sapu2 nya",Netral
Smoga bisa jadi awal sungai bersih dan jenih,Positif
Kali keruk,Netral
Setiap ciptaan allah tdk manfaat mahluk lainya,Netral
"sapu sapu : parah malah gw dibersihin, itu koruptor bersihin dongo",Netral
Kurang kerjaan...!,Netral
mata kalian apa picek.semua,Netral
"Mau nyapu pejabat kali yang suka korup, makanya bawa pasukannya..",Positif
"Bawa kesini Ika. Sapu sapu nya,, tk masak joz jis",Netral
Bagusnya sebagian ikan sapu-sapu ditempatkan kepada konservasi SDA,Netral
"Kapan sapu"" premanisme, koruptor dan bangli?? Jangan ikan sapu"" doang yg diurusin 🤧",Negatif
Bukan cuman di jakarta tapi di bandung juga udah invasif ikan sapu sapu,Netral
"hati hati buat sayembara kalau terlalu lama, bisa dimanfaatkan oknum malah jadi ternak sapu sapu kaya waktu kejadian ular di india",Netral
"Seberapa pengaruh ikan sapu sapu pa.. terhadap ekonomi rakyat..? 
 Di banding manusia yg sifatnya seperti ikan sapu sapu duduk di kursi DPR..",Netral
"Di keringkan, di giling. Buat pupuk bisa gak? 😅",Netral
Tukang somay😍😍,Netral
"Di sungai di jawa barat juga ada, tapi ga sebanyak ini. Padahal dari dulu sudah ada. Artinya pasti ada pemangsa alami ikan sapu-sapu.. Ko di jakarta bisa banyak banget.. Mungkin bisa di teliti ke sungai-sungai di desa..",Negatif
sekalian bersihin sampah dan jadikan momen ini sebagai awal gerakan masyarakat sadar lingkungan.,Netral
"Dulu di cina, pernah memusnahkan burung Pipit dan yang terjadi adalah justru merugikan manusia. Mau tau lengkapnya cari tau sendiri",Netral
"Sapu bersih itu Preman,Begal,Maling,pelaku kejahatan Paklik..
 Bukan ikan yg namanya Sapu2...piye thoo Pak Pak... beraninya sama Ikan.",Positif
"Ikan Sapu2 dibantai
 Narkoba Sabu2 di lestarikan
 😮😮😮",Netral
Sungguh gebrakan yg luar biasa...😂 ha-ha-ha,Netral
Limbah & sampah lebih bahaya,Negatif
"Seharusnya tugas penangkapan ikan sapu sapu itu diserahkan pada masyarakat setempat, hasil tangkapannya kemudian dibeli Pemda sebagai imbalan. Jika ini dilakukan, Pemda menambah lapangan pekerjaan yg ujung ujungnya meningkatkan kesejahteraan masyarakat.",Netral
"Sapu koruptor nya!!
 Ikan ngak ngaruh!!!",Netral
Ngapain coba basmi sapu2 mending aspal jalan yg bekas banjir di jalan banyak yg berlobang jln Tubagus angke Daan Mogot banyak aspal yg pada hancurr bekas hujan,Netral
"ketimbang di berantas, mending dijadikan pupuk tanaman ketimbang dijadikan pakan hewan ternak/peliharaan maupaun di konsumsi.
 
 Menjadikan ikan sapu-sapu sebagai pakan hewan (ternak) memang merupakan opsi yang sering disarankan untuk menekan populasi invasifnya, namun tetap memiliki risiko besar jika ikan tersebut berasal dari sungai tercemar. 
 
 Logam berat dari tubuh ikan sapu-sapu tidak hilang saat diolah menjadi pakan. Zat ini akan pindah dan menumpuk di daging hewan ternak yang memakannya.
 
 Jika ayam, bebek, atau lele diberi pakan ikan sapu-sapu tercemar, maka manusia yang memakan ayam atau lele tersebut tetap akan terpapar logam berat yang sama.
 
 Mengolah ikan sapu-sapu menjadi pupuk pilihan paling aman, karena logam berat yang terkandung di dalamnya tidak akan membahayakan manusia melalui rantai makanan secara langsung. Ikan sapu-sapu kaya akan Nitrogen (N), Fosfor (P), dan Kalium (K), serta kalsium dari tulangnya yang keras. Logam berat yang ada akan terikat di dalam tanah dan biasanya tidak terserap secara masif oleh buah tanaman, sehingga jauh lebih aman daripada diberikan ke hewan ternak.",Negatif
Karena biar kliatan gubernur DKI bekerja 😂😂,Netral
Segera tebar bibit2 ikan lokal agar cadangan pangan tersedia di sungai krn stlh krisis energi akan terjadi krisis pangan,Netral
Kenapa anak2 nya ngk dijadiin pakan ikan yang memangsa sesama ikan,Netral
Save ikan sapu sapu 😢 (ISSFC - Ikan Sapu Sapu Fans Club),Netral
"⚠️ PEMERINTAH - BPOM JANGAN DIAM SAJA. 
 JANGAN HANYA EDUKASI & HIMBAUAN. 
 BUAT ATURAN YG TEGAS PELARANGAN JUAL-BELI & KONSUMSI IKAN SAPU-SAPU. 
 SANKSI PIDANA YANG TEGAS. 
 PENGAWASAN/ RAZIA TERHADAP PEDAGANG MAKANAN YG BERPOTENSI MENGGUNAKAN IKAN SAPU-SAPU.",Negatif
Mending mikirin gimana buat itu sungai bersih dari zat berbahaya kalau emang peduli alam dan ikan lain,Positif
Pemda Dki . Ga becus KINERJA nya. Buang2 anggaran aja.,Negatif
Yang perlu dibasmi itu para koruptor dan pejabat yang gak berguna,Negatif
"Bukan di dano toba doang ikan sapu sapu di dano Jatiluhur juga banyak , di bendungan gerak serayu juga banyak , bahkan di tersier pengairan sawah juga molai banyak , ,
 Katanya Indonesia punya banyak orang pintar bisa teliti ini itu. , seharusnya Indonesia bisa bikin racun yg kusus buat ikan sapu sapu , ,tinggal sebar racun bisa ikan sapu sapu bersih",Negatif
Di kirain basmi koruptor,Netral
Jika boleh di programkan ke seluruh penjuru negeri untuk membrantas jenis ikan ini di danau kami pun udah terlalu banyak berkembang biak ikan setan ini dari Gorontalo menyimak sungguh sangat menggangu dan merusak 🙏🙏🙏🙏🙏,Negatif
"Justru bakso"" cuangkih itu pake daging ikan ????""🤭 Dan coba sebutkan lagi,,,, bahan"" yg masih pake daging itu ikan 😂",Netral
Yg harus dibasmi itu koruptor bukan ikan sapu sapu,Netral
"Waduh,",Netral
"Waduh,",Netral
"Logis banget, bukan ikan tapi hama perusak ekosistem dan fasilitas tanggul, ya peru di basmi",Negatif
"Cara kalian salah,ikan asli di kolam kan dulu,baru racun semuanya sungainya,biar ikan sapu sapu musnah,ini lolos 5 ekor aja udah sia-sia anggaran nangkap sapu sapu nya 😂😂😂",Negatif
Itu ikan kan bagus untuk aqaurium,Positif
tapi klo ikan sapu sapu mengandung logam berat berbahaya byat pupuk dan pakan,Netral
Kolam ikan saya kalo di ludang pasti banyak ikan sapu sapunya sampai pusing cara mbasmi nya,Netral
25/04/2026,Netral
Sebaiknya ikan sapdapu di tangkap secaramasal tapi juga di mafaatkan makan terenak emang ikan sapu sapu ganas,Netral
"ikan sapu sapu ada karena areanya kotor, kalau bersih tidak ada ikan sapu sapu..itulah butuh bersih bersih jadi tidak ada yg nyapu, termasuk koruptor butuh ada yg nyapu biar bersih.",Positif
STOP KEJAHATAN TERHADAP SESAMA MAHLUK HIDUP. TERMASUK PEMUSNAHAN IKAN SAPU SAPU ADALAH DZALIM. SEHARUSNYA IKAN SAPU SAPU BISA DI BUDIDAYA DI TEMPAT YANG BAIK DAN BISA UNTUK DI KONSUMSI. ❤,Netral
Barang siapa yang musnahkan smpai spu akan dihatam banjir bandang,Netral
Musuh perikanan kita mesti harus dijaga oleh tentara laut pasti ada oknum yg menyebarkan ikan sapu sapu sengaja..,Netral
Mending ksh ke ragunan buat mkn hewan buas dpd di kubur mubasir,Netral
ikan sapu2 dibersihkan se7 setelah itu koruptor dibersih lebih se7,Netral
"Lebih berbahaya ikan reddevil kurasa,,bahkan lebih bagus ikan sapu dimasukkan ke danau toba biar habis ikan red devil yg gak enak dimakan itu.",Positif
Kalou ikan sapu. Sapu di musnah kan coba sekalian dengan tikus. Tikus supaya lebih aman negara ini🤭🤭🤭🥱🥱🥱.,Netral
saran: Musnahkan dengan cara menjadikan pakan satwa karnifora di kebun binatang seperti buaya harimau komodo dil diseluruh indonesia. karna banyak kebun binatang yang satwanya kurus2 karna kurang biaya untuk pakan hewannya. dari pada dibuang sia2.,Netral
😂😂😂😂🤣🤣🤣🤣😆😆😆😆😁😁😁😁ikan sapu sapu digenosida dan dibikin siomay wkkkkkkkkk,Netral
Pertanda jakarta mau disapu hg habis Krn MBG ga bs stop dan otaknya ada di jakarta.,Negatif
Kenapa ikan sapu2 di ciptakan ?,Netral
"Kabiar ,telur ikan sapu sapu itukan mahal,disupermkt ,,,",Netral
"Ikan penyeibang alam,dari sampah yg mendominasi sungai di mana2",Netral
Perkiraan sy ikan ini adalah,Netral
Anak2 suru tangkap di hadiah kan Rp 2000 per ekor..kan bisa buat jajan.kasi masukan bole,Netral
"Bukan okan sapu sapu yng harus di musnah kan mha harus nya yng korusi uang rakyat yng hrus di musnahkn mh
 Ikan mh ga salah malahan yng ngeganggu alam tuh pemimpin yng korup paham klo ikan sapu sapu di musnah kan yng ada bencana",Negatif
Predator alami ikan sapu-sapu di Indonesia itu adalah tukang somay,Netral
Aneh... Siapa yang salah.. Siapa yang di bantai.... Kasihan jadi ikan sapu sapu,Netral
"Ikan sapu sapu di bersihin sedangkan limbah pabrik yg merusak dan membunuh ikan ikan di sungai di biarin ,tlg pak pabrik dan perusahan yg buang limbah kekali dan saluran air tlg di tertibkan juga",Negatif
"Kalau tidak bisa pelihara air ya yg bisa hidup cuma ikan sapu2. 
 Kalau airnya sehat berbagai ikan lokal bisa hidup",Negatif
😅😅😅😅,Netral
Diolah dicampur buat makanan ternak,Netral
Ikan pembersih kaca,Netral
"Berikan ke cina,besok udah diolahnya jadi Snack sopu sopu..
 Lezat bebas racun....",Netral
"Itu langsung di urug ikan sapu2 bisa hidup dan bikin lobang , seharusnya , dicor samping seperti kolam",Netral
Ikan sapu harus sapu bersih koruptor...,Positif
Dibersihkan semua ikan sapu sapu diganti ikan lokal wader pari,Netral
"ikan sapu-sapu harus dimusnahkan 
 karena untuk mengalihkan penanganan sampah yg gk bisa ditangani 😅😅😅",Netral
"Yg harus di musnahkan itu koruptor,BKN ikan sapu2.",Netral
Selamatkan ikan sapu-sapu.,Netral
Kasihan ya mereka di kubur pdhl mereka pngen hidup 😊,Netral
👗🤔👣 coba makan ikan sapu-sapu 🍿😁,Netral
Kasihan sih lihatnya di kubur idup idup.,Netral
Bagai macan yg sering makan manusia kapan ya ? Mau di berantas,Netral
"Eh tapikan ikan sapu sapu juga makhluk hidup mereka pengen hidup, dari pada di musnahkan mending di pindahin ke kolam lain terus jadi tempat wisata, kayak di china banyak kucing liar tapi sama mereka di rawat terus akhirnya jafi tempat wisata, di jakarta jg banyak kucing liar kenapa gk kepikiran untuk di rawat gitu jadi tempat wisata kan bagus",Positif
Di olah di buat pupuk atau diolah buat mknan bebej,Netral
"Mahluk lemah dan tidak berdaya harus di musnahakan,lain dengan hiu tidak ada yang berani musnahkan.",Negatif
"Kenapa ikannya di basmi, kan ikannya enak ituu.. dari kecil di tempat saya ikannya jadi incaran buat dijual wet",Positif
"PARA KORUPTOR HARUS DIBUAT SEPERTI IKAN SAPU SAPU, DIBASMI HABIS SAMPE KE AKAR2NYA.. KUBUR HIDUP2",Netral
"Ikan sapu2 dimusnahkan dengan sia2 karena dianggap merugikan ekosistem, kenapa tidak diolah dijadikan pakan ternak saja, jadi bisa bermanfaat dari pada dibuang sia2 yg mungkin berdampak pd lungkungan",Netral
Semoga sabu sabu juga ...🙄,Netral
Seharus jgn di kubur ikan jg mahluk hidup sebaiknya di buang di laut untuk makanan ikan besar,Netral
Kaga bakalan musnah selagi masih ada aliran air dari hulu apalagi ada telur nya..paling yg musnah ibuknya doang,Netral
Gubernur DKI 11 12 dengan anies basedan😅😅😅😅😅,Netral
"Ikan TDK korupsi tp dihukum mati dikubur hidup2, besuk giliran koruptor yg dikubur hidup2",Negatif
S,Netral
"Ko baru skrg yaa itu tenar di musnakan dulu mah engga ada pembasmian ikan sapu2.
 Tiba2 melonjak drsatik berton ton tu ikan sapu sapu",Netral
KORUPTOR DI PIARA,Netral
"dicari ilmunya dong, mosok kita bisa cuma dengan cara menangkap satu persatu gitu",Netral
"Seharusnya yg dibasmi secara massal itu koruptor khususnya yg ada di DKI, mereka bukan hanya merusak ekosistem tapi ,merusak disemua sisi, pengalihan ²seperti ini kami sudah paham,dan sangat mengerti",Negatif
Manusia yg mendatangkan ikan sapu2 matinya mangenaskan di makan bangsa ika,Netral
Padahal dagingnya enak di sate,Positif
Ikan Sapu Sapu Sudah Di Anggap Serangga. Dan Serangga Wajib Di Basmi. Ikan Sapu Sapu Ibarat BenaLu Berbahaya. Basmi Saja !!!!!!! 🙏,Netral
makanan olahan ky bakso pinggir jalan harusnya punya ijin dan diawasi ketat..,Netral
Korupsi harus di musnahkan,Netral
Yg harus nyah di musnahkan ituh para KORUPTOR,Netral
"Lah kok d musnah kan?, buat apa yg maha kuasa menciptakan.! Duh ngeri bnr",Netral
"negara aneh bukannya ngurusin rakyat 
 malah ngajak ngurusin ikan sapu2. 
 kebijaksanaan dalam permusyawaratan perwakilan 
 keadilan sosial bagi seluruh rakyat Indonesia. 
 
 gak nyambung blas😅",Negatif
Karena kepentingan pedeipe yg bermuatan politik.,Netral
"PRESTASI YANG SANGAT MEMBANGGAKAN
 NENEK LAMPIR PASTI SENANG
 INI CALON PRESIDEN 2029 DENGAN PRESTASI MENYAPU HABIS IKAN SAPU SAPU DARI BUMI JAKARTA",Netral
Mau ngabisin anggaran ajah,Netral
entar jg ada balasannya,Netral
Mungkin itu pertanda dari alam betapa cepat perkembangn para koruptor di negri ini yg luar biasa bahayanya untuk segera disahkn UU tentang koruptor agar populasinya tdk semakin pesat,Netral
"Ikan sapu sapu,enak dibikin sosis",Netral
jadi giniii yaaa... aduuuh kita tiadaa uang niih.. yuk bikin acaraaa... kita tangkepin itu sapusapu lalu kita dapat uang operasionaal dari kas apbd ..alasan kita bikinbikin deeh..haaa haaa haaa..,Netral
"PEMDA dki jkrt dgn Bangga nya & dgn Gencar Gencar nya mereka membasmi hingga Hampir musnah ikan sapu sapu, tapi... 
 Koruptor & Mafia Birokrasi mereka Pelihara Berkembang Biak dgn Aman.",Netral
Jadi pendatang itu jadi perusak ekosistem. Kayak orang betawi yak...,Netral
"Siapa yg mau membela hak ikan sapu-sapu? 
 Siapa yg punya hak memutus hak hidup setiap makhluk?",Netral
Bisa diolah menjadi pakan ternak ....,Netral
"Ikan di pikirin, rakyat pada lapar pikirin !",Netral
"Nanti sisa 5ekor jangan dibunuh,kalo dibunuh dipenjara😅karena alesan ikan langka 😂",Negatif
NEXT DANAU TOBA 3 tahun mendatang di penuhi sapu²,Netral
Buang Sampah saja Masih Sembarangan. Bisa bisanya Sok pelestarian ikan Lokal😂,Netral
DIBUAT PAKANTERNAK KAN BERGUNA,Netral
"Belajar lagi lo,",Netral
Ko bisa ika sapu sapu di jakarta itu siapa yang menebarkan ikan sapu sapu oknum jahat ya itu harus di usut membahaya kan rakyat kadian jahat bangeut ya sabar ok,Positif
kerjaan gak guna!!!,Negatif
kasihkan ke pramono sama rano,Netral
"Gubernur Dki , punya usaha sampingan buat sejahteraan warga DKI, doi merangkap sodagar ikan sapu sapu..... , abeehhhhh......!!!!😁",Netral
waduhhh... siapa yang memasukkan ikan sapu kaca ke danau toba? bisa bahaya ini,Negatif
😢,Netral
Karena paling gampang di tangkep ga ada yang beking,Negatif
Di masak enak g ya..,Positif
"ILMUAN OON IKAN MAHLUK TUHAN, MAKANANNYA JUGA DAH DIBATUR TUHAN, DISALAHIN, 😂",Netral
PAKAI OBAT PUTAS INSAALLOH MATI SEMUA...😂😂,Negatif
Tidak berprikeikanan !!,Negatif
"Saya pemancing pling benci klau ada ikan sapu""",Negatif
Ikan asli indonesia apa ya ?,Netral
"Ikan sapu sapu hidup sejak dahulu kala, ekosistem tidak apa apa, yag merusak ekosistem ada lah manusia itu sendiri 😂",Negatif
Itu lah isarat tuhan .bahwa indonesia harus segera bersih bersih ....dari koruptor dan .ketidak Adilan.,Positif
"Orang mah sibuk bikin jalan bangun jalan, ini malah sibuk nangkepin ikan sapu sapu wkwkwk",Netral
Gubenur gak adh kerjaan aja,Negatif
Lumayan ada kegiatan,Netral
Podo korup Karo sapu sapu,Netral
Diolah jadi makanan hewan atao ternak pasti bisa dari pada di timbun,Netral
Program amatir tidak berguna,Negatif
"Sebentar lagi jakarta, dapet imbalanya",Netral
"Satu kata, penganiayaan",Netral
Sya sbgai pemancing sangat senang sapu sapu di basmi sampai ke akar,Netral
Seharusnya dinasianalkan untuk pemberantasan ikan ini KRNA ...ikan ini tidak ada manfaatnya malah ladihitung 2 malah bnyak merugikan merusak alam sungai dan mengurangi ikan yg enak dimakan....belum dampaknya dikemudian hari....ikan 2 lokal yg bisa dikonsumsi akan hbis KRNA ga bisa brtmbah malah berkurang,Negatif
Mono koruptor urus tuh malah ngurus ikan parah,Netral
"Hrs nya action pengabdian kpd daerah di contoh gbnr jbar peduli peka sarpras kali2 dan pengerukn , tempat bertelur dan asuh baby ikan sapu2",Netral
skalian tuuh sapu sapu koruptor nya booos...,Netral
G adA kerjaan lagi selin ngerjain ikan sapu2 udah pada koplak,Netral
"yg jd pertanyaan sapu bersih ,basmi para koruptor bisa gak? Lebih penting urus anak anak jalanan di jakarta ,
 Perbnyak lowongan kerja padat karya bisa gk?",Positif
"Ikan sapu-sapu sering disebut pleco atau nama ilmiahnya Hypostomus plecostomus sebenarnya bisa dimakan, coba itu diolah direcah trus kasi ke pakan kolam LELE bagus?",Netral
Janganlah dinasmi...,Netral
Maaf ya apakah tidak mungkin dijadikan pakan kucing/ternak lain. Bisa jadi penghasilan penduduk utk mencari n menyetorkannya ke pabrik pakan kucing. Jangan sp jd campuran siomay jadi jijay dengarnya,Negatif
"sapu2 muncul byk Krn sungainya memang perlu dibersihkan, bisa diekspor ada peminatnya hihi",Netral
Cerita keluarga Wijaya,Netral
"Enak bisa dimakan... Dan di jadikan bahan pentol tuna dan merusak bagai mana coba . Ikan itu tidak memakan ikan atau binatang... Ikan itu adalah tanda "" Dari yg maha Kuasa klw disekitar kita ada banyak koruptor yg harus di sapu",Negatif
Ikan ini suka menginvasi dg agresiv habitat ikan lain... Akhirnya ikan ini di genoside dan di kubur hidup hidup 😅,Positif
"Serius nanya ini. Sapu2 kan bisa bolongi ya, tp ko dikubur dalam hidup2. Ntr dia ngebolongin tanah nya balik lg kesungai gk si?",Netral
Yg hrusnya dibasmi lebih awal sabu2 dgn pemeribtah lakukan sapu2 sampah sepanjang kanal yg tertimbung sampah🤣🤣🤣,Netral
di bersihkan karna tak ada pekerjaan lain selain nangkap ikan sapu sapu. untung warga jakarta tak usah beli ikan gubenur nya giat nangkap ikan,Positif
Kasihan ikanya di kubur hidup2 😢,Netral
Kok Menyalahkan ikan yg sdh hidup di alamnya manusia yg salah & serakah,Netral
Tangkap buang kelaut biar mereka hidup apa beracun kah ikan sapu2,Netral
Kejam banget😢,Netral
Apakah ikan sapu2x ini TIDAK ada musuh biologisnya???? Cara YG paling bagus sebenarnya DGN menempatkan musuh biologisnya. KARENA TIDAK mgkn membasmi ikan ini sampai habis. Krn ikan ini PASTI JUGA ada MANFAATNYA buat ekosistem.,Negatif
TUNGGU KARMA IKAN SAPU2 !!!,Netral
Emang ISO di musnahke 😂 g iso wong kwe ora Kuoso koruptor AE SE di sapu sapu,Netral
"Wah cocok buat makan ternak bebek np di musnahkan,",Netral
siapa tuh orang laknat yang ngelepasin sapu sapu ke Danau Toba.😢😢,Netral
"Lho, kata tamu di podcast dedy corbuzier cuma 1 telur?",Netral
Kenapa tidak di jadikan pangan bebek entok,Negatif
Para koruptor yang di basmi itu baru mantap justru para koruptor lah yang merusak ekosistem,Netral
"Seharusnya jangan ikan sapu-sapu saja, yang seharusnya dimusnahkan itu adalah para koruptor yang sangat menjijikan dan merugikan rakyat !",Negatif
Lebih baik melibatkan warga lokal...dengan penangkapan dan dibayar perkilo...Pemda senang warga DKI pun senang,Netral
"Kemarin ada yang kasih arahan kalau makanan sudah masak matiin kompor. 
 Sekarang di suruh basmi ikan. 
 
 Memang jenius para pemimpin negara ini.",Netral
"Pada kemana aja nih kemaren2 kalo gak ada konten kreator yang bikin video nangkep ikan Sapu2 di sungai
 Ciliwung gak akan ada yang namanya tindakan pemusnahan ikan Sapu2.",Negatif
Jangan di musnhkan di ambil dagingnya bisa di jadi baso ikan atau empe- empe.,Negatif
Dulu cina bunuh burung gereja sampe habis....dan ahirnya mereka dapet karma kelaparan 😂😂,Netral
Tingggal koruptor nih...biar Indonesia makmur...ikan sapu2 11-12 sama kourptor.,Netral
"Menurut yang saya baca, ikan Sapu-sapu bukan ikan invasif, tapi ikan yang tangguh di berbagai ekosistem, mulai dari air yang bersih sampai air yang tercemar ekstrim sekalipun, dia mampu bertahan hidup dan berkembang biak Netral, sementara ikan lain akan mati terpapar pencemaran tinggi, dengan dominannya ikan Sapu-sapu di wilayah Jakarta berarti sebagai alarm bahwa tingkat pencemaran cukup tinggi, dan itu yang perlu dibenahi, bukan membasmi ikan Sapu-sapu.",Netral
"Ikan Sapu sapu bisa dolah untuk pakanan
 ikan Ayam Burng lele .",Netral
"Kalo gitu segera tangkep oknum yg masukin ikan sapu2 ke danau Toba, apa motifnya, hukum oknumnya",Netral
Ikan sapu2 layak di konsumsi....,Netral
Mengapa ikan sapu2 harus dimusnahkan?,Netral
"Jangan ikan sapu sapu aja yg di musanahkan koruptor juga perlu di musanahkan kayak ikan sapu sapu sebab koruptor lebih bahaya dari ikan sapu sapu, bener kan?",Negatif
"Negera Laen udah pulang pergi bulan 
 Indonesian ngurusin ikan sapusapu",Netral
Yg harussss di basmiii koooruptorrrr itu yg harus di basmiiii,Netral
kirain yg mau di basmi sabu-sabu eh gak taunya ikan sapu-sapu,Negatif
Coba sungainya di potas,Netral
Buat kerjaan dki..ada2 aja memang kenapa sapu di musnahkan..memang sudah ada kajian ikan sapu2.itu merugikan lingkungan..?ono2wae ky gak ada kerjaan.bhkan bisa jadi menguntungkan.lingkunan itu sendiri..?,Negatif
"Ikan sapu2 diberantas
 Tapi
 Koruptor dipelihara",Netral
Dari dulu kemana bae,Netral
karena ada anggarannya...gak tau biaya di keluarkan..,Netral
"Jangn dikubur dibikin pupuk seperti di cina tolong pejabat yg lihat ini agr jangn mubassir, dibikin pupuk ok ?",Positif
Di Papua sangat banyak,Netral
Ada yg lebih bahaya dari ikan sapu sapu aseng dan asing yg membuat penduduk asli tersingkir,Negatif
"karena tdk ada kerjaan. ikan di musuhi program tingkst RT 
 turun sj jika tdk bisa kerja. madih baxak yg hebad.",Netral
Kalau koruptor dilestarikan yaa,Netral
Ikan sapu2 diburu pemprov DKI karena biar kelihatan kerja drpd gak ada kerjaan,Negatif
"Ikan sapu sapu sebetulnya bisa di manfaatkan untuk pakan ternak , kenapa harus di buang ,bisa di buat campuran Pur",Netral
Penting koruptor yg di basmi,Netral
Hanya mengurangi klu musnah rasanya sulit.,Netral
Andai yang membludak ikan mujaer atau ikan mas gitu .. So Good 😊,Netral
Lumayan buat bikin siomay,Netral
Mendingan yg di musnahkan hewan penjilat dan koruptor yg merusak ekosistem alam dan sistem negara',Negatif
Tangkap ikan kok d viralkan yg harus di viralkan itu membangun infrastruktur,Netral
Itu biaa di uat pakan lele padahal,Netral
"Lah.. Ikan sapu²emang hidupnya di air butek bacin,kalau airnya jernih kek swis apa ya ada ikan sapu²? 
 Ikan air tawar gabus/kotes dll jg ogah kali hidup di air bah jakarta itu,air bacin butek air prindavan..",Netral
Kalo ga ada ikan sapu2 juga ga ada ikan yg lainnya.. soalnya ikan yg lain g mungkin bisa hidup di kondisi air seperti itu,Negatif
😂😂brin sok ilmiah,Netral
"Dulu gw seneng mkn s****y, eh pas tau bahannya dr apa, udh stop nga beli lg",Netral
yg bahaya itu teroris koruptor bahaya buat negara ikan sapu sapu apa bahayanya bos,Negatif
Ikan sapu sapu jangan ke perairan dki Jakarta dulu kita lagi di obok obok sama si pramono gubernur yang kehabisan akal wkwkw kita sementara ke perairan perbatasan dki Jakarta dulu disana aman kaga di obok obok sama si pramono dul gubernur dan wakil gubernur lucu😂😂😂😂,Negatif
Ga akan berhasil kecuali diambil sisi ekonomis nya. Tanpa predator kecuali manusia yang mampu membuat ikan ini punah.,Negatif
Memang ikan Sapu sapu haram ...??,Netral
"Bukan ikan sapu2 yang brantas. Koruptor tu yang harus, di bumi hangus kan di negri ini.",Netral
dari pada ngusursin ikan sapu sapu mendingan ngrusin rakyat miskin sekola kesehatan nya dijamin biar sejahtra,Netral
Ikan cakar lumut....halal di makan...😊😅,Netral
Ikan sapu sapu kok di basmi salah apa..ikan lele ikan mujair gk akan hidup di kali itu terlalu keruh airnya.,Netral
Ikan sapu-sapu bisa di jadi ikan 🐟🎏 asin,Netral
"Ikan sapu2 di basmi tapi MBG yg udah jls beracun membuat anak2 sakit gk di basmi, dasar pemerintah jahanam",Netral
"Ikan sapu2 di basmi, tapi para koruptor dan pungli gk di amankan, mana lebih bahaya ikan sapu2 atau para koruptor,",Negatif
Dimanapun berita soal ikan sapu-sapu pasti gak lengkap. Kenapa gak dijelasin ikan sapu-sapu nya jenis sapu lidi apa sapu ijuk,Negatif
Yang dibasmi bukan hanya ikan sapu sapu para korupsi juga harus dibasmi juga,Netral
"Ikan gurame ikan nila gabakal bisa hidup karena air ya tercemar dan kotor 
 Cuman ikan sapu2 yng bisa hidup",Negatif
Padahal buat aph e matiin kan dia mau hidup selmnya dosa loh,Netral
"wih...di kubur hidup hidup, pembunuhan sadis ....🤣🤣🤣🤣",Netral
"Cari cara biar bisa enak dimakan, pasti langsung abis 😏",Positif
yang harus dimusnahkan koruptor bro 💪💪🇮🇩 program recehan 🤣🤣🤣,Netral
"Walaupun merugikan dlm di ekosistem air..., tapi setidaknya ikan sapu2 tak makan uang rakyat dan meresahkan warga di daratan...macam koruptor, begal, preman, ormas, jukir liar yg jelas2 nyata ada di daratan... 
 
 Untuk berantas ikan sapu2...kalian bahagia, senang, kompak...
 
 Lalu.. 
 Bgmna untuk pemberantasan tindakan kriminal dan langgar lalu lintas yg juga meresahkan warga...???",Netral
"Ikan bersih bersih kok dimusnahkan , kasih buat para koruptor+ mafia + biar bersih",Positif
"Mantap,ikan sapu² Harus di basmi,,Masyarakat dan pabrik yg buang limbah harus di lindungi...Lanjutkeenn.",Netral
Ikan Sapu-sapu berasal dari hutan Amazon Brazil Bagaimana bisa mahal?,Netral
Kita logam berat parah,Negatif
Dedeinoen be like,Negatif
Bohong saja,Negatif
ya sudah di kirim export aza ke BRAZIL,Netral
G doyan saya ikan ini,Negatif
Ikan babi,Negatif
Brazil bg bukan brasil,Netral
Banyak yg jual?,Netral
Banyak yg nyari,Netral
Ikan sabu sabu,Negatif
BERAK,Negatif
Makan baelah,Negatif
Cara masaknya gemana,Netral
Ya Uda deh ikan sapu sapu nya kasi k Brazil aja,Negatif
semoga cepat punah,Negatif
aku kalo liat ikan itu jijik,Negatif
Orang Suriname juga suka,Netral
Orang brazil nangis liat ini,Netral
Di Ciliwung di buru untuk bahan somay,Netral
Ya udh ayo kita kirim ke Brazil,Negatif
ikan ini di air kotor jadi hama,Netral
manusia jorok dll,Negatif
ikan di ekspor ke Brazil,Netral
ikan setan,Negatif
di Indonesia dianggap hama,Netral
di Brazil air bersih,Netral
bisa dimakan di sana,Positif
jijik banget,Negatif
ikan sapu sapu enak digoreng,Positif
di sini bisa dimakan,Positif
cara masaknya gimana,Netral
bisa diolah jadi siomay,Positif
ikan ini bagus untuk akuarium,Positif
di Indonesia banyak limbah,Netral
di Brazil beda kondisi air,Netral
enak ternyata,Positif
ikan ini berguna,Positif
ikan ini tidak layak dimakan,Negatif
jual ke Brazil aja,Netral
ikan makan kotoran,Negatif
manusia salah buang sampah,Netral
ikan ini invasif,Netral
harus dimusnahkan,Negatif
ikan ini bisa dimakan di luar negeri,Netral
jijik lihat ikan ini,Negatif
enak empuk katanya,Positif
Kolam ikan ternak kemasukan sapu2 3 tahun kemudian ikan ternak hilang sisa ikan sapu2,Netral
Berarti kalau kita makan ikan ini kita jadi kuat dong berarti bisa jadi obat,Positif
ikan sapu sapu itu banyak proteinnya bagus buat dikonsumsi tiap hari,Positif
Dilihat dari bentuknya aja ngeri apa lagi untuk dimakan,Negatif
Ikan lain pun sebenarnya sama bahayanya jika hidup diperairan yang mengandung limbah,Netral
Udah olah jadi tepung ikan aja untuk ternak pasti ada manfaatnya untuk manusia,Positif
Gua sering makan aman,Positif
Kerang ijo aja bisa membawa bakteri atau parasit,Netral
Tergantung habitatnya,Netral
Salmon tinggal di got lu mau makan,Negatif
Sungai kami masih asri ikan ini enak rasanya,Positif
Apa karena itu dia dinamakan ikan sapu2,Netral
Ikan sapu-sapu bisa diolah jadi makanan,Positif
Kalau sudah jadi daging dalam tubuh ikan aman,Positif
Belum ditemukan orang mati akibat makan ini,Netral
Jual ke Amerika auto kaya,Positif
Banyak perdebatan soal ikan ini,Netral
Ikan ini enak kalau diolah benar,Positif
Jijik banget lihat ikan ini,Negatif
Hama sungai sebenarnya,Negatif
Bisa dimakan kalau dari air bersih,Positif
Ikan ini tergantung airnya,Netral
Aku pernah makan rasanya aneh,Negatif
Masih banyak ikan lain lebih aman,Negatif
Di Brazil jadi makanan,Netral
Di Indonesia dianggap hama,Negatif
Rasanya mirip ikan lele,Positif
Dagingnya aneh tapi masih bisa dimakan,Netral
Kalau di kolam bersih aman,Positif
Bisa jadi pakan ternak,Positif
Lebih baik tidak makan ikan ini,Negatif
Makan tai gak tuh,Negatif
Sama aja mati sih,Netral
Terbaik,Positif
Ikan sapu-sapu itu lucu kalau digambar,Positif
Iya betul sekali,Netral
Baru tau saya tentang ikan sapu-sapu,Netral
Ikan sapu-sapu tidak boleh dimakan karena ada racun,Negatif
Dulu aku kira ikan sapu-sapu itu ikan tokek,Netral
Saya ketemu ikan itu di getek tapi sudah jadi tengkorak banyak ulat,Negatif
Bang jangan bahas ikan sapu-sapu saya muak,Negatif
Aku pernah pelihara ikan sapu-sapu,Netral
Namanya ikan,Netral
Kalau lama mati pasti membusuk,Netral
Padahal enak dimakan,Positif
Cara basmi ikan ini kalau dikubur apakah mati,Netral
Secara logika kalau tanpa oksigen lama-lama akan mati,Netral
Masalah sebenarnya bukan sapu-sapu tapi ekosistem sungai yang semakin buruk karena pemerintah yang tidak becus menangani dan manusia juga gemar mencemari,Negatif
Ikan sapu-sapu yang badak dan pandai menyesuaikan diri malah dijadikan kambing hitam oleh masyarakat dan pemerintah,Negatif
Yang merusak itu MANUSIA yang disalahin ikannya,Negatif
Ikan sapu-sapu = King adaptasi armornya mirip dunkleosteus,Positif
Jika telur sapu-sapu ditetaskan di air bersih sampai besar mungkin bisa diolah dan dimakan,Positif
Sebenarnya ini bukan sepenuhnya salah ikan sapu-sapu andai saja sungai dan danau Indonesia tidak pernah tercemar ikan ini akan aman dikonsumsi,Netral
Ikan nila dan mujair sering dikira ikan lokal padahal ikan invasif juga cuma jarang orang tahu,Netral
Ikan sapu-sapu mengandung timbal berbahaya tidak bisa dimakan termasuk untuk pakan hewan karena air kita kotor,Negatif
Penangkapan ikan sapu-sapu akan sia-sia kalau faktor utamanya belum teratasi yaitu pencemaran air,Netral
Mungkin bisa dimanfaatkan untuk pakan hewan peliharaan predator seperti buaya otter biawak dll,Positif
Ngeri liat perawakannya kayak tank baja berenang,Netral
Lemahnya pengawasan ikan introduksi yang masuk kan ada aturannya begini jadinya kalau lepas pengawasan,Negatif
Di daerah saya sungainya masih bagus jadi ikan sapu-sapu kadang dikonsumsi sama warga,Positif
Ikan ini merusak ekosistem karena sering menyedot telur-telur ikan lokal sehingga populasinya turun,Negatif
Rasanya lumayan amisnya mirip belut teksturnya mirip lele cukup enak,Positif
Masalah sebenarnya ekosistem sungai yang buruk karena pemerintah tidak becus dan manusia gemar mencemari,Negatif
Ikan sapu-sapu yang adaptif malah dijadikan kambing hitam oleh masyarakat dan pemerintah,Negatif
Lemahnya pengawasan terhadap ikan introduksi yang masuk padahal ada aturannya,Negatif
Ikan sapu-sapu = King adaptasi armornya mirip Dunkleosteus,Positif
Bisa dibuat popok ikan sapu atau dicari detail pemanfaatannya,Positif
Jika telur sapu-sapu ditetaskan di air bersih mungkin bisa diolah dan dimakan,Positif
Sapu-sapu mati bisa menjadi pupuk organik daripada disia-siakan dikubur,Positif
Ikan nila dan mujair juga invasif tapi jarang orang tahu,Netral
Ikan ini merusak karena agresif terhadap ikan lokal dan pemakan telur/burayak,Negatif
Ikan sapu-sapu di sungai tercemar mengandung timbal berbahaya tidak bisa dimakan,Negatif
Penangkapan akan sia-sia kalau faktor utama pencemaran air belum teratasi,Netral
Pihak pemerintah menyalahkan ikan padahal faktor utama adalah pencemaran air,Negatif
Bisa dimanfaatkan untuk pakan hewan predator seperti buaya biawak atau otter,Positif
Manusia adalah makhluk paling invasif di muka bumi,Negatif
Ikan sapu-sapu merajalela karena predator alaminya sudah tidak ada,Negatif
Nila dan mujair tidak dimusnahkan karena punya nilai ekonomi tinggi,Netral
Ikan lokal berkurang karena sapu-sapu menyedot telur-telur di dasar sungai,Negatif
Daging sapu-sapu dari kolam bersih rasanya lumayan mirip belut atau lele,Positif
Habitat direbut dan diinvasi ikan lokal tidak mampu bertahan di air tercemar,Negatif
Sapu-sapu adalah evolusi yang sangat efektif untuk berbagai situasi dan kondisi,Positif
Orang melepaskan ikan sapu-sapu ke sungai karena sudah bosan memelihara di akuarium,Negatif
Ikan nila dilepas ke alam oleh pemerintah karena dagingnya enak meski invasif,Netral
Ikan lokal mengalami penurunan jumlah setiap tahun karena kalah saing dengan sapu-sapu,Negatif
Sucker-mouth terdiri dari beberapa golongan omnivora herbivora dan pemakan kayu,Netral
Sebenarnya bukan salah ikan tapi salah manusia yang melepaskan ke tempat bukan habitatnya,Negatif
Di beberapa negara ikan ini dimanfaatkan sebagai cat food atau pet food,Positif
Penurunan ikan lokal dipengaruhi limbah sapu-sapu bertahan karena paling kuat,Negatif
Kebijakan pemerintah tahun 1977 membawa ikan ini untuk kebutuhan pasar,Netral
Ikan sapu-sapu dianggap tidak berguna karena sungai kita sudah terlanjur tercemar,Negatif
Di Danau Toba ikan ini malah ditebar untuk membasmi invasif lain (Red Devil),Netral
Perusak ekosistem sejati adalah manusia ikan hanya gambaran propaganda,Negatif
Ikan ini merusak struktur sungai dan sangat agresif terhadap burayak lokal,Negatif
Sapu-sapu bisa bertahan hidup bahkan saat musim kemarau atau kondisi beku,Positif
Banyak ikan lokal tidak dikenal lagi karena sudah didominasi ikan impor,Negatif
Jika suatu hewan dapat dikonsumsi maka populasinya bisa dikendalikan manusia,Netral
Ikan sapu-sapu di gedung DPR mungkin bisa membersihkan perusak ekosistem di sana,Negatif
Tekstur sisiknya keras seperti tank baja yang berenang,Netral
Sebenarnya sapu-sapu membantu membersihkan sungai jika tidak overpopulasi,Positif
Ikan lokal kalah karena makanan mereka dihabiskan oleh sapu-sapu yang rakus,Negatif
Pemerintah seharusnya revitalisasi sungai bukan cuma fokus basmi ikan,Negatif
Ikan ini sehat dikonsumsi jika hidup di air yang tidak tercemar limbah pabrik,Positif
Red Devil di Danau Toba lebih merusak daripada ikan sapu-sapu,Negatif
Dampak pelepasan spesies asing baru terasa setelah populasinya meledak,Netral
Ikan sapu-sapu adalah spesies oportunistik di lingkungan yang rusak,Netral
Mengubur hidup-hidup ikan sapu-sapu dianggap tidak manusiawi oleh sebagian orang,Negatif
Ikan ini disebut Bale Tokke di beberapa daerah karena bentuknya,Netral
Tanpa adanya reduksi limbah ikan lokal tetap tidak akan mampu hidup kembali,Negatif
Kucing juga bisa mempercepat kepunahan burung kecil sama seperti ikan invasif,Netral
Ikan sapu-sapu dianggap sangat berbahaya bagi fenomena flora dan fauna dunia,Negatif
Kebiasaan pemancing mematikan atau membuang sapu-sapu agar tidak mengganggu lapak pancing,Negatif
Jika masyarakat paham sapu-sapu bisa disebar di sungai untuk dijadikan pakan unggas,Positif
Pemanfaatan ikan sapu-sapu sebagai pakan ternak dapat membantu kemakmuran masyarakat,Positif
Ikan sapu-sapu memiliki populasi yang sangat padat bahkan di saluran air pemukiman,Netral
Sapu-sapu diakui sebagai jenis ikan yang memiliki kemampuan bertahan hidup yang hebat,Positif
Mereka memang cocoknya di Amazon karena rantai makanan berjalan di sana jangan ajak-ajak pelesiran di alam sungai kita,Negatif
Sebenernya gak salah juga mereka hanya bertahan hidup dan berkembang biak di tempat yang mereka huni,Positif
Karena udah berlebihan dan kurangnya predator yang menghambat populasi yang dirugikan malah alam kita sendiri,Negatif
Di pikiran saya sapu ikan sapu itu mahoraga makhluk yang bisa beradaptasi dengan segala serangan,Netral
Jenis paling bahaya itu ikan sapu sapu yang bisa main hp (sindiran untuk manusia),Negatif
Ikan sapu-sapu kalo dimakan kita emang kenapa ya masih awam soalnya,Netral
Dari segala makhluk di dunia ini yang paling berbahaya manusia,Negatif
Sungai dikotori limbah dibersihin sapu-sapu malah sapu-sapu jadi tersangka,Negatif
Orang yang tinggal di tepi sungai amazon mereka suka makan ikan sapu-sapu,Netral
Jangan dimakan gak enak entar muntah mending makan ayam aja atau sayuran lebih sehat,Negatif
Yang tercemar airnya yang disalahin ikannya (sindiran Indonesia),Negatif
Mau dia makan logam berat itu juga ulah manusia sendiri yang mengotori sungai,Negatif
Jangan ganggu alam jagalah alam jangan otak atik alam,Positif
Zebra Pleco bukan jenis sapu-sapu tapi spesies Catfish (koreksi biologis),Netral
Semua karena hobi yang tidak bertanggung jawab melepas ikan hias sembarangan,Negatif
Di Jakarta banyak ikan sapu toh ikan biasa gak hidup di got kotor orangnya dulu benahi baru ekosistemnya,Negatif
Tuhan tidak menciptakan segala sesuatu tanpa ada manfaat pasti ikan ini juga punya manfaat,Positif
Mereka dimusnahkan karena memakan semua telur-telur ikan asli habitat sungai,Negatif
Ikan sapu-sapu justru jadi penyeimbang air yang tercemar dan juga jadi pertanda air sangat tercemar,Positif
Tuhan menciptakan ikan sapu-sapu pasti ada manfaatnya jangan membenci secara berlebihan,Positif
Mewabah sudah selama 4 jam mancing di pelosok sungai Jatim 20 ekor ikan sapu2 kena pancing,Negatif
Sumber pangan melimpah jika hidup di lingkungan bersih,Positif
Manusia adalah sumber masalah utama kita gak akan lihat kunang-kunang lagi karena alam dirubah manusia,Negatif
Orang-orang bodoh yang awalnya melepaskan ikan sapu-sapu ke alam Indonesia,Negatif
Pake AI buat edukasi yang bener apa salahnya daripada protes-protes doang,Positif
Tidak di dunia manusia tidak di dunia binatang sama saja rata-rata penjajah (sentimen politik),Negatif
Pakai elektrik ikan sapu2 baru dia musnah,Negatif
Ikan penjajah ulung yang merusak ekosistem asli alam,Negatif
Ikan sapu kan pembersih kalau di akuarium tapi kenapa tidak bisa membersihkan sungai ya,Netral
Ikan sapu-sapu sangat tahan shock bahkan di air kota yang membunuh segalanya,Positif
Dimohon pemerintah mencari solusi untuk memusnahkan hewan ini di danau tempe,Negatif
Sebenernya yang salah tuh manusia buang limbah ikan sapu2 gak salah cuma berusaha bertahan dan berhasil,Positif
Manusia dan mafia kanibal akhirnya ikan sapu-sapu keluar jadi tumbal keserakahan manusia,Negatif
Ayok ikan ini kita jadikan pupuk nutrisi ke tanaman dan buat enzim yang bagus buat ternak,Positif
Basmi pakai getah ubi gadung langsung mati semua ikan itu,Negatif
Dicap makhluk merusak oleh makhluk yang paling merusak alam ironi yang paling ironi,Negatif
Ikan sapu-sapu seperti koruptor menyedot tiada henti apa saja disedotnya,Negatif
Apakah semua daerah pemilik akuarium serempak buang sapu2 di sungai (meragukan teori),Netral
Ikan di kambing hitamkan yang membuat air tercemar manusia yang jadi kambing hitam ikan,Negatif
Di Amerika Latin jadi hidangan lezat karena sungai bersih di Indo berbahaya karena tinggal di sungai kotor,Netral
Digulai pedas enak cuma agak amis berani konsumsi karena dia hidup di empang bersih,Positif
Predator alaminya Otter kalau ada otter di Ciliwung yang ditangkep otter-nya bukan ikan sapu sapunya,Netral
Ikan ini gambaran para koruptor di negeri ini,Negatif
Di tempat saya Ciampea Bogor dibuat pakan lele digiling satukan dengan dedak jadi pelet,Positif
Lebih berbahaya koruptor daripada ikan sapu-sapu,Negatif
Pemerintah harus merazia penjual ikan hias jangan sampai menjual ikan yang bukan habitat asli Indonesia,Negatif
Tololnya gubernur jakarta sumber utama kehancuran ekologi sungai itu manusianya,Negatif
1 kali tebar jala 1 karung sapu sapu cuma 1 ekor ikan lokal sedih,Negatif
Memberantas ikan sapu-sapu sama susahnya memberantas koruptor punya pelindung kuat,Negatif
Adanya ikan sapu-sapu merupakan suatu indikator bahwa tempat itu sudah tercemar limbah kotor,Netral
Ikan sapu2 baju armornya hanya di punggung tapi kalau disatukan sama ikan Oscar pasti bolong perutnya,Netral
Daging unggas bisa terkontaminasi logam berat kalau dikasih makan ikan sapu2 sungai kotor,Negatif
Sifat logam berat tidak bisa musnah kalau ikan dimakan hewan lalu dimakan manusia racunnya pindah,Negatif
Logam berat tidak akan hilang karena dimasak tapi akan beralih ke manusia yang mengonsumsinya,Negatif
Nasi dan sayur yang kamu makan tiap hari juga beracun mengandung pupuk kimia,Netral
Ikan perusak ekosistem kulitnya keras gak ada yang suka makan ikan itu,Negatif
Lu juga manusia berarti lu lebih bahaya dari ikan sapu-sapu LOL,Negatif
Sebenarnya lebih berbahaya manusia daripada ikan sapu-sapu,Negatif
Mungkin lo gak sadar pernah makan ikan ini dalam olahan bakso atau makanan lainnya,Netral
Di Jakarta cuma dikubur begitu saja tidak dipikirkan untuk menghasilkan uang atau peluang usaha,Negatif
Mengolah ikan sapu-sapu menjadi pupuk pilihan paling aman karena logam berat akan terikat di dalam tanah,Positif
Logam berat dari tubuh ikan sapu-sapu tidak hilang saat diolah menjadi pakan dan akan menumpuk di daging hewan ternak,Negatif
Segera tebar bibit ikan lokal agar cadangan pangan tersedia di sungai,Positif
Save ikan sapu sapu,Positif
BPOM jangan diam saja buat aturan tegas pelarangan jual-beli dan konsumsi dengan sanksi pidana,Negatif
Mending mikirin gimana buat sungai bersih dari zat berbahaya kalau emang peduli alam,Netral
Yang perlu dibasmi itu para koruptor dan pejabat yang gak berguna bukan ikan,Negatif
Ikan ini sudah ada di Danau Jatiluhur bendungan Serayu bahkan tersier sawah mulai banyak,Netral
Indonesia punya banyak orang pintar seharusnya bisa bikin racun yang khusus buat ikan sapu sapu,Positif
Di Danau kami pun udah terlalu banyak berkembang biak ikan ini (Gorontalo menyimak),Negatif
Cara kalian salah ikan asli dikolamkan dulu baru racun semuanya sungainya biar musnah,Negatif
Ikan sapu sapu ada karena areanya kotor kalau bersih tidak ada ikan sapu sapu,Netral
Pemusnahan ikan sapu sapu adalah dzalim seharusnya bisa dibudidaya di tempat yang baik,Positif
Barang siapa yang musnahkan sapu sapu akan dihantam banjir bandang,Negatif
Mending kasih ke Ragunan buat makan hewan buas daripada dikubur mubazir,Positif
Lebih berbahaya ikan Red Devil kurasa masukkan saja sapu-sapu ke Danau Toba biar habis Red Devil,Netral
Jadikan pakan satwa karnivora di kebun binatang seperti buaya/komodo daripada dibuang sia-sia,Positif
Kaviar telur ikan sapu sapu itu mahal di supermarket,Positif
Ikan penyeimbang alam dari sampah yang mendominasi sungai,Positif
Anak-anak suruh tangkap dihadiahkan Rp 2000 per ekor kan bisa buat jajan,Positif
Predator alami ikan sapu-sapu di Indonesia itu adalah tukang somay,Netral
Ikan dibersihkan sedangkan limbah pabrik yang merusak dibiarkan tertibkan pabriknya,Negatif
Berikan ke Cina besok udah diolahnya jadi snack sapu-sapu lezat bebas racun,Positif
Dibersihkan semua ikan sapu sapu diganti ikan lokal wader pari,Positif
Kasihan ya mereka dikubur padahal mereka pengen hidup,Positif
Kenapa ikannya dibasmi kan ikannya enak itu dari kecil di tempat saya jadi incaran buat dijual,Positif
Koruptor harus dibuat seperti ikan sapu sapu dikubur hidup-hidup,Negatif
Kaga bakalan musnah selagi masih ada aliran air dari hulu,Netral
Padahal dagingnya enak di sate,Positif
Ikan Sapu Sapu ibarat benalu berbahaya basmi saja,Negatif
Lah kok dimusnahkan buat apa yang Maha Kuasa menciptakan,Positif
Negara aneh bukannya ngurusin rakyat malah ngajak ngurusin ikan sapu-sapu,Negatif
Mau ngabisin anggaran saja (tudingan korupsi proyek pembasmian),Negatif
Ikan dipikirin rakyat pada lapar pikirin,Negatif
Buang sampah saja masih sembarangan bisa bisanya sok pelestarian ikan lokal,Negatif
Siapa orang laknat yang ngelepasin sapu sapu ke Danau Toba,Negatif
Dulu Cina bunuh burung gereja sampai habis dan akhirnya dapet karma kelaparan,Negatif
Ikan ini bukan invasif tapi ikan tangguh dominannya adalah alarm pencemaran tinggi,Netral
Negara lain udah pulang pergi bulan Indonesia ngurusin ikan sapu-sapu,Negatif
Jangan dikubur dibikin pupuk seperti di Cina tolong pejabat jangan mubazir,Positif
Ikan air tawar gabus dll ogah hidup di air bah Jakarta yang bacin butek,Netral
Udah masuk ke Aceh juga habis semua ikan lain sudah banyak ikan itu dari ada ikan lainnya,Negatif
Bukti otentiknya gak ada bagaimana bisa dipercaya (meragukan sejarah ikan dibawa penjajah),Netral
Gara gara ikan ini kolam di desa yang dulunya penuh ikan lokal sekarang musnah sama sekali,Negatif
Ikan sapu-sapu ga ada predator dan bisa kuat di segala medan,Netral
Kat Malaysia kami sebut ikan lap cermin atau ikan bandaraya,Netral
Dinas perikanan kurang perhatian kerjanya apa kalau tidak bisa mengontrol jenis ikan air tawar,Negatif
Invasif tapi di Tokopedia dan Shopee mahal banget untuk jenis Pleco hias,Positif
Jadiin otak-otak aja semua daging dan tulang digiling halus terus kasih tepung,Positif
Saya ingat pernah panggang ikan sapu-sapu tahun 2000 sudah lama kok baru viral,Netral
Ikan sapu-sapu dibawa Portugis keknya tahun 1500 M karena ukurannya kecil mudah dibawa,Netral
Di Malaysia isi ikan ini dipakai buat umpan game kolam (umpan memancing lele),Positif
Pernah ada liputannya di Jakarta ikan sapu-sapu jadi bahan siomay karena mudah didapat,Netral
Ikan nila gue agresif ikan sapu-sapu malah dimakan sama nila,Netral
Di Vietnam jadi lauk ini dagingnya gurih pol,Positif
Sungai saya bersih jernih ikan sapu-sapu banyak dikonsumsi orang dan aman,Positif
Daripada memberantas ikan sapu-sapu lebih baik memberantas sampah,Netral
Bahan baku siomay otak-otak ikan alami murah meriah,Positif
Di Indo ikan sapu2 jadi invasif banget sedangkan di luar ikan gabus kita yang jadi invasif di sana,Netral
Pesan buat pemancing kalau dapat sapu-sapu tolong bunuh aja atau lempar ke darat,Negatif
Kakek saya makan ikan sapu-sapu katanya seperti daging ayam,Positif
Di Jakarta banyak banget saking bingungnya namain pake kode nomor L-Number,Netral
Cangkangnya keras pas mati tidak bisa dimakan ikan lain dan bahaya kalau diinjak manusia,Negatif
Masukin aja buaya nanti juga abis dimakan tuh ikan (saran predator alami),Netral
Ikan yang paling enak dagingnya rasanya lebih gurih tapi jangan sering-sering makan ya,Positif
Isinya sangat sedap cuma untuk buang kulitnya kena ada pisau yang tajam (Malaysia hadir),Positif
Sungai kita sudah terjajah spesies asing di Amerika diperangi di sini disebarliarkan,Negatif
Dijual Rp 25 rb per kg di Solo tapi kata yang nangkep bau minyak tanah,Netral
Ikan ini wajib dibantai karena predator tidak bisa makan karena kulitnya keras,Negatif
Ikan sapu-sapu mulai banyak di Ciliwung awal tahun 90-an populasinya sangat cepat,Netral
Bekasi nanya buat apa ikannya pak buat dibawa ke pasar digiling bikin siomay,Netral
Ikan yang dijadiin siomay abang-abang dan gw salah satu penikmatnya jaman kuliah,Positif
Sungai Musi Palembang banyak,Netral
Kasihan ikan red devil di Danau Toba dampaknya dirasakan sampai sekarang karena hama itu,Negatif
Manusia lebih berbahaya ikan sapu-sapu dikorbankan,Positif
Jadikan filter air sungai ikan sapu-sapu sebagai ginjal sungai,Positif
Ikan sapu-sapu bermanfaat untuk bersihkan akuarium dan memfilter air,Positif
Ikan sapu-sapu mampu bertahan di lingkungan ekstrem perlu dikurangi bukan dimusnahkan,Positif
Di akuarium saya ikan sapu-sapu bermanfaat bersihkan kaca bukan masalah,Positif
Ikan sapu-sapu pertanda sungai tercemar bukan penyebabnya,Positif
Ikan sapu-sapu bisa dijadikan pupuk pelet pakan ternak dan bernilai ekonomi,Positif
Sapu-sapu enak untuk bahan siomay dan pempek,Positif
Baru tahu ikan ini ternyata hama sebelumnya kira bermanfaat,Positif
Ide inspiratif untuk sungai lain di Indonesia,Positif
Hentikan perburuan berang-berang predator alami sapu-sapu,Positif
Problem utama adalah pencemaran bukan ikan sapu-sapunya,Positif
Keong tanduk lebih efektif bersihkan lumut daripada sapu-sapu,Positif
Ekosistem Brazil aman karena ada predator alami di Indonesia tidak ada,Positif
Ikan sapu-sapu merusak ekosistem lokal makan telur ikan lain,Negatif
Ikan sapu-sapu hama merusak dinding kolam dan bendungan,Negatif
Di sungai saya hanya ada sapu-sapu ikan lain habis,Negatif
Pelepasan sapu-sapu ke Danau Toba sangat mengkhawatirkan,Negatif
Sapu-sapu makan makanan ikan hias telur bahkan menghisap darah ikan,Negatif
Orang melepas sapu-sapu ke sungai tanpa tanggung jawab,Negatif
Sapu-sapu di kali tercemar mengandung racun tidak layak dikonsumsi,Negatif
Ikan sapu-sapu membuat ikan endemik lokal tersisih dan punah,Negatif
Populasi sapu-sapu tidak mungkin habis dibasmi,Negatif
Sapu-sapu invasif karena manusia tidak bertanggung jawab melepasnya,Negatif
Ikan sapu-sapu makan telur ikan lain dan anak ikan kecil,Negatif
Ikan sapu-sapu di akuarium saya ternyata makan ikan hias saya,Negatif
Yang lebih berbahaya koruptor bukan ikan sapu-sapu,Netral
Salahkan pencemaran industri bukan ikan sapu-sapu saja,Netral
Ikan sapu-sapu mirip koruptor berkembang biak tanpa kontrol,Netral
Perlu riset agar ikan sapu-sapu mandul tanpa efek ke ikan lain,Netral
Alam menyeimbangkan diri sapu-sapu ada manfaat dan kerugiannya,Netral
Spesies invasif harus dikurangi bukan dimusnahkan sepenuhnya,Netral
Sapu-sapu seperti produk impor yang menyingkirkan produk lokal,Netral
Sungai kotor karena sampah manusia ikan sapu-sapu hanyalah akibat,Netral
Lomba menangkap ikan sapu-sapu bisa jadi solusi kreatif,Netral
Sampah plastik dari manusia jauh lebih berbahaya dari sapu-sapu,Netral
Tahun 80-90an ikan sapu-sapu sudah ada di sungai Jakarta,Netral
Kotoran sapu-sapu meningkatkan amonia di akuarium merepotkan filter,Netral
Pemerintah daerah harus aktif menebar ikan endemik dan jaga habitat,Netral
Sapu-sapu bisa disetrum secara massal setelah ikan lain diungsikan,Netral
Menghadirkan predator alami berang-berang sebagai solusi ekologis,Netral
ikan sapu sapu yg udah tercemar di air yang kotor itu bahaya bro,Negatif
daging ikan sapu-sapu mengandung banyak bakteri yg tidak boleh dikonsumsi manusia,Negatif
pemerintah tolong kasih pekerjaan untuk masyarakat,Positif
ini alasan gua kaga pernah beli somay di pinggir jalan,Negatif
"Saya suka dengan pekerjaan mereka, bahwa mereka bisa melihat peluang untuk menghasilkan pundi2 rupiah tanpa harus melakukan tindak kriminal",Positif
Daging ikan sapu sapu di mikroskop,Netral
mulai hari ini gua ga bakal beli somay,Negatif
Jadi ga nafsu makan somay njirr,Negatif
untung gw gak suka siomay,Netral
baru tau ikan sapu sapu bisa dimakan,Netral
dia cuma cari makan bukan cari kaya,Positif
salah nya apa??,Netral
gua makan aman aman aja,Netral
alasannya melarang itu apa?,Netral
enak loh jgn berpikir negatif dulu,Positif
"emang ny kenapa dia sedang cari rezeki,",netral
"apalah komen nya ga tau ikan sapu sapu kah?atau bohong,",Netral
tapi kasihan q lihat Abang ini ya Allah gantilah rejekinya yg lebih banyak & barokah 😢,Positif
ini kenapa sihhh malah ngurusin yg ga penting,Negatif
"sejak saat ini,malam ini detik ini aku gak bakal makan siomay lagi",Negatif
"kamu tidak salah bang,kamu sedang berusaha untuk bertahan hidup",Positif
"maaf pk masih banyak ko masalah2 yng lebih penting, drpd ngurusin orang yng lg cari nafkah buat keluarga",Negatif
gw jadi was was bgtt tiap mau makan siomay,Negatif
"itu salah,ini salah",Negatif
aku yg dari kecil makan ikan itu aja sampe skrng alhamdulilh sehat,Positif
"salahnya dimana pak, mereka hanya cari nafkah sesuap nasi buat keluarganya",Positif
salahnya dimana gitu lo,Netral
terlalu banyak aturan.,Negatif
Emang nya kenapa pak? kenapa peraturan negri ini hari demi hari semakin rumit,Negatif
"hari ini gue gak mau beli somay, tapi besok baru gue beli",Netral
semenjak gw denger berita ini gw gk beli siomay lagi jirr,Negatif
ihh mendingan aku mkn nasi pke tahu tempe,Negatif
komenan nya kek ga pernah sklh njr,Negatif
"duh,mana gw lagi makan siomay lagi",Netral
"saya masih heran sama ini orang, apa salahnya pak mereka cari rezekiya halal,",Netral
setelah melihat ini lalu saya berpikir keras untuk tidak beli siomay lagi.,Negatif
Semoga di kasih kerjaan lain yg lbh layak,Positif
sehat2 pak semangat para pejuang rupiah,Positif
"gue demen bngt ama somai.pantes badan gue kaya kawat tulang besi ,krna mengandung ,zat besi kayanya",Netral
Semoga mereka dg adanya vedeo ini di kasih pekerjaan tetap oleh siapapun aamiin,Positif
"Emang nya salah ya,",Netral
gw sehat kok ga kenapa-kenapa,Positif
"anehh,",Negatif
YANG PENTING TO TIDAK KORUPSI,Positif
di Konoha apapun itu kita tetap salah,Negatif
"dia tidak nyolong,",Positif
"salahnya di mna kurang manfaatnya di mna, apa gmna tolong jelaskan",Netral
knp dah pemerintah ni,Negatif
positif aja kak mungkin dia ga ada uang untuk beli lauk,positif
Pliss stopp semuanya jajan somay atau bakso di luaran mending bikin sendiri kan aman,Negatif
lah ikan sapu-sapu di makan gak haram,Netral
aku sering beli makan itu dari kecil Alhamdulillah baik baik ajab sehat sampai sekarang udah umur 28th,Positif
"Saya suka dengan pekerjaan mereka, bahwa mereka bisa melihat peluang untuk menghasilkan pundi2 rupiah tanpa harus melakukan tindak kriminal.",Positif
"sangking susah nya kerja bos,",Negatif
semoga rezeki abang siomay yang jujur jujur selalu dijaga sama allah dan di lancarkan,Positif
semoga abangnya dapat rizki dr Allah dr arah lain bang. semoga sukses,Positif
setelah melihat ini lalu saya berpikir keras untuk tidak beli siomay lagi,Negatif
"saya masih heran sama ini orang, apa salahnya pak mereka cari rezekiya halal",Netral
Waduh aku di jaksel sering beli siomay pake ikan apa ya buatnya,Netral
itulah alasan saya kenapa saya gak pernah makan siomay yg skrng,Negatif
"sementara yg suka somay buat sendiri aja ya,",Positif
stop makan siomay,Negatif
demi apapun gak akan aku makan siomay lagi,Negatif
lah bukannya siomay pake tepung doang (maaf ngga tau),Netral
"siomay lovers, mari kita saling menguatkan",Positif
siomay langganan gw udh 4hari ga jualan knp yah ?,Netral
untung dari dulu gw kaga suka jajan siomay,Netral
"sya tim yg tdk prnh mkn somai dn bakso pun kdang kala sja,",Negatif
kalian siomay ada bahan ikan? gw seumur2 makan siomay cuma tepung doang,Netral
"pokoknya di kota2 besar, saya enggk mau beli siomay,bakso,pentol di pedagang2 keliling. kalau di restoran masih aman",Negatif
aku juga ga pernah beli somay kalo ga ada duit,Netral
"mau gimana lagi cari kerja susah, ekomomi susah, jln satu""nya yh jualan barang yang bisa di jual dan laku",Positif
jangan beli siomay lagi ya ges ya,Negatif
harus nya pemerintah ajak kolaborasi masyarakat kasih upah yg layak... pasti banyak yg mau kerja,Positif
peran BPOM sangat dibutuhkan disini,Positif
"Tetep makan siomay, tapi tahu sayur kentang nya aja gak pake siomay",Netral
kalo makan siomay pare SMA kentang aja biar sehat,Positif
"GA mau beli siomay lagi, yang ga ada tulisan SIOMAY ASLI TENGGIRI",Positif
aku anak sehat,Positif
gak ada kerjaan,Negatif
mending bantu org yg membutuhkan di jalanan,Negatif
yang ga tau jangan asal nuduh plis itu juga ada baik nya juga.,netral
gak tau apa maksud dan tujuannya,Netral
"“sungai di luar negeri bersih ya, jernih ya, terawat ya” giliran pemerintah merhatiin sungai dibilang gada kerjaan, berarti rakyat emang udh nyaman sama wilayah kumuh",Netral
yng komen pd napa deh julid mulu,Netral
apa sudah ada data ikan ini tak guna?,Netral
"korupsi yg dibrantas pak, lebih banyak manfaat nya, dari pada cuma ikan sapu sapu",Netral
"kalian yg suka cari ikan pasti tau dampak besar dari ikan ini, sekarang tuu jarang banget ikan sungai lebih dikit dari ikan ini soalnya dia makan telur2 ikan sungai sedih tauk",Positif
"ma'af mau nanya,, emang ikan sapu sapu apa pengaruhnya bagi lingkungan",Netral
coba tebak berapa Anggaran nya?,Netral
"padahal ikan sapu"" bisa bersihin lumut loo",Positif
bukan ikan yg di bersihin tapi sampah yg menjadi kendali,Netral
ikan sapu sapu menyapu ikan ikan,Netral
lah kok komen nya kaya gitu sihh kan itu untuk menjaga kesehatan masyarakat,Positif
knp emang sam ikan sapu²?,Netral
"kok komentar nya pada ga terima padahal ikan sapu"" merusak ekosistem",Positif
habis ke ikan fokus ke sampah juga ya pak,Netral
ikan sapu-sapu memberi dampak negatif terhadap ekonomi alam,Positif
"gubernur apaan kaya gini, fungsi ikan sapu sapu bisa juga menbersikan, kalo kaya gini sama aja kaya mengurangi jenis ikan",Negatif
"maaf k,apakah ikan itu GK bisa d konsumsi ,kok d musnahkan",Netral
"dukung negara nya maju jangan komen ""ga ada kerjaan"" ikan sapu sapu juga bisa jadi bahaya sama ikan ikan yang biasa kita pancing",Negatif
"PENTINGNYA LITERASI GUYS, ini bagus kok",Positif
jual keluar negri aja,Netral
biar terlihat kerja atau gimana ini?,Negatif
mahkluk diciptakan Allah pasti ada manfaatnya,Positif
"Dari mana asal usul ikan sapu2, kok baru saat ini hebohnya",Netral
ga guna sumpah,Negatif
ikan wader emang hidup di air limbah,Netral
apa hubungannya ikan sapu sapu dgn pemerintah,Netral
seharusnya diteliti dibuat produk makan ternak atau hewan peliharaan... produk turunan yg bermanfaat utk mendapatkan nilai ekonomi,Positif
"benerin jalanan pak,, jngan ngurusin hal yg GK penting",Netral
jadi gubernur kerjanya cuma bisa ngurusin ikan sapu sapu hadeh,Negatif
bukan pentingin buka lowongan kerja malah ngurusin ikan di sungai,Negatif
knp ga di tawarkan ke negara lain aj yg ngbutuh kan,Netral
"ikan di urusin, ngurusin banjir macet sampai sekarang gak selesai-selesai",Positif
emang nggak ada lagi yang harus di kerjakan,netral
cuman kayak ini di beritakan,Negatif
"mantap,",Positif
aduh bukan yah cari solusi ngurangin macet dan pengaturan Mlah yg ginian ga ada mangpat yah,Positif
emng sungainya dah bersih dari sampah pak kok sekarang ikan yg di bersihkan?,Positif
gak mutu,Negatif
ngurusin ikan,Netral
banjir pikirin pak,Negatif
kang somay menangis lihat ini,Netral
"progam nya ga masuk akal jakarta ga butuh program itu pak, semenjak jadi belum ada gebrakan nya sama sekali yg ada pencitraan terus",Negatif
gampang tinggal adakan saimbara 1 kg ikan di hargai 50ribu nanti juga banyak yg cari itu ikan,Positif
lebih bahaya preman tanah abang dr pd ikan sapu-sapu,Negatif
ikan sapu sapu itu berfungsi untuk membersihkan limbah,Positif
aneh dlu waktu gw kecil GK ada itu ikan sapu² kenapa saat gw udh umur 25 bnyk bgt ya? siapa yg nyebarin nya min?,Netral
cuma 40 biji sampai pemprov DKI jakarta yang turun,Negatif
"selain ikan sapu2, emang ada yg bisa hidup di air kayak gtu",Netral
jangan di basmi bang kalok ga ada ikan itu banyak lumut nya,Netral
gak bakal bisa di binasakan. krn dia bertelur banyak,Netral
"hadeh ada² ajh gebrakan pramono,berapa sih dana yg d anggarkan untuk membasmi ikan sapu²",Negatif
ikan sapu sapu itu makan nya lumt bos bukan ikan predator itu kocak banget kebijakan para pejabat sekarang ini bah,Negatif
skalinya muncul bahas ikan sapu-sapu,Netral
NAH GITU DONG,Positif
biar dilihat sibuk duh berapa per orang bagianya ya makin ga jelas makin kesini,Negatif
cuman 40 ekor dlanjut kagak tuhhh,Netral
kenapa gak di ekspor..di luar negri jadi santapan lezat,Netral
"kalian tau ga sih ikan sapu sapu itu adalah hama, tidak ada predator alami ikan sapu2 karena kulit nya keras",Positif
bisa dimanfaatkan jika ada pengelo industri bisa dibuat pakan kucing,Positif
"gak ada lg tah yg bisa di kerjakan selain tangkap ikan sapu sapu, kurang gawek",Negatif
yang merusak alam ulahnya manusia yang disalahkan ikan sapu-sapu,Netral
ikan sapu sapu perusak ekosistem,Positif
mungkin bisa jadi bahan pengganti fosil seperti minyak bumi,Netral
"jangan cuma ikannya aja tapi sampahnya juga dimusnahkan ikannya merusak,tapi manusianya juga merusak karena membuang sampah disungai",Netral
itu bisa makan ternak malah di musnahkan,Netral
Kurang kerjaaan gubernur nya,Negatif
perasaan dari gw kecil mpe sekarang 50 th ga ada masalah apa apa sm ikan sapu sapu,positif
"bukany ikan sapu"" akan membantu membersikan???",Netral
"sampah itu pada banyak di sungai engga di bersihin juga sekalian,",Positif
mending gerakin bersihkan sungai dan keruk sungai untuk memper dalam dan memper lebar sungai yg udah tersumbat sampah dan lumpur. kaya jaman Ahok dulu,Negatif
nggk ada manfaatnya ngurusin ikan sapu-sapu,Negatif
di giling mayan itu buat pakan ikan atw lele juga bisa,Positif
siapa tau ikan sapu sapu di ciptakan sebagai rantai makanan juga,Netral
"masalah terbesar kota jakarta adalah ikan sapu-sapu, tetap semangat pak gub, pokoknya fokus.. tetap fokuss...ikan sapu-sapu",Netral
"ko pada ngomong anggaran sih, ini langkah bagus agar ikan asli indonrsia tidak punahhh",Positif
banjir lebih penting ditangani daripada ikan sapu-sapu,Negatif
"ya gk bakal musnalah nmnya air ngalir, lgian ikan sapu2 bukan nya lbih membersihkan air kotor sprti lumut yang mnmpel di bebatuan kan abis di makanin",Netral
ikan pake di salah salahin hadeh,Negatif
bukti bahwa disana berang berang udah g ada jd over populasi ikan sapu sapu,Netral
pada kmn warga jkt GK ada yg comen t y mungkin cocok dengan gubernur ini taw frogram ini,Netral
kasian tukang siomay jd sulit cari bahan,Negatif
"ya allah pak itu ikan,tidak merugikan negara",Netral
kenapa dimusnahin kenapa ga dibikin pakan kucing gituh,Positif
"tanggul jakarta utara pak, kok malah ngurusin ikan sapu sapu. Hadeeh",Negatif
padahal ikan sapu sapu buat somay,Netral
Gak ada ikan nila/lele satupun yg nyelip,Negatif
ikan aslinya aja enggk ada Iyah,Netral
Sebanyak itu ikannya,Netral
Gilaa ekosistem laut kita bener2 tercemar,Positif
Anjir setiap lewat fyp ikan ini aku mual,Netral
Itu baru 1 sungai belum se-Indonesia,Netral
Ga pernah segeli ini liat ikan,Negatif
jaring segitu banyaknya ga ada ikan selain sapu-sapu,Netral
Emang sedarurat itu sungai jakarta,Positif
ini ikan sebenernya ada gunanya ngga sih,netral
KOK BISA SEBANYAK INI MAKSUD GW EMANG DARI AWAL DI KASIH BUDIDAYA?,netral
"gra2 fyp muncul ini terus, mau beli siomay, cilok,jadi mual duluan akhir nya GK jdi beli",Negatif
dulu aku lihat b aja skrng semenjak muncul ditiktok jdi merinding woi,netral
ini wajib di support,Positif
astaga banyak banget,netral
geli banyak bgt,Negatif
Bang lanjutkan ya saya suka program ini,Positif
Cuma pas viral aja gini kalo udah gak viral gak akan gini lagi,Negatif
yang dilakukan gubernur memang sudah tepat,Positif
bahkan ikan lokal ga ada sama sekali,Positif
dari bentuk nya aja udah g bgt,Netral
mulai di notice masalah ini. makasi banyak bapak. salam bahari,Positif
semangat ya buat yg bersihin,Positif
Wah kalau sebanyak ini iaknnya kapan abisnya,Netral
berarti itu bener bener isi nya full ikan sapu sapu,Netral
LANJUTKAN PAK,Positif
mending kegiatan ini daripada beli mobil dinas,Positif
ternyata sungai kita udh dijajah si sapu sapu,Negatif
"gua HERAN tuh kenapa baru Sekarang dah , apa semua nya harus nunggu viral baru bisa bagus ?",Negatif
gatel bgt pgn ikut bersihin semua sungai smpe bersih sebersih'nya,Netral
Seneng banget liatnya semangat semuanya,Positif
"kmrin yg bilang ""heleh ikan sapu* doang di urus"" percayalah hal sepele bisa mendatangkan masalah yg besar",Positif
"lubang"" yg di pinggir jangan lupa pak.. pasti banyak telornya juga",Positif
"BANYAKKK BANGETTTT BERASA PANEN, pasti orang2 disanapun kaga nyangka ada ikan sapu2 sebanyak itu",Netral
"ikan lokalnya sampe gaada pak, jangan lupa telornya juga",Netral
"coba Pemda DKI bikin pabrik pakan murah dari ikan dong jangan dimusnahkan begitu saja ,,majukan sebagai peluang UMKM",Netral
"kalo di tanam,kan dia bisa ngegalinya",Netral
"Terima kasih untuk masyarakat, dan semuanya yg terlibat, karena telah melestarikan langkah awal ekosistem alam untuk kembali pulih",Positif
"full sapu"" kayaknya anak cucu kita besok ngertinya ikan tawar itu ikan sapu-sapu aja,",Netral
jujur gasuka banget bentukannya ikan ini bener2 pas kalo dijuluki ikan monster,Negatif
bersihin airnya bukan nangkepin ikannya,Netral
Ih beneran gk ada nila atau munjahir gituu yaa serius nanya,Netral
bagusnya ini diberikan ke peternak ikan. supaya diolah menjadi pakan ikan lagi,Positif
Apresiasi guyys,Positif
itu bau bgt jujur,Negatif
Bener2 cepet bgt berkembangbiaknya ni sapu2,Netral
semangat pak aku bantuin online aja ya,Positif
"klo ssh bersih ikan sapu"" nya plis deh... nnti pabrik "" atau yg lain hal di awasi dgn ketat... biar sungai nya jernih... masyarakat juga hrs berpartisipasi dgn tdk buang sampah di sungai... jangan sdh gini yg inti nya di biarkan ya tetep tercemar sungai nya",Negatif
"Udah mirip petambak kalau panen ikan, tapi yg ini bikin merinding",netral
"keren sih arif kamaruddin akhirnya pada sadar akan lingkungan, semogabmasyarakat pinggir sungai jg sadar Utk tidak buang sampah sembarangan",Positif
atanya ikan sapu-sapu tapi sungainya masih kotor,Netral
Semangat pak semoga Indonesia cepat pulih aminnnn,Positif
Limbah itu,Netral
"ya Allah fyp ku ikan sapu2 terus aku sampe ke inget mkn,GK nafsu",Netral
terus pak nnati baru diganti ikan lokal asli,Positif
berasa panen ikan di laut,Netral
itu pasti gak bersih smua.harus seminggu d liat lagi pak,Netral
lebih hati hati kalau beli makanan dengan olahan ikan,Negatif
"Keren, gw dukung bngt yg kyk gini, yuk bisa yu jgn buang sampah sembarangan, cintai tanah air tmpt kita hidup",Positif
byngin klau ngebersihin nya cumn 1 orng,Netral
teruskan program ini...dan layak diikuti daerah2 yg lain . Mantaaap,Positif
di lombok juga banyak itu ikan,Netral
merinding saking bnyk ny,Netral
lbh baik di kelola sama yg bner kaya gini klo bisa smua sungai pak,netral
"padahal ini ikan baru masuk indo sekitar tahun 70an, belom ada 1 abad sudah berkembang biak puluhan juta ekor",Netral
bisa dibuat pupuk organik,Positif
RUTIN DAN KONSISTEN pasti hilang,Positif
"kalo gini bgs biar masyarakat py kesadaran mjga sungai,kalau sungai bersih di isi ikan warga bisa mancing dan nggak perlu LG beli",Positif
"kabar buruk ""ga ada ikan lain yang nyelip"", tapi kabar baiknya "" ga ada tumpukan sampah yang terjaring, keren sih",Positif
"di jakarta aja ada segitu, padahal belum semua tempat di cari, apalagi kalau satu Indonesia,seberapa banyak itu",Netral
serius itu semua ikan sapu¹doang?,Netral
Buat tepung ikan bagus untuk pakan ternak,Positif
tapi telurnya dibawah sana masih banyak hmmmm,Netral
Bentukannya aneh maaf,Negatif
emang gabisa di olah jagi pupuk ya,Positif
"buanyaaaknya,,, SEMANGAT BAPAK"" SEMUA!!!!",Positif
"aku seneng sih sama pemerintah vintage yg open minded. dia bkn ngerasa dilangkahi atau tersaingi, tapi mau berubah bareng sama anak bangsa. semoga dengan langkah kecil yang bertahap bakal jadi hal yg memuaskan kita semua",Positif
Itulah kenapa kudu ada berang berang air,Netral
teruskan mengembalikan ekosistem indonesia,positif
"Bangga banget,semangat pak",positif
tolonglah diuji ilmiah dulu gerakan ini,Netral
"fokus sama telurnya juga pak, populasi telurnya klo netes semua bisa jadi indukan lagi",Netral
ikan bau anjir gua ada satu di kolam yg airnya bersih aja ttp bau,Negatif
gada satupun ikan lokal yg terjerat jir,Netral
"Mana telornya mirip bgt kaya d shusi, hatihati tuh shusi murah pinggir jlan yg 2k takutnya pake telor ikan sapusapu",Netral
"sesuai solusi dari bu susi pudjiastuti, lebih baik ikan satu-satunya dikasih ke peternak kepiting atau peternak buaya",Netral
"ikan2 sapu2 itu hama yg bisa membunuh spesies lain kebayang disungai at dmn pun itu ga ada lagi ikan gabus, nila, mujair, udang dll",Positif
jujur gue di tahap udh geli bgt liat sebanyak ini ya Allah ngerinyaaaa,Negatif
"padahal dlu ga ada ikan sapu-sapu, kenapa sekarang banyak banget",Netral
ini klo semisal sungai indo jernih juga tetep jlek klo isinya ikan sapu' semua,Netral
kalau di luar negeri tepatnya di Meksiko.. ikan sapu2 bisa di olah menjadi pakan hewan peliharaan.. yang saya tau buat makanan kucing',Positif
emang itu ikan bakal mati di kubur? soalnya ikan kadang nguburin dirinya kalo musim kemarau,Netral
Di giling di buat pakan ternak,Positif
"seremnya,banyak banget mana hitam pekat ikan nya",Negatif
buat pakan bebek atau entog ga bisas ya?,Positif
ikan sapu2 sebanyak itu bisa merusak ekosistem ikan yang lain,Positif
takut diem diem di bongkar di dalem tanah buat santapan,Netral
itu klo misalkan di giling kayak gilingan daging/ayam gitu trus buat pakan bisa g sih bang?,Positif
"daripada dibuang kenapa tidak dibuat pakan ikan lele saja,kan lebih bermanfaat",Positif
dlu ga tau gua malh seneng milihara sapu sapu,Netral
ikan sapu sapu bisa bertahan hidup didalam tanah,Netral
tapi dengan banyaknya sapu2 dgn tidak langsung sungai jadi bersih... ini juga bisa menjadi teguran untuk msyrakat bahwa kita harus sering membersihkan sungai,Positif
Bknnya nih ikan bsa brthan hidup yah klw d tanam? Atau aku salh,Netral
"paling cuma tahan 3 bulan, ada sisa sepasang aja. gak sampe 6 bulan bakal balik lagi. buang2 uang gak jelas",Negatif
maaf nanya ikan sapu ini berbahaya atau gimana ya?,Netral
dari pada di kubur mendingan di bikin pupuk organik atau buat umpan makan ternak lebih ekonomis,Positif
Bayangin klo gk ada kegiatan kek gini 10thn kemudian kemungkinan air sungai bakal habis krna saking banyak’a nih ikan,Netral
pantes isinya sapu² semua ya karna sungai nya tercemar jadi ikan lokal pada kabur ke tempat lain karna air nya udh tercemar dan ikan sapu² doang yg kuat disana,Negatif
Itu ikan datang nya dari mana sih.. kok tau tau muncul.. kata nya bukan ikan negri iya,Netral
"klo disni ada yg beli buat pelet ikan tapi tujuan pembelinya juga biar bersih dari ikan sapu"" trs ikannya dia giling buat pelet ikan,sekilo 2ribu tapi lumayan haha klo segitu dah dapet brpa tu",Positif
"aku pernah liat di vt lain kalo ikan sapu sapu mampu hidup di cuaca kering ekstrem, serem banget",netral
terus ikan sapu sapu nya dikemanain?,netral
"bayangin aja sebanyak itu gak ada 1 pun ikan lain yg ketangkap, berarti emang bahaya ikan ini",netral
Apa gunanya hidup JK ternyata mnjadi hama buat yg lain,positif
Sungguh celaka hidup orang yg pertama kali menabur ikan ini ke sungai,positif
Cukup 1 aja ikannya 😂😂jgn banyak,netral
di tempat saya nama nya ikan vakum bng,netral
Amerika ga orangnya ga ikannya penjajah semua. Ngeri ges,netral
Pengganggu dan perusak ekosistem ikan endemik.,negatif
Bearti klo dah besar di aquarium langsung di bunuh ya..,netral
Kok di Belitung gak ad ya ikan kek gini 😂,netral
"Tambahan ikan sapu2 TDK mkn alga tau lumut SJ,,,tp memakan ikan lain jg...",netral
Knp gak jadiin pempek dan siomay spt di jakarta.,netral
​@Suyatmin21-pb9duallah menciptakan mahluk nya karna berguna,positif
Kalau aku dapat lansung di Palu pakai baru itupung kalau mancing,netral
Wajar kalau lihat prilakunya ditempat kami ikan ini bernama SAPUJAGAT😂,netral
Sdh mulai diburu utk dijadikan bakso ikan😅😅,positif
"Jijik bgt, ikan ini makanannya toxic dan racun gblok bener dah",negatif
bawa pulang 1 taruh di aquarium ternyata dia juga menggerogoti ikan lain.,netral
"Persis kelakuan barat, suka menguasai negara lain😢",negatif
apakah dinas perikanan ga bisa bantu mengurangi ikan satu ini ya?,netral
Mungkin sama spt program transmigrasi ya mksd kmu?,netral
Pernah lihat di dalam ikan baung makan anakan ikan sapu2,netral
Tenang bakal jd karya kuliner ikan sapu2 baru klu kena orang indonesia😂,netral
Ini mah akibat tukang siomay,netral
"Sapu sapu, semua di sapu, anak ikan pun di sapu jadi hama",netral
Buat jd pakan bang😂 itu solusinya,positif
"Video2 AI gini merajalela, wah sama aja nonton fake documentary video",netral
sepertinya ikan ini sudah ada jaman purba,netral
biasa nonton video real tapi berita hoax ya gan,negatif
"nyusu dulu cak,panennya dinikmati lahir batin..😂😂😂",negatif
tangkap dulu ikan lokal sebanyak mungkin. abis itu sungai nya dirancun dulu.,netral
Ide yg bagus nih buat ladang korupsi baru 😂,negatif
Di Sulawesi juga udah mulai banyak merusak ekosistem,negatif
3:33 sejak kapan ikan nila ikan lokal?,netral
Ikan betok / betik dong,netral
"pernah Nemu sebesar paha orang dewasa,",netral
"Saya. Pernah. Dapat bg,di. Sunggai. Siak, riau",netral
sungguh saya tertawa melihat kulit sapu-sapu dijahit jd tas fashion 😀,netral
Di indo Ikin ini menjadi lebih banyak sial,netral
Bikin tentang catfish om yang sekarang ada di indonesia,netral
ditempat nenekku ikan sapu2 dijadiin somay dan cilok,netral
Apa apa AI apa apa AI. Najis bener. 👎,negatif
Apakah video ini buatan Ai?,netral
Sampah Konten Ga peduli isinya kalau pakai Ai no respect bikin kotor beranda,negatif
Lokasi dmnaa pak? Mau pesan,netral
DEWA ABADI.. MUNGKIN INI YG DI SEBUT HIDUP KEMBALI SETELAH KEMATIAN,netral
ikan sapu2 kalau hidup di air yg belum banyak tercemar dagingnya gurih..,positif
busett kemaren mncing pke umpan magot dapat 3 sapu2 seukuran kaki... 😅😅,netral
Ah mungkin cuma perasaan ku saja,netral
​@OceanAnimalDocumentarymakan bang.. tp yg 2 kena sirip😅,netral
Di tempat saya ikan itu pembersih aquarium,positif
​@BosBos-i6d..bahkan mereka bisa hidup di air kotor sekalipun ..,netral
ah semua ai jdi ga menarik ka,netral
Jatiluhur sudah di dominasi ikan besi itu,netral
kalau pakai AI itu bukan dokumenter 😂,netral
"Pernah masukin ikan sapu"" ke aquarium tak liatin tpi ko ngedip"" yah",netral
oh jd ini ikan yg jd lambang di gerobak somay😮😮,netral
ini videonya AI generated bukan?,netral
Tanda bacanya kacau banget jd gk nyaman didengar,negatif
pantas di sungai ikannya begitu semua,netral
​@BosBos-i6dmakan aja ikan sapu2 itu,netral
Makanya budayakan makan ikan sapu2 kan halal juga.,netral
"Malah ketawa lu , anda salah satu orang yg bertanggung jawab di akhirat!",netral
di danau rawapening udah mulai banyak sekali ini ikan.,netral
Bang tolong jelaskan mengenai Ikan lohan di video selanjutnya please🙏,positif
Hahaha memang ikan lucknut itu.,netral
musnahkan saja sudah sangat merugikan gak perlu penelitian,netral
"buat pakan ternak,kucing dll mngkin bisa yaaa",positif
Nila juga bukan lokal oiii,netral
kemampuannya bertahan hidup mirip ikan tembakul (mudskipper),positif
IKAN SAPU-SAPU KE SUKA' AN KAN SIOMAY NTR bilangnya ini ikan Tenggiri 😂😮😅😊,positif
Sapu sapu harus musnah total diganti dgn bibit ikan lokal,netral
"Viral dimusnahkan, tanpa manfaat. Kasihan",positif
Semua ikan sapu-sapu milik Allah,netral
Tilapai is not local fish bro,netral
Sapu Sapu ikan Sedang Naik Daun oLeh Pramono Maung 😅😂,netral
"penghobi , harus bertanggung jawab juga sih.",netral
sama sama terimakasih sudah menonton,positif
Ini kan ikan pembersih kaca,positif
AI = FITNAH 👉 HARAM **** FITUR AI WAJIB DI BLOKIR DI INDONESIA...!!!,netral
Apa biasa di buat baso ikan pak?,netral
wahh bahaya dong ternaknya bisa terpapar tar ternakny dimakan lg ama manusia,netral
Ikan sapu kalau hidup di laut bakal punah ikan lain tidak ya😂,netral
Ikan ini info nya bisa jadi pembersih korupsi😂,negatif
ikan tapal batu pemakan lumut malah punah,negatif
kesatria mamarika yg berubah jadi penjajah 😁,netral
​@tomztomz9825 otak jgn dipantat . 😂,netral
Seperti habib baklawi bertamu tapi gak sopon,netral
di daerahku namanya ikan indosiar atau pembersih kaca,positif
Israel banget sih narasinya 😅,netral
Yg lebih ganas adalah ikan koruptor pemakan yg ganas,negatif
Nilai gizinya jg sangat rendah,netral
Apakah tembakul juga merusak ekosistem?,netral
​@muhamadsinto2542kalau daerah sini tidak ada racun,netral
"Bukan jawa aja, sumatra banyak ikan ini",netral
Buang Aja ke laut setangguh apa mereka disana😂😂😂,netral
"aku jawab 
 
 
 biawak
 dan burung Bangau",netral
Nyambek diburu manusia bro. Makanya susah.,netral
Itu sih ikan terbang/layang adanya di laut,netral
Ikan sapu bagiku bermanfaat buat ngisi buat bersih kaca aquarium,positif
Cocok buat proyek MBG proyek para bandait,netral
Di sungai Brantas Jatim ikan sapu sapu banyak sekali.,netral
Ia mirip penyepong panci nak abah,netral
Siapa Yang membuang ikan ini ke sungai?,netral
sapu sapu berdasi belum punah,negatif
gak ada manfaat yg diambil dr ikan sapu2,positif
tp ikan yg km sebutkn it. tdk merusak habitat ikan lain,negatif
Kasih diolah jadi pakan ternak ​@sigitsetyawadi3951,positif
D olah d jadikan pakan utk kolam ikan /tambak ?,positif
Ikan paling rajin tukang sapu,netral
Justru PANCI lebih mendominasi disetiap dapur rumah-rumah ada 😂,netral
KAYAKNYA INI MASUK KATEGORI IKAN PURBA😁,netral
Se jenis Ikan hantu ini...,netral
Saat nya Manusia jadi predator puncak 😅,netral
Ketika sapu2 bnyak brarti ekosistem airnya sudah rusak penuh limbah,negatif
​@aldiedo2354 piaraan ku jadi korban,netral
kaya orang Israel yg di terima di palestina malah menjajah,netral
Kalau gak salah ada menu ikan sapu -ikan berharga mahal,netral
carilah di google pasti nemu jwbanya😂😂,netral
silahkan klau mau terpapar logam berat dr ikan ini,netral
msalahnya mereka hidup di habitat yg salah skrg,positif
"Ratusan Ton Ikan Sapu Sapu Diindonesia ,Kenapa Tidak Eksport Ke Brazil",netral
Cara olahnya sebelum bisa dijahit???,netral
"Ikan ini jangan dimusnahkan ciptaan Tuhan, lebih baik musnahkan koroptor",positif
"Maaf min ikan nila itu bukan ikan lokal, ikan nila itu juga ikan infasiv",netral
Tp gw msh suka ama ikan ini 🙂,netral
SEHARUSNYA KORUPTOR DI SURUH MAKAN IKAN SAPU-SAPU 😂😂😂😂😂😂😂😂😂,negatif
Bayangkan jika ikan sapu-sapu sifatnya seperti piranha Amazon 😂,netral
TERNAK BUAYA AJA BUAT makanin SaPU sapU,netral
Ngga bisa dimakan manusia yeah?,netral
Ikan ini akan berubah jadi yajud mahjud,netral
"Katanya bisa diolah lalu diexport ke korea, apa ke china",positif
"Jngan"" Itu bukan ikan, setan kyak nya",negatif
"oh ikan sapu sapu ,,, kenapa skrg jadi kambing hitam",netral
ceritanya kok kayak penjajah yg terjadi saat ini ya..,netral
"amerika dimana mana invansi gak orang ,gak ikan😁😁😁",netral
"Nila bukan asli indonesia, dia juga invasif dari afrika",netral
Ikan sapu sapu pendatang tp mengalahkan pribumi,netral
Di Aceh pun mulai banyak ini,netral
Sapu2 pembersih sungai kalo dan lain2,positif
sy campurkan sm ikan piranha pun ikan piranha gak mau mkan dy....,netral
Klo dlu masih kecil gw mainin helicopter ni ikan ..karna mirip airwolf,netral
Ini satu kolam dengan caplin dan Roy suryo😂😂😂,netral
buset ini sapu2 jiwa penjajah 😂,netral
Jangan buat makan buaya tapi buat makan koruptor yg di penjara....,negatif
bukannya bisa dibuat somay ya??,netral
Di saya harga telur ikan sapu lumayan mahal,netral
Sama kaya negara aslinya yang hobi mendominasi dengan cara apapun 😂,netral
Dan lucunya di danau toba disebar ikan sapu²,netral
ikan sapu jgn salah pikir.jual ke pabrik pupuk organik ❤JD pupuk,netral
Mantap bro. Musnahkan aja ini ikan invasif.,positif
"g orang, g binatang, yg asal amerika selalu menjajah",netral
"menyimak fakta, tapi berasa hoax, oh AI",negatif
Video Ai yang sangat apik....,netral
"Video AI, suara AI, Skip",netral
Ikan sapu sapu yg ada di DPR tuh berani berantad ngak... 😅😅😅😅😅,positif
Sapu sapu disini langkah malahan 😂,netral
Harusnya bersyukur ada ikan sapu2 sebagai pembersih,positif
Koruptor lahir dari masyarakat yang rusak,negatif
Emang manusianya aja ngga mau belajar,netral
Berarti kali disitu udah kotor,negatif
Di larang juga penjual ikan sapu sapu di yukang aquarium,netral
DI AMERIKA LATIN SAPU2 DIHIDANGKAN DALAM BERBAGAI MENU. KENAPA KITA TAKUT??,netral
"Siapa yang bawa ne ikan,,",netral
aamiin kawan semoga diangkat rasa sakitnya,netral
Kalau dikampungku namanya iwak jokolepo😂,netral
nyaris sempurna bgt ni ikan 🤣,netral
Ikan sapu² merupakan ikan purba..???,netral
"Wa.. Wa.. Wa.. Sdh smpe di pegunungan mahluk itu, mama' dong jual",netral
Untung tangan ku selama hidup ku tidak pernah memelihara hewan apa2.,positif
Pelihara gibran aja atau jokowi,netral
Kayanya ini ikan israel heheee,netral
Jelek banget wujud nya nyak 😬,netral
Ikan sapu2 bisa jadi obat jual ke kedokteran ya kalo dapat CIA 😊,positif
"Mudah kok musnahkannya, tinggal pake sentrum mati semua tuh ikan wkwk😂",negatif
Ikan sioni yaudi dan AS ini!,netral
"Sapu-sapu itu seperti Israel. Dikasih tempat, malah ngebantai",netral
​@MuhammadKaf-j9cdia aja dari Amerika Selatan 😂,netral
Sampe ke ikan2 jadi penjajah ngeri2,netral
Saya nelayan merasa sangat menggangu bahkan merugikan ikan ini,netral
"Stop pakai AI bro, ga kreatif lu, ga usaha ngerekam videonya sendiri",positif
katanya dalam perut ikan sapu2 terdapat plutonium buat bahan nuklir,netral
MBG ikan Sapu2 APBN 😢,negatif
videonya AI ga jadi nonton,netral
Coba dilepas di laut ajah bro .kasihan jika dibunuh,netral
Saya suka makan ikan ini 🤤,netral
sungai dikampung saya sekarang sudah dikuasai sapu sapu😢,negatif
Allah swt ciptakan makhluk hidup pasti ada gunanya,positif
semoga konten AI di banned di youtube,netral
Kok ikan sapu sapu saya di rumah tidak bisa gerak sendiri ya.,netral
"Udah dari dulu
 Baru pada sadar skr..",netral
Sapu-sapu itu satu spesies dengan ikan pembersih kaca?,netral
klo di Jabodetabek namanya ikan somay😂,netral
Ikan sapu-sapu memang suka lompat 😂,netral
"Kisahnya mirip bangsa israel, penjajah yg mengklaim segalanya",netral
"Ikan pembersih sungai , sungai di kotori limbah .",netral
"Di timor Leste namanya ikan ""taga"" 😅",netral
mungkin lebih cocok nama nya diganti ikan Vacum Vacum 😃🤣🤣🤣,netral
ya itu berharap ikan lokal tumbuh tapi limbah beracun ngga diurus 😂,netral
Tgl di budaya di tempat yang bersih enak dagingnya,positif
Dia jenis ikan batu Cok mkn lumut bukan kayu 🗿,netral
Coba taruh 1 piranha saja. Dicabik tidak ya itu sapu2 ?,netral
Jadi ikan ini persis seperti bangsa israel,netral
Tangkapin ikan sapu sapu olah sebagai campuran pelet makanan ikan,netral
"Saya adalah nelayan pengepul ikan sapu sapu di waduk jatigede,, ikan sapu bendungan,sungai dibuat filet,,",netral
"Seandainya ada milyarder yg perduli lingkungan,barang siapa yang bisa tangkap dan bunuh ikan ini akan dibayar pasti mereka akan punah 😢",negatif
"Ikan Sapu-sapu, kalo bahasa daerahku Jukut Beung Betu..
 Di tempat kalian apa namanya ?",netral
"Palembang hadir ,ikan sapu sapu sudah dimana mana ,sampai pelosok karena di sebar penggemar ikan hias sekarang JD hama ,fakta ikn sapu sapu walau sudah di jemur sampe keras ,kalau di siram air masih bisa bernafas,buktikn saja. .bagaimana cara membasminya Skrang sda sangat banyak di sungai dimana mana",netral
Ikan yang dulu dijadikan petugas pembantu bersih bersih justru menjadi penjajah dan penguasa di seluruh sungai sungai Nusan Tara.,positif
AKAN tetapi yang paling penting dan harus diperhatika n dipertanyakan Apakah dinas lingkungan hidup dan perikanan Sudah melakukan program dan gerakan untuk MEMBASMI HAMA di Seluruh sungai sungai di Indonesia ini?,positif
"Ikan hama perusak kehidupan ikan2 lokal,semakin banyak sabu2 berkembang semakin hilang ikan lokal ,walau ia tdk mmakan sesama ikan namun ia mmakan telur2 ikan lokal",netral
"Semua kembali LG k SDM manusianya yg masih minim,tak mngerti dmpak jangka panjang yg dtimbulkan oleh ikan tsb",netral
"30 tahun yang lalu sampai beli anakannya untuk di taruh di aquarium, agar selalu bersih permukaan dalamnya. ternyata sekarang melimpah ruah di lingkungan perairan,",positif
Bagaimana ikan ini di sungai Amazon tidak bisa mendominasi sungai? itu yang jarang diulas.,netral
Kenapa mahluk itu di ciptakan jk khidupanya hanya merusak lingkungan. Yg jls smua mahluk yg tercipta tentu ada hikmah dn maknanya bagi alam.. wslamkum..,negatif
"Ikan sapu sekarang udah beredar di mn"" ,,,di kali di kolam , baaaaanyak banget ,,,!! Karna aku orang bodoh , jadi gk bisa mengolah ikan sapu jadi yg lebih bermanfa'at ,,!! Mungkin anda yg pinter"" coba ber experimen dg ikan sapu ,,,!! 🙏🙏🙏🙏",negatif
"​@Suyatmin21-pb9duikan sapu sapu habitat asli nya di Amerika Selatan (AmSel) , kalaupun punah di Indonesia, masih lebih baik krn ikan ini masih banyak di AmSel. Nah... Pak @AhmadAmaludin-hv6jb ini sepertinya mungkin tidak pedulinya kalau ikan sapu sapu ini dapat meng eliminasi ikan ikan lain yg jauh lebih banyak manfaatnya daripada ikan sapu sapu ini, sehingga dibela. Sudah dijelaskan di video, ikan sapu2 badannya keras, predator alami hampir tak ada. Dan ikan sapu2 rakus kalau makan alga, telur ikan. Cepat beranak pinak, dan bisa membuat punah ikan2 yang baik lainnya. Tapi bapak itu sprtinya mungkin mana peduli. Malah ikan sapu2 dibela nya utk tetap exist banyak sebagai hama dan menghabisi ikan2 lokal. Itu mungkin yg dimaksudnya bersih. Harusnya ikan sapu2 hanya boleh di kontrol di akuarium. Pantang dilepas je alam, karena menjadi hama. Terima kasih responnya , Pak.",positif
Sering di buru buat baso ikan(wow amisnya..)juga sama penggembala itik buat pakan campuran,positif
"buang sampah terutama yg susah terurai, sembarangan adalah titik awal kehancuran lingkungan",negatif
"Kelak akan ada pengusaha kuliner yg dapat mengolah ikan ini menjadi santapan yg sangat enak dgn harga terjangkau ,,saat itulah ikan sapu² akan diburu habis oleh manusia",negatif
"😂😂😂yg lebih mengerikan lg perusak ekosistim adalah pencemaran air dr bahan kimia,klw ikan sapu2 msh bisa d konsumsi bahkan jd mata pencaharian,klw bahan kimia apa yg mw d harap.",negatif
"Kata evolusioner itu tidak benar! Seolah-olah tak ada Tuhan, ini mensejajarkan Atheis bergaya Charles Dawin",positif
"smoga gak tennag hidup nya yg buang ikan sapu sapu kesungai, dan disiksa kau di kuburan",positif
Kayak red devil ya dipelihara org trus dilempar ke danau dan berkembang biak dan skrng jadi hama buat ikan lokal,netral
"Makhluk yg paling paling banyak keburukannya dari pada manfaatnya. Gali lobang telur bisa bikin longsor pinggir sungai, makan banyak alga bikin ikan lain ga dapat makanan dan bisa pelan2 punah, makan telur ikan lain, merusak ekosistem karna jumlahnya masif, bikin jaring nelayan rusak krna sisiknya yg tajam. Dan banyak lagi. Sama2 nyusahin kayak buaya. 
 
 Kenapa ga ditangkap banyak2 trs diksh buat pakan buaya. Buaya dipenangkaran kan lumayan bgt buat pakan buaya. Buaya mah gragas makan apa aja.",negatif
"Di Indonesia semua penjajah di makan. keong mas, ikan sapu-sapu, ikan aligator, ikan Arapaima. Semua di konsumsi. Ini adalah bangsa yang kebal penjajah",netral
"3:30 kasalahan fatal nih, segitu malesnya chanel ini untuk riset ikan lokal itu apa aja. ikan nila, ikan mas, ikan mujair, ikan lele dumbo, dan ikan bawal BUKAN ikan lokal 😂😂",netral
"Kalo yg doyan mah katanya enak , emang pernah sy liat dangingnya merah kaya ikan tongkol",netral
"Semoga ada perusahan besar, pegilingan sapu sapu buat pakan pelet, ternak, pupuk, mungkin bisa medis, peetanian, induatri juga",positif
"😂😂ikan ini mulai populer era75/80an...kami membudidaya,,sbg Ikan hias... namun ikan ini terlalu cepat berkembang ,,tanpa batas..kematian/di konsumsi... yakinlah satu saat nanti pasti ada manfaatnya.. Krn semua gak ada yg kebetulan. ini ketentuan alam. Maka berfikir lah... Musibah jadi berkah.. anagkat semua ikan itu aku beli berapapun aku jadikan pelet pakan ternak.. aku sudah membuat mesinnya.. dan siapapun bisa berusaha😂😂😂",positif
"Ikan ini sangat bahaya karna populasi ikan asli y bisa punah karna dia gak makan lumut tapi pemakan telur telur ikan asli nusantara karna dia hama yg sangat serius
 Ikan sapu sapu berasal dari hutan amazon",negatif
"Pantes sinfatnya invasif
 Dia dari mamarika
 DNA rakus juga di tanamkan pada ikan",netral
Wualaaaahhh ternyata ada 1orang bodoh yg nyemplungin ikan hiasanya 😂😂😂😂😂 baru tau.,negatif
Byasane yg nyebar itu pabrik2 makanan ringan yg lokasinya gk jauh dari sungai,netral
"Ada, ini contohnya, manfaatnya sungai jadi lebih banyak ikan, meski hanya sapu sapu, dan kang somay bisa beli dagingnya lbih murah, dri pada ikan laut.. 😁😁",positif
"Yang tak ngalah mengerikan, ikan ini mampu melakukan hibernasi.
 Di mana akan masuk musim kemarau, ketika ikan ini terjebak di kubangan air yg akan mengering, dia mengubur diri di dalam tanah lumpur.
 Ketika tanah terisi air lagi di musim penghujan, ikan ini bangun dari hibernasi dan hidup kembali untuk melanjutkan hidupnya..",positif
19:43 Ah nyata nya sering dibikin Siomay tuh. Tulisannya Siomay Ikan Tengiri.,netral
Kalau di daera ku namanya ikan pembersih kaca atau di sebut juga ikan garitel,positif
Sekarang yang jadi masalah bukan soal spesies habitat asli... di Jawa sungainya itu rusak kena limbah..,negatif
Sekarang ni di Malaysia sedang menjalankan penghapusan ikan sapu2 ni sebab merosakkan ekosistem perairan Malaysia..,netral
sekarang di daerah saya sapu sapu jadi bahan pokok pembuatan pakan ternak dan mempunyai nilai ekonomis dengan harga 5ribu per kilo,positif
hikmahnya jgan sembarangan nglepas hewan yang bukan endemik ke tempat yang bukan habitat aslinya.,netral
semua hewan ada habitatnya masing2 ga bisa asal dilepaskan gitu aja di habitat negara/daerah lain,netral
"Ikan Tawes, Ikan Baung, Ikan Betok, Ikan Wader Pari, dan Ikan Belida sepertinya udah ga ada di sungai-sungai dan danau tergantikan ikan sapu-sapu",netral
"setuju Pak,, kami yg biasa pancing ikan air tawar cukup terganggu dgn hewan itu. Namun jua dinas Perikanan d daerah hnya fokus ke jenis ikan yg komersil namun LUPA dengan keberadaan Sapu ijuk itu.
 Lahh,, kami yg pancing ikan d bendungan atau sungai entah itu sungai yg air mengalir atau air tenang pun atau kami yg pancing ikan d Dam kecil pun sering tertipu dgn ikan itu.
 Harapan semoga Dinas Perikanan di kota"" kecil mohon sedikit peduli dgn populasi ikan itu. 
 Bukankah dinas Perikanan juga dapat Gaji tiap bulan 😔",positif
sangat bahaya..beberapa danau hulu kalau sudah ada ikan ini bisa merusak kondisi pangan khusunya periknan...satu pulau bisa habis...,negatif
"Knapa gak rakayasa genetik supaya model nyamuk Wolbachia yg jadi jantan smua lalu perlahan hilang smua....
 
 Siklus hidup sapu2 smpe brapa tahun baru PD modar..... Nah bikin aja JD jantan smua generasi berikutnya",positif
Klu bgitu ikan sapu-sapu nya tangkap di tiap-tiap sungai buang kelaut biar jadi makanan hiu,netral
"Saya mancing ikan wader dg metode kepyur BR pakan ayam , eh yg ngumpul malah ikan ini .
 Bangke !! 🗿",positif
"dokumenter pakai AI klo era jurasic masih wajar tpi makin lama makin kelewatan, bahkan ada video restorasi tapi full ai. halah cuihh.",netral
"Penilaian saya terhadap konten ini:
 1. Memberikan suguhan informasi sesuai dengan judulnya, meskipun isi kontenya video AI, hal ini patut dihargai, karena membuat video AI butuh effort juga
 2. Konten kreatornya pun lebih kreatif, karena menyuguhkan bahasa internasional supaya viewers selain +62 bisa nonton dan memahami maksudnya.
 3. from one to ten, I give it 10
 
 video AI kalo digunakan dengan baik, itu akan bermanfaat dan bukan penipuan, tapi suguhan visual yang disesuaikan keperluan.",positif
"Jika perairanmu bagus dan mendapatkan ikan sapu2,.konsumsi saja,..enak kok dagingnya,.minim tulang,.hanya tulang utama di tengah dan sedikit tulang perut. Yahh hitung2 menggurangi populasinya,. Dan di Indonesia sdah terbukti,..hewan yg di jadikan konsusmsi akan cepat punah,. 😅",netral
"Informasi nya menarik untuk tidak dilewatkan, tapi video ai bikin males, jadi skip dulu lah....",netral
"Ikan sapu-sapu ini laksana golongan yg ada d Kalimantan ini,,, penjajah d segala usaha,,,,😂😂",netral
"basmi dengan cara di obat sungai nya, tetapi panatau olh aparat dan pemda, kordinasi dan libatkan masyarakat kawal dari hulu ke hilir, seteh brsih maka masukan ikan2 yg lebih bermanfaat",positif
"Di daratan Ada HABIB
 Di air ada ikan sapu2 dua jenis makhluk yg sama ceritanya😅",netral
"Kehadiran ikan sapu2 bisa di kendalikan dg cara apapun dg saru syarat, STOP MBG ( ladang big korupsi ).",negatif
"ini video di sponsorin oleh nelayan.....................bukan fakta sebenernya di lapangan..................................faktanya ikan ini sangat bermanfaat bagi lingkungan , tapi hama bagi nelayan.....................makanya dibuatkan video AI seolah2 mereka buruk......huff.....manusia egois",positif
"gw jadi mikir, knapa ikan ini skrg jadi banyak? apakah ikannya yg salah? atau lingkungannya yg salah? sehingga ikan ini jadi banyak?",netral
"​@BosBos-i6dini semua berawal dari masyarakat yg sembarangan melepas bibit ikan sapu2 aquarium ke sungai, skrg ekosistem sungai rusak disalahkan pemerintah",negatif
"Konten ini sangat bagus memanfaatkan ikan bermasalah menjadi sumber ekonomi rakyat, menjadikan kulitnya bernilai ekonomi, menjadikan dagingnya bahan pakan ikan, membuat pupuk bagi tanaman, menjadikan hidup ikan membantu meNetralkan sungai yang tercemar, semoga juga bisa membantu dalam masalah pencemaran air bekas tambang atau galian dan bisa menjadi pembasmi hama tanaman dengan memanfaatkan dagingnya yang beracun.
 Lumayan membantu nengurangi pengangguran di Indonesia kalau srkalanya industri.",positif
dulu sy sangat hobi mancing sepat di lingkungsn sy.sekarang tak ada lagi yg tersisa di rawa hanya ikan sapu2 dan nila,netral
"Baru ikqn sapu2 ..bikin pusing apalg mahluk terkuat di bumi yang merugikan ...yqng sering mabuk ras , mabuk kuasa , mabuk kekayaan , mabuk agama , mabuk miras , mabuk kawin ,,,,, mabuk judol , mabuk ...dll ( mohon tambahkan bila ada kurang ) 😭😭 apa gak buat pusing ????? Gimna cara atasinya ???",negatif
"Kulitnya bagus buat assesoris dompet, ikat pinggang, tas, sayang sekali kemaren gubernur dki mengubur ikan tangkapan tsb",netral
Udh bner ikan sapu2 itu dikonsumsi baik sbg mknan manusia ataupun pkan hewan. Agar nasibnya spt ikan nila.krna di daerah asalnya d sepanjang aliran sungai amazon mreka jd ciri khas kuliner setempat,positif
​@tomztomz9825Kalau Mikir nya kaya gtu pupuk buat tanaman juga bnyk dari kotoran. Dan gak semua ikan sapu kotor Kya di Ciliwung ya karena ikan sapu kalau di tempat bersih masih bisa di mkn,netral
"Perbanyak ikan Tomang/Gabus dewasa, dijamin telor2 ikan sapu juga ikan2 sapu kecil, dilahap dengan semangat.",positif
"Diolah jadi pupuk tanaman juga bagus, aku pernah dengar petani yg hasil pertaniannya jumbo2, ditanya apa rahasianya, dia bilang dia rutin kasih ""makan"" tanamannya daging ikan yg gak segar lagi atau bagian ikan yg gak dimakan seperti isi perut, tulang, kepalanya, dll.",positif
"Betulnya saya kelolanya aja
 Ikan ini bagus banget kalau di taruh septitank, beguna banget, ga perlu sedot wc berkali kali",positif
Bukan cuma Kapitalis asing yg menjajah sumberdaya alam Indonesia. ikannya pun jg ikut menjajah,netral
"​@hermawanadinugroho2873ikan sapu kami dari bendungan jatigede,, di luar negri brazil juga ikan sapu mahal harganya dibikin olahan makanan",netral
Yang berbahaya/invasif dan jadi penjajah bangsa adalah para koruptor bergerak senyap dan terang terangan,negatif
"Kata ikan sapu : jgn kami disapuhitamkan karena ikan ikan lokal bermatian tdk semata mata karena kami, tapi manusia nya juga buang sampah sembarangan, limbah industri, dan ketidakpedulian pemerintah manusia selama ini tdk mengurusi sungai sungai. 😂",negatif
Orang latin aja juga makan ini ikan cuma di amazon kan bersih airnya ga bahaya beda sama Disni,netral
"Aku pernah miara sapu2 di kolam, ternyata setelah bbrp lama tinggal bangkai kepalanya, ternyata dimangsa ""nyambik"" (sejenis biawak) yg menyusup dari selokan...
 mungkin biawak ini bs dijadikan kontrol populasi",positif
"Kenapa ikan sapu2 disebut invasif ya,,, padalah yg infasiv itu manusia nya dan segala macam penyebab kerusakan",negatif
"Palih mana kang, abi sok disanggut wae cupa cupa 😢😢 ke mah moal dibantingkeun, candak we ah",negatif
Apakah Gubernur DKI sdh menonton video ini ? Peluang ekonomis yg bisa dimanfaatkan thd ber ton-ton tangkapan ikan sapu² alih alih dibasmikan,positif
Banyak org bertanya..kenapaa ya ikan semakin langka di sungai rawa atau di sawah ya...org mengira semua mutlak karena pupuk kimia,netral
"Gak nyangka ikan sapu sapu dulunya ikan hias😅, PD hal aku klo lihat ikan sapu sapu cm ada dua kesan, mnjijikkan dan menyeramkan. Kebayang dulu th 90 awal di jakarta sungai dmn mana air brwarna hitam tp ikannya bnyak skli. Di ksh tau SM teman itu ikan sapu sapu 😅",negatif
"Yang sifatnya hama, seperti ikan sapu sapu itu sebenarnya bisa dimanfaatkan jadi barang yg bernilai ekonomi, ikan sapu sapu bisa di olah menjadi pakan ternak, seperti por ayam atau por ikan lele dan sebagainya, bukan hanya di musnahkan tapi di ambil nilai manfaatnya.",positif
12:19 indonesia emang ramah 😂 nggk orang nya pemerintahnya alamnya ... Bahkan ikannya pun bisa ramah dan toleran 😂,netral
*JARiNG DiSAMBUNG SEMUA JARiNG digabung jaring–JARiNG2 digabungin semua diLempaRkan ke sungai bersamaA²2 habis tu sapu-sapu*,negatif
❤🎉❤ *JARiNG DiSAMBUNG SEMUA JARiNG digabung jaring–JARiNG2 digabungin semua diLempaRkan ke sungai bersamaA²2 habis tu sapu-sapu*,netral
"​@mulyabangunwaduh..kandungan logam beratnya bahaya brew.
 Tau sendiri ikan sapu2 di limbah aja hidup berkembang biak pesat.",netral
Ikan sapu2 sering di jadikan bahan tambahan siomay sama segelintir org2 yg tak bertanggung jawab,netral
"saya lahir dihulu sungai Kalimantan lama merantau kekota,, saya kaget pertama melihat ada ikan sapusapu didesa kami..
 sekarang desa kami di invasi ikan Nila & sapusapu yg dulu tdk ada ditempat kami..",netral
"Kayaknya sih yg benar2 merusak ekosistem sungai itu lebih kepada industri yg membuang limbah sembarangan ke sungai.. Ditambah lagi industri2 rumahan spt pencelupan pewarnaan celana jeans, pewarnaan batik, dll yg tdk memiliki penampungan limbah tp seenaknya membuang limbah kimia mereka dgn sembarangan ke sungai",negatif
"Berterimakasih kepada pak Gub.Jakarta yg menyadarkan semua pihak bahayanya Ikan Sapu-Sapu yg predator Pandemis...Semoga terus berlanjut membrantasnya...
 
 (Mestinya para Ahli Perikanan atau Lingkungan yg punya ide, tapi kok diem bae...)",positif
Ikan Sapu-sapu itu mirip termul dan Polda Mulyono Jaya. Terlalu mendominasi untuk merusak tatanan hukum di Indonesia 😅,negatif
Pertanyaannya yang bawa pertama kali ke indonesia buat bersihin aquarium sampe dibuang ke sungai pas udah gede itu siapa? nah,positif
"gk bs, sapu sapu itu berkembang biak dg cepat. memakan telur ikan lain, biawak memakan bangkai, klo ikan sapu sapu hdp di dasar jd agak susah biawak memakany klo di alam liar",netral
"Air di sungai Jakarta yang tercemar limbah beracun tidak ada ikan dapat bertahan, adanya kehidupan di dalamnya adalah berkat; suatu hal baik yang dikemudian hari dapat memecahkan masalah..",positif
Ikan sapu-sapu dapat di komsusi tidak ? Karna ku lihat ada yang menangkap dan katanya untuk buat empek-empek yang dimakan .🙏,positif
"Hewan yg slalu menjaga kebersihan dihabitatnya malah dibersihkan,sbgai pengalihan isu korup.....yg ditutup dgn ikan sapu2 hama..,sebenernya siapa yg hama dipempropnya...???",netral
"Sudah dijelaskan sama ahlinya, biawak gak mau makan sapu-sapu kecuali terpaksa",netral
Orang bodoh komen. Pembahasan apa jawabannya apa? Otaknya di dengkul ya begini,negatif
Tapi ikan sapu-sapu yg hidup dilingkungan tercemar ada kandungan logam beratnya nanti ikut terserap dimakan ayamnya.,positif
"Ada benarnya juga. Daging ikan sapu² gak bisa di konsumsi, namun kulitnya bisa digunakan sebagai dompet...",positif
Dulu punya ikan ini..jatoh dari kolam seharian di luar GK kena air masih hidup juga ..,positif
logam beratnya beralih ke hewan ternak lalu di makan manusia ya sama aja bang lu kira logam beratnya gk ikut kali ya😂😂,netral
karna saking banyaknya jumlah ikan ini meskipun di kubur pun jg tetap masih melimpah ruah,netral
dan ikan lelenya ikut membawa logam berat ikan ini trus di makan manusia kita lihat dampaknya 10-30 tahun kedepan apa saja yg di alami oleh orang2 yg makan lele itu😂😂😂,netral
inilah salah satu org yg berjasa terhadap kelestarian ikan sapu2 di indonesia😂😂😂,positif
limbah pabrik beracun aja msih bisa hidup ini ikan apa lg cuma obat doang😂😂😂😂 ikan lain yg ada limbah pabriknya aja mati tp ikan ini msih sehat berrti bisa di bayangkan kuatnya ikan ini😂😂😂,positif
logam beratnya pindah ke ikan atau peliharaan lain lalu tetap aja di makan manusia😂😂😂,netral
ceramah lu salah tempat bang kyak ikan sapu2 salah habitatnya harusnya habitatnya di amazon sperti ceramah lu harusnya di masjid😂😂😂,netral
"​@inpo7666didatangkan ke indonesia melalui jalur perdagangan ikan hias pada 1970-1980an, dgn tujuan pelengkap aquarium sebagai ikan pembersih.. nah pertanyaan kedua siapa yg beli pertama kali di indonesia? 😅😅😅",positif
tp cerita di dalamnya itu nyata bang sampai dedy corbuzer pun bahas ikan ini di podcashnya,netral
sulit krna air yg terkontaminasi limbah beracun aja msih bisa hidup ikan ini😂😂,positif
​@mustakim8534beda daerah beda nama bang di daerahku jg namanua ikan pembersih kaca,positif
ya emg lingkungannya yg salah toh ikan ini jg bukan asli ikan dr indonesia makanya ikan ini gk punya pemangsa alaminya,netral
Ikan z10nlst. Sepertinya sungai2 di indonesia adalah sungai yg sudah dijanjikan bagi mereka 3000 tahun yg lalu. 😂😂😂,netral
"Kayaknya matanya bisa dicangkokan bagi pasien terancam buta? Bagaimana menurut kalian?? Matanya lebih tajam ketimbang orang,bukan???",negatif
"Bisa namun wajib dipiara di akuarium atau kolam keramik agar tak kabur ke got,kali,danau & laut lepas!!!",positif
"Pernah beli ikan sapu-sapu buat bersihkan Aquarium ,soalnya beli filter air beberapa bulan rusak terus,eh ikan sapu-sapu nya malah lompat keluar Aquarium mati pas ke injak lagi kepala nya krna gak liat pas jalan kok tau-tau berada di lantai ikannya,",positif
Judul Vidio : IKAN SAPU SAPU INVASI SENYAP: BAGAIMANA SATU IKAN AKUARIUM MERUNTUHKAN EKOSISTEM INDONESIA? seperti JOKOWI 😱,netral
"Ikan sapu-sapu tidak salah, yang salah warga DKI yang tidak pernah mau menjaga dan melestarikan lingkungan.",positif
tapi koq di kubur hidup2 y di dlm tanah n terus tercemar g tuch ntr tanah nya 😮🤯💀,positif
Apa belum ada yang menemukan kalau ikan sapu2 digiling buat campuran konsentrat pakan unggas?,positif
Ikan sapu sapu ini dari luar Indonesia dulu di jual sama orang yang jual ikan hias lama lama jadi besar dilepas kesungai jadi beranak Pinak populasinya mengalahkan ikan tawar seperti tombro nila dan mujaer,netral
"kalau sprti itu susah berarti di beranatasnya, apa lagi ikan ini bisa hidup tanapa air dan di dalam lubang2 biarpun hulunya di bendung, tapi lakukan riset obat apa yg cocok untuk membunuh ikan ini",positif
Pemda jakarta berdayakan warganya yg tinggal di pinggiran kali.hasil tangkapan ikan di beli berapa /1kg hasil ikan dicacah untuk pupuk/umpan ternak hewan yg segala dimakan,positif
Kebanyakan ikan yg aku suka lihat nya enak di makan ini ikan sapu² kok aku merinding jijik liatnya apa karena dia berasal dari sungai Amazon ngeri pokoknya,negatif
Wajahnya horor.corak kulitnya mirip cobra.knapa kapal perang tdk gunakan Nama ikan sapu..sapu di lambungnya,netral
Ini ikan sifatnya sama seperti ikan zionis.Menguasai.dan menaklukan.membinasakan. Genoside ikan lain..tuhan maha menciptakan antara hewan dan manusia di buat ada kesamaan,netral
Film dokumenter tapi video dan naratornya semua AI. Gaya berenang ikan sapu2nya enggak sesuai dgn ikan aslinya,netral
"Musuh alami ikan sapu sapu,, Berang berang... Kalau mau ikan sapu sapu berkurang lepas berang berang k sungai.... D kalimantan d ikan sapu sapu jadikan pakan Bebek....",positif
Predator alami ikan sapu-sapu adalah manusia dalam wujud kang siomay dan kang otak-otak,netral
"Dimana mana sekarang ada ikan sapu-sapu..
 Bodohnya dulu orang yang bawa ikan ini ke Indonesia..",negatif
"Setiap mahluk ciptaan Alloh pasti ada manfaatnya.. Ayo para ahli, cari dan gali lagi ilmu ttg ikan ini.. Biar ada manfaat nya buat manusia.. Jangan di sia2 kan.. Insya Alloh ada manfaat nya... 😂",positif
"Apakah ikan sapu2 beracun tdk klau seandainya jd pakan ikan atau bebek dll..di kolam tempat adik cepat ikan ini berkembang biak,,jd sapu2 di basmi baru bisa piara ikan paten😢😢😢 sekarang tdk piara lagi karena byk rugi..piara ikan byk pemasang seperti biawak,burung putih,ikan sapu2 ,,kura2 bisa juga mkn ikan😢😢😢",netral
Bisa rusak tanah pesisir pantai serta ikan sapu2 cepat nian berkembang biak takut nanti ikan lain punah😢😢😢,negatif
"Ini perlu dilakukan penelitian lebih lanjut nggak sih ? Soalnya di sungai2 sekitar saya juga ada ikan sapu2, tapi nggak invasif, cuman 1-2 ekor doang, ikan lokal jauh lebih banyak. Saya curiga ikan ini berkembang biak masif di sungai yang tercemar, kalo beneran kayak gitu berarti yang harus dibasmi itu penyebab tercemar nya sungai, bukan ikan sapu2 nya.",positif
Satu rahasia lagi yg nyaris orang tak tau tentang rahasia ikan sapu2 ikan ini bisa sebagai obat asma dan sesak nafas menahun.,netral
"Tetanggaku melihara ikan sapu-sapu di aquarium buat ngebersihin kaca,terus di kasihkan ke kakak di masukin ke kolam,eh nggak lama jadi banyak segede gede sandal,tpsm kakaku di olah eh ternyata enak juga di filet",positif
"Dulu ikan sapu sapu. Buat. Hiasan di aquarium , sekarang jadi hama ,
 Sebenarnya. Ikan sapu sapu. Mungkin bisa di konsumsi , dgn cara di piara dulu di air yg bersih selama 3 bulan ,,,,MUNGKIN ,,,! karena sudah di karantina selama 3 bulan mungkin racun yg ada di daging ikan tsb sudah hilang , karena ikan sapu sapu hidupnya sama seperti ikan mas ,makan. Yg ada di permukaan lumpur ,, ,",positif
tolong bantu doanya ya bang dan kawan kawan semua untuk kesembuhan bapak agar pulih sehat walafiat karena sekarang kondisi masih kontrol dari rs dan agar punya pedoman agama dan menjadi pribadi baik,positif
"Nah loh siapa yg awal bawa ikan sapu sapu yg suka koleksi, bikin ekosistem ikan lain punah karena sapu sapu adalah jenis ikan penjajah. Dari asing.",negatif
lokasi sungai yg didiami ikan sapu sapu JD sumber uang .❤JD pupuk permentasi pupuk iorganik,netral
ikan sapu sapu emang merusak dinding sungai.namun Jadik pupuk organik olah JD pupuk permentasi,negatif
ikan sapu sapu .mahluk perusak dinding sungai..hrs Budi daya kolam batu.jd sumber pupuk permentasi organik,negatif
"sebetulnya mudah pelacakan asalnya, dari berkas importir ikan hias, kelompok kelompok importir ikan hias tersebut yang bisa mendarangkan, jenis ikan ini beberapa ragam bentuknya... tinggal bagaimana keinginan pemerintah menindaklanjutinya... aneh memang indonesia ini",positif
"Didaerah saya ikan sapu2 termasuk bannyak yang suka.. Lain air lain rasanya.. 
 Bisa bikin obat gatal2 juga",netral
Harusnya perang model ini ke negara negara tetangga.. buat kloning sapu sapu yg lebih sadis😂😂😂,netral
semua ini hanya analisa manusia apa kehendak allah kita gak tau apa kelebihan dan manfaat nya besok2 klo sdh habis baru keluar muzijat nya,netral
"setuju, terlihat dari tiap 8 detik ganti scene. Uang 100 rebu nolnya enem. Tapi bagus emang sih.",positif
"Jangan bilang ""documentary"" kalo footagenya pakai AI. Ngerti documentary kan?",netral
Ramai2 memusnahkan ikan sapu2 nanti klu sudah langkah punah baru di cari apa gk ada solusi lain agar ikan sapu2 ttp ada misalnya membuat aquarium besar di tempat2 pariwisata karna bentuknya yg unik lucu dan seram anak2 pasti tertarik melihatnya,netral
Kampret konten2 yg gw liat di Indo pada Ai generated semua. Minimal kasih WM kalo video nya hasil Ai kocak.,negatif
"sapu"" juga mahluq, jangan hinakan. dia dicipta pasti ada manfaatnya, kita saja yang gak faham maksudnya.",positif
"Sbnrnya ikan sapu sapu bukan hama,,,ikan sapu sapu bisa bermanfaat buat campuran pakan ternak,,,bahkan bisa untuk bahan campuran pembuatan Pur ayam,,pmerintah aja yg GK mau ribet,,",positif
"Gubernur DKI Jakarta yang sekarang sedang gencar gencarnya melakukan pemusnahan ikan sapu-sapu dikali kali atau sungai sungai,,,, Maksudnya apa,,,??? Bukankah dulu rezim Jokowi sebagai gubernur DKI justru ikan sapu-sapu itu disebar luaskan disungai sungai dengan maksud tujuan kali kali atau sungai Ciliwung bersih,,,, Sekarang ikan sapu-sapu sudah berkembang biak pesat mau dimusnahkan,,,, Seolah olah hewan yang salah,,,???",positif
"Baiknya sapu sapu pejabat korup,,,, Pemerintah kerja bersih bersih ikan sapu-sapu,,,,,,,, Coba cari solusinya gimana ikan sapu-sapu bisa dimanfaatkan untuk pupuk atau obat-obatan jangan dimusnahkan begitu saja mereka dikubur hidup-hidup dalam lubang besar terus dikubur,,,, Jahat amattt kita sebagai manusia",positif
"Sy dulu 15 th lalu pernah makan ikan sapu2, di kolam pancing byk ikan ini. kepalanya di potong buang, lalu siram air panas, lalu ambil dagingnya kasih bumbu+ bawang putih dll, rasanya enak juga.. 😅😅",netral
"mesti dilawan dengan memakannya ramai-ramai untuk menambah protein masyarakat secara murah. Coba pakar lokal saja selidiki secara nyata, minimal pilihan kedua kalau tidak cocok untuk pakan manusia berikan pada pakan hewan atau pupuk tumbuhan",positif
Di tempat saya juga banyak sekali. Dulu banyak ikan cetul sekarang ikan cetul punah,negatif
biawak d daerah qu ga doyan ikan ini ... kalo kuras kolam tak buangin utuh sampk busukk g d makan biawak ..,netral
"Ada manfaatnya kalo gak tercemar limbah itu kalau pemerintah pake otak dikit bisa dijadikan pupuk murah tapi berkualitas, (kalo gak tercemar)",positif
Harusnya pemerintah / karantina ikan tegas melarang import ikan hias yg berbahaya,negatif
harusnya penghobi Ikan hias yg melepas ikan ini ke perairan di Indonesia harus ikut bertanggung jawab atas rusaknya ekosistem air tawar di indinesiat,negatif
"Ikan sapu² itu bukan hama.. dia itu ikan 😅
 Hama itu :
 - pemuda² Konoha yg hobi tawuran
 - Genk motor
 - begal 
 - pejabat koruptor",negatif
"Ga bisa langsung, karena tubuhnya mengandung logam berat yg bisa jadi polusi untuk tanah dan bikin tanaman menyerapnya jg,",netral
Menangis Rakyat seluruh Indonesia mohon di bersihkan dari sungai Indonesia ketahanan pangan habis sampai ke desa2 mohon pemerintah? 😂😂😂 Aku dan seluruh desa mengalami ketahan pangan tolong2 😂😂😂sikat sapu2.,netral
"Mudah2an ikan ini jangan sampai ke daerah saya, Papua, kasihan ikan gabus, ikan mujaer/nila, dan ikan betik/batok, mereka sudah hidup tenang membawa berkah bagi masyarakat, kita di sini mayoritas mengkonsumsi ikan hasil dari alam liar bukan hasil budidaya, bisa di bayangkan jika ikan sapu2 hidup di wilayah sini, bisa rusak ekosistem",netral
Orang indo kreatif kalau dh kepepet ekonomi gk lama lgi muncul bakso ikan sapu sapu 😅,positif
Ditangkap buat campuran pakan ternak ayam dan bebek ... Caranya digiling dicampurkan sama daun2.an dan dadak padi ....,positif
Yang di undang ke rumah kita dan kini menolak untuk pergi 🗿 kayak blok M dong 🗿,negatif
"Dampak suka mengimpor produk luar😅😅😅😅😂😂😂, sepertinya cocok buat perairan bekas tambang2,,,, ilegal di seluruh NKRI",netral
"Luar biasa pembahasannya, 
 Sy sarjana perikanan, materi ini sdh bs jd judul skripsi lgkp sekali pembahasannya.
 Mudahan pemerintah bs sadar bahwa ikan ini merugikan, sehingga perlu dikendalikan",positif
Kqlian Bantai mrmbabi butu akan terjadi Bencana buat kaliann lhooo😮😮😮di sapu sapu nanti kalian biar nangiss😢😢😢,negatif
"bahayanya kalau ikan tersebut terpapar logam berat, logam berat yang bersifat racun bisa ikut termakan ketika di konsumsi manusia, yang mengkonsumsi jangka panjang, bisa berpotensi terkena kanker,",negatif
ALLAH menciptakan mahluk hidup pasti ada sisi kegunaannya. Tinggal bagaimana kita bersikap bijak menyikapinya dan mencari solusinya agar bisa di berdayakan sehingga berguna buat kehidupan mahluk lain,positif
"DuLuuuuuu bgt jaman msh kecil.ayah sy naro ikan sapu sapu yg kecil d kolam air mesjid,supaya tidak byk lumut.berbulan bulan dan bertahun warga pun membiarkan sampai GK sadar ikan sapu sapu nya jd sebesar kura kura,ngeri juga liatnya klo besar.",netral
"Rumusnya memang begitu. 
 Saya pusing karena burung Sriti yg bersarang di teras depan rumah yg bikin kotor teras. Semula saya pikir walet, ternyata Sriti yg sarangnya sampah bukan air ludahnya.",negatif
Pernah gak sengaja makan daging ikan sapu2 yg dijadikan baso ikan. Abis itu masuk RS keracunan ginjal.,positif
Kalo beracun apa ikan ini keturunsn buaya dan ular ya di amerika sana midslkan buaya dsn anakonda,netral
Kalu mau habiskan buang racun ikan saja biar semua beres lalu di kasih masuk bibit mujair lagi.,negatif
"Ikan ini sangat mahal dan sangat langka, mohon di pelihara di kolam biar ga punah 😂",negatif
Ikan sapu sapu ini kayak Israel awal2 nya numpang sama palestina lama lama keenakakn tak mau pergi,netral
Ada yg buang ikan sapu sapu ke ciliwung itu. Masyarakatpun udah jadi bajingan bukan pejabat aja yg bajingan,negatif
"Usut sampai tuntas 
 Siapa orang pertama yg melepas ikan sapu-sapu ke sungai Ciliwung dan Bengawan Solo 😅",netral
"seharusnya hukum seperti ini diajarkan sejak SD/SMP,, Simple tidak boleh melepaskan satwa asing",netral
"Kalo tau konsep Aseng adalah penjajah , Nusantara tak pernah dijajah berbagai negara , karena tiap Aseng yg masuk akan dibasmi sebelum mereka membentuk koloni yg kuat,teori ini berlaku juga pada binatang Aseng",netral
"Merebaknya ikan sapu2 adalah...karena secara umum orang indonesia tidak mau mengkonsumsi sementara mreeka tahan tidak mati diracun,jen8s ikan lain punah karena diracun atau limbah pabrik jadilah peneliti yg benar dan ilmiah",negatif
Ikan sapu-sapu..ga betah om di akuarium yng bersih...mungkin akuarium om bersih..,positif
Buaya gak salah apa2. Habitatnya memang di rawa dan alam liar. Yang salah manusia knp masuk alam liar.,netral
tuhan sudah merencanakan nya manusia hanya bisa menganalisis nanti suatu saat manusia akan berburu ikan sapu sapu dan harganya luar biasa...daging ikan sapu sapu nanti bisa menyembukan penyakit dan menjadi obat kuat SEX yng sangat luar biasa😀😀😀😀😀😀,positif
"di blender sjs utrk psksn isksn lsin stsu pupuk tanah,,, pasti tanahnya subur atau ikan di laut di kasi tamabahan gizi dgn cara di blender",netral
"HAMA JADI EMAS ..... 
 ... bila dia ikan sapu-sapu hidup di air bersih bisa jadi konsumsi makanan manusia ...
 
 ... bila dia ikan sapu-sapu di air kotor, maka dapat di olah jadi pakan ternak (bebek, ayam) dan pakan hewan peliharaan (kucing, anjing) ... tetapi dengan, membuang bagian kepala dan kulit, ... fermentasi seperti bubuk kopi dan daun teh dan di keringkan, diawetkan",positif
"Daya tahan yang sehebat ini ikan saou- sapu malah menarik perhatian ... sebagai analigis, daya tahan hebat di temukan pada hewan unta di gurun dan pohon kuma di gurun ..",positif
"Gak juga.di sungai bersih ikan sapu2 jg mulai banyak kok Krn predator ikan ini gak ada di sungai indonesia.sedangkan di habitat aslinya buaya lah salah 1 predator ikan ini.
 Dan jangan salah,ikan sapu2 BS di konsumsi asal di ambil dari sungai jernih atau bersih",positif
Bagaimana cara ambil video nya kok bisa sangat jelas di dalam air dengan dekat ? Hebat,positif
Ikan sapu sapu itu ikan hobinya bersih2 akuarium sama makan lumut aku baru tau kalo ikan seperti itu coco utk pelihara mas atuh ikan kesukaanku mas bukan di masak mnjadi siomay dll gtu aku apa mau ini hewan yg satuni pelihara,positif
"tapi yang dibahas nih ikan mengandung logam berbahaya,seolah kalo lu mancing ikan disungai kotor terus dapet ikan lokal ikannya ngga mengandung logam berbahaya juga 😂",negatif
"ya itu, kek di Bekasi itu kena limbah ikan mati semua.sapu-sapu juga ikutan mati, cuma warlok tetep ngambilin ikan lokal yang ngambang seolah mereka ngga beracun juga 😂",negatif
"TULANG AYA AJ BISA D GILING JD PAKAN TERNAK, MASA IYA IKAN SAPU2 YG JELAS ADA DAGINYA GA BISA D MANFAATKAN",positif
Kenapa gak di tangkap aja ikan sapu sapu nya lalu kubur ditanah yang penting berkurang dikit dikit sih 🗿,netral
"videonya AI skripnya juga Ai. plis A bua jadi bahan bantu aja keliatan banget AI nya. lain kali lebih dimanusiakan bahasnya, lebih banyakan bukti foto foto jangan cuman video",netral
"Ikan sapu2x adalah pemakan semua barang, terutama yg mengendap di dasar kolam, kali atau danau... Jadi kemungkinan tercemar logam berat sangat mungkin... Krn itu ikan sapu2x tdk layak dikonsumsi...",positif
"Ikan sapu sapu berkaki dua..terlalu banyak di malaysi. Ikan ini bukan dari indonesia tapi
 Dari bangladedh dan rohingya di bawah perjanjian UHNCR yg merosak ekoloji malaysia.",netral
"enak daging ikan sapu"" daripada ayam menurutku ya tapi kalo makan daging ikan sapu"" jangan terlalu banyak""😁",Positif
ini ikan vibesnya kaya anak punk😭,Netral
pas nyoba pempek sapu² kok bau amis bgt ya 😭,negatif
ini ikan vibesnya kaya anak punk😭,Netral
ni ikan desainnya ga bgt😭😭,Negatif
jiji bgt sm motifnya😭,Negatif
Gasuka bgt bentukannyaaaa😭,Negatif
"Nah aku suka ini, video edukasi yang gak cuma asal klaim, tapi memang ada uji laboratorium, beserta bukti ilmiah, ada video dokumentasinya, dan disampaikan dengan cara yg tidak membosankan, malah bikin penasaran. Please konten kaya gini yang netizen butuhkan, biar nambah ilmu dan wawasan",Positif
jujur penasaran bgt sama hasilnyaa😭,Positif
DARI KEMARIN NUNGGUIN EH DI PRANK LAGI SAMA HASILNYA HEH GREGET INI UDAHH SAMA HASILNYAA😭😭,Netral
gweh sekarang jd takut makan siomay pliss😭😭😭,Netral
bhsa inggrinya ikan sapu sapu apa ?,Netral
ikan ini vibesnya anak punk bgttt pliccc,Netral
q setiap hari makan,Netral
trnyta gue dlu prnh pelihara nih ikan😭,Netral
ini ikan logo Indosiar jama dulu bukan siii??,Netral
untung banget yaa di Kalimantan gak ada ikan sapu sapu,Netral
gasuka bngt bentuknya😭,Negatif
hasil penelitian ikan sapu sapu,Netral
"apa cuma gw yg mual setiap melihat ikan ini, mana lewat terus lagi",Netral
"bahasa Inggris nya ikan sapu sapu apa tevaaak
 jawaban nya cleaning serfish😭😭🤭🤭🤭",Netral
komennya pada mandang fisik(fisik ikan)😭😭,Netral
Geli liat motifnya😫,Netral
"gapapa klo kalian gsuka motifnya, tapi jangan sampai ngatain jelek juga, semua ciptaan-Nya ada tujuan dan keindahannya sendiri ko.",Negatif
tolong like gais klo udah ada hasil,Netral
aku udah makan loh ka tapi gak ada kenapa napa,Netral
jujur aku dlu kira ikan sapu sapu itu cleaning service akuarium 😭😭,Netral
ditempat aku itu namanya bukan ikan sapu² tapi ikan indosiar😭,Netral
ikan yg di tv indosiar jaman dulu gasih?,Netral
"MERINDINGK BGT SYALAN SAMA MOTIF,SAMA BENTUK NYA😭",Netral
kok orang bisa pada mau makan ikan ini ya? aku liat doang aja mual,Netral
ninggalin jejak buat liat hasilnya nantiii ahh,Netral
"padahal ada jenis makanan kandungan nya hampir sama dengan sapu sapu, tapi laku di pasaran, yaitu kerang hijau",Netral
ikan indosiar😁,Netral
kalau kat malaysia ikan itu dipanggil ikan DBKL,Netral
ikan indosiar gak sih,Netral
"di sungai dekat rumh ak,ada ikan sapu' yg gede bnget",Netral
kalo di rumahku sih nama nya ikan kapal,Netral
jyujyur aku takut sama ikan sapu²😭😭😭,Netral
sapu sapu itu di pelihara,Netral
ini ikan indosiar bukan si?😭,Netral
ikan sungai kali Ciliwung 😹,Netral
KOK GITU SI MOTIFNYA😭😭😭😭😭😭😭😭,Netral
"ikannya lagi MPLS itu
 (masa perkenalan lingkungan sungai)",Netral
"buat gue yang gampang gk sabaran, ini tuh njelasinnya lelet banget 😭🙏maap",Netral
Koo mirip daging giling ikan tenggiri yang saya suka beli di Shopee😅,Positif
ditempat ku nama nya ikan “indosiar”,Netral
aku gak mau makan ikan itu krna menurut ku ikan itu jelek bgt,Negatif
Gak ada ikan nila/lele satupun yg nyelip😳,Netral
Ni ikan klo dibiarin jd penguasa bumi kayanya 😭🙏🏻,Netral
"lele, mujair, sepat sampe kaga ada",Netral
ikan aslinya aja enggk ada Iyah ...,Netral
"Dia semua lagi,, ikan yg lain gk ada",Netral
Anjir setiap lewat fyp ikan ini aku mualllll😭,Netral
ini ikan sebenernya ada gunanya ngga sih😭,Netral
udah di tahap mual ngeliat kumpulan ikan ikan ini,Netral
"jaring segitu banyaknya ga ada ikan selain sapu""",Netral
"BANYAKKK BANGETTTT😭 BERASA PANEN, pasti orang2 disanapun kaga nyangka ada ikan sapu2 sebanyak itu",Netral
ga kebayang klo di danau toba banyak sapu sapu juga,Netral
"""Kan ku cintai kamu sebanyak ikan sapu-sapu di indonesia"" 🥰",Netral
bahasa inggrisnya ikan sapu sapu adalah Cleaning serfish,Netral
dari sebanyak itu engga liat ikan lokalnya samsek,Netral
"kmrin yg bilang ""heleh ikan sapu* doang di urus"" 😅 percayalah hal sepele bisa mendatangkan masalah yg besar 🤣.",Netral
itu beneran GK ada ikan yang lain kah🙂,Netral
ternyata sungai kita udh dijajah si sapu sapu😭😭,Netral
aku yg catlover meronta pengen minta tu ikan,Netral
buat makanan mbg ya,Netral
aku masih bertanya tanya fungsi ikan itu diciptakan yang maha kuasa,Netral
"coba Pemda DKI bikin pabrik pakan murah dari ikan dong jangan dimusnahkan begitu saja ,,majukan sebagai peluang UMKM",Netral
"kok ikan sapu"" semua ya ikan laen nya kmn??",Netral
dia tuh jd puncak rantai makanan ya?,Netral
ya ampunnn...aku pernah makan ikan ini😭😭😭,Netral
emang bener ya bahasa inggris nya ikan sapu sapu itu cleaning serfish ?,Netral
terus masi ad yang bilang ngapain urus ikan gak penting,Netral
nama ikan sapu sapu bener bener menyapu ikan ikan yg ada di sungai,Netral
Ga pernah segeli ini liat ikan,Netral
dari mana asalnya ikan sapu2,Netral
akhirnya gubernur begerak terimakasih pak Pramono dan mas Ari yg sudah mendokumentasikan 🙏,Netral
dari bentuk nya aja udah g bgt😭,Netral
"full sapu""😂 kayaknya anak cucu kita besok ngertinya ikan tawar itu ikan sapu"" aja",Netral
jujur gasuka banget bentukannya ikan ini😭 bener2 pas kalo dijuluki ikan monster😭,Negatif
sapu sapu ya kak atau gak,Netral
Gilaaa ikan lokal kita satupun ga ada?,Netral
ikan lokalnya kemana?😭,Netral
"Terima kasih untuk masyarakat, dan semuanya yg terlibat, karena telah melestarikan langkah awal ekosistem alam untuk kembali pulih",Netral
"sebelum tau aja aku tetep gak mau makan ikan ini, karena menurutku jelek",Negatif
ikan nya jelek gak sudi gw makannya,Negatif
"bukan apa, ikan nya jelek, mau makan jadi mikir dulu 😭",Negatif
mungkin ikannya di sungai yg jernih dan mengalir di hutan..beda sama yang di kota,Netral
lele aja gw ngga mau makan apa lagi ini jirss lahh 😭😭🙏,Netral
siapa yang mau makan juga ikan jelek gitu😭,Negatif
apa bahasa Inggrisnya ikan sapu sapu,Netral
"ogah ah, ikannya jelek.",Negatif
"tu ikan kayak kaku,keras,jelek dan seperti tidak enak😭🙏🏻",Negatif
coba lu makan yg di kali Ciliwung🤣,Netral
"Bukan masalah logam berat nya,tapi karna bentuknya itu 😭",Netral
komen nya pada mandang fisik ikan banget pliss 😭😭😭,Netral
ga sudi makan ikan jelek😭😭,Negatif
"org-org kok pada doyan apa-apa jir, gue lele aja g doyan",Netral
"kalau doyan, mau makan ya makan aja gapapa, tp ga perlu dikontenin ga perlu ngajak2 orang bang, kasian mereka yg gatau jangka panjangnya",Netral
tetep ajh aku gak mau makan solnya ikannya jelek 😩,Negatif
ikan nila aja ga gw makan apalagi ikan yg tampang nya jelek begini,Negatif
"lele aj gw ogah,aplgi ini😭",Netral
ikannya jelek bukan type aku,Negatif
"ikan gabus aja gua GK makan,aplgi ini yng robot😭",Netral
terlepas dari kandungannya aku tetep gakmau makan ikan itu karna burik😔,Netral
semua ikan jelek ga aku makan,Negatif
ikan nya jelek gk suka,Negatif
beda tempat bang cbaa lu makan yang di kali Ciliwung bng,Netral
"Maaf mba, izin nanya itu nangkap ikannya di sungai yg mana ya?",Netral
ikan nya ga good looking gasukaaaa,Negatif
"km dimna kak?? di jabodetabek bukan? di luar itu mungkin ikany masih bersih, yg di bilng mengandung logam itu di perkotaan besar",Netral
liat ny aja ga nafsu apaalgi makan😭,Netral
gasuka bgt makan ikan jelek,Negatif
"Tetep aja aku gak mau, bentukannya aja kaya robot gitu",Netral
"gak pernah kepikiran buat makan ikan itu, soalnya gak good looking 😌",Netral
"kalau mau makan ya makan, jgn samakan selera mu sama selera org. makan aja sndiri tanpa melarang atau mengajak org lain",Netral
"ada ikan sapu sapu, tapi kenapa gak ada ikan tong sampah",Netral
Aku yang terllu mandang fisik . Ikannya jelek jadi gak suka,Negatif
ikan ini tuh lebih jelek dari lele pls 😭😭😭,Negatif
"tanpa tahu latar belakangnya pun gk mau makan, fisualnya bikin merinding",Netral
"dimakan pun aku ttp gak, bentuknya takut bnget jelekk",Negatif
Ga suka ikannya bukan karena dia beracun. Tapi karena bentuk ikannya ga sesuai tipeku ..,Negatif
Iya bang makan aja mayan ngurang2in🤣🤣🤣,Netral
gk suka ikan nya kek robot jlk,Positif
"terserah mau rasanya enak apa engga, kalau bentukannya jelek ya gw tetep gamao😭",Negatif
"tergantung ikannya di budidayakan di mana, KL ikannya ada di sungai jkrta ya jls banyak mnagdung timbal krna SDH tercemar limbah..KL di brasil kan di budidayakan di air bersih makanya masuk ikan yg bernilai ekonomi bagus",Positif
"ikan lele aja aku ga minat, apalagi ini:(",Netral
"ikannya jelek, gasuka.",Negatif
"Padahal banyak lo makanan yang lain, ini si agak lain",Netral
Bentukannya aja udah keliatan kalo gaenak😭,Netral
"iya lah kak makan yang banyak ya
 mengurangi juga",Netral
bentuk nya aja udah bikin eneg duluan 😭,Netral
"tetap ga doyan, ikannya jelek.",Negatif
Maaf bg klo soal ikan aku pilih yg ganteng dn cntik🙏😌,Netral
"digoreng kering kriuk2 crispy aja tak sudi aku makan, apalgi cuma dimasak kuah bgtu",Netral
"bahasa inggris nya ikan sapu sapu
 ikan__fish
 sapu__broom,
 = fish broom broom",Netral
"kok bisa ga orang orang makan ikan itu, gue aja ga selera lihatnya karena ikannya jelek banget",Negatif
ikannya jelek lele aja aku gak mau apalagi ini ihh😭,Negatif
ikan paling jeleg menurut ku😭,Netral
"maap ye, bentukan ikannya bukan tipe we bgt😭",Netral
dari tampilan ikannya aja udah gak bikin nafsu makan,Netral
mending makan tahu tempe yg jelas jelas tinggi protein,Positif
gua mending makan telor,Netral
mending makan nasi + garem daripada makan ini,Netral
aku yg gbisa mkn ikan apapun 😭,Netral
"netizen : mending makan telor, tahu, tempe
 siomay : punten",Netral
padahal hampir semua makanan yg ada di supermarket sebenarnya juga berbahaya karena mengandung pengawet pewarna perasa,Netral
Komennya pada mendang mending. Bisa jadi makanan yg kalian mendingin itu makanan yg orang lain dibelahan dunia sana juga ogah buat dia makan. Biasain saling menghargai aja. Jangan merasa paling tau paling oke,Netral
Mending makan ikan teri,Netral
memding makan nasi donag dr pd makan ini,Netral
aku cuma suka ikan tongkol sama teri selebihnya gak suka dan gak bisa ngolahnya 😩,Positif
mending makan telor sebulan gw,Netral
Klo sesekali makan gak pplah kalian aja makan fastfood sering😅 bnyakan fomo😅,Netral
yauda kalian mam nasi telor biarin aku aja yang milih makan di resto bintng 5 dah,Netral
mending makan nasi putih campur garam wkwk,Netral
aku yang cuma bisa makan ikan nila,Netral
mending makan nasi doank🗿,Netral
Mending makan tahu ajalah😌,Netral
Makan sendiri aja jgn ngajak”,Netral
dikasi 1M pun gua gaakan ga mau makan ini ikan,Netral
pencarianku :daging ikan sapu di mikroskop,Netral
kan ikan sapu sapu itu jorok tapi lele makan tai itu ga jorok kenapa ya,Netral
ikan sapu sapu sudah dicek laboratorium berbahaya bagi yang mengasumsikan nya.,Netral
emang ikan sapu2 itu nggk beracun ???,Netral
pencarianku mabar ikan sapu sapu,Netral
emang enak daging ikan sapu sapu,Netral
itu kan bukan ikan sapu sapu. tapi ikan kudu kudu kan ya..,Netral
"enak daging ikan sapu"" daripada ayam menurutku ya tapi kalo makan daging ikan sapu"" jangan terlalu banyak""😁",positif
MENJIJIKAN,Negatif
lah somayy yg lu pd mkn kan dr ikan sapu😂,Netral
ikan sapu-sapu dimakan sama pisang,Positif
yg bikin kotor karena sungainya,Positif
gie pernah makan ikan sapu2. masaknya ribet,Negatif
buang,Negati
tapi bentuknya serem,Negatif
"pdhl ikan lele lebih murah, ngapa mesti make ikan ini dah",negatif
"Biar ga amis rendam ikan dulu dg air cuka plus garam 1 jam,,lalu cuci bersih",positif
takut akh beli somay lg....tukang somay yg lwt dpn rmh skrng g prnh aqu beli...takut...geli. ..ihhh,negatif
bukan ny ikan sapu-sapu GK ada dagingnya 🗿,netral
emang knp dah kalo dari ikan sapu-sapu,netral
lu kg rendam pake air garem pake terigu juga bg jangan langsung kukus,netral
gua tiap hari makan ikan sapu sapu,positif
lah sapu sapu ada dagingnya? gw kira nggak ada 🗿,netral
aku pernah makan itu dari SD samapai SMA walaupun sekarang dah jarang makan ikan itu tapi enak loh di sini nama nya kuratak cara masak nya itu di rebus dulu,positif
melihatnya pun tak sudi,negatif
Karna ikan sapu aromanya lebih melekat sprti ikan tnggiri dan kalo pakai bhn daging krna lbih mahal,netral
coba d banyakin royconya bngt buat yg ikan sapu sapu pasti enak,positif
hooeeeeekkkk,negatif
Gw pernah makan enak,positif
Iyuhh mual 😭😭,negatif
"lama² ikan lokal punah anj, gara² ikan ini",negatif
tapi ikan sapu' lumayan berguna juga bg dia makan sisa' alga dan kotoran,positif
WOII TAPI ITU HAMA WALAUPUN MAKHLUK TUHAN,negatif
kan ikan juga mau hidup,positif
Lo tau dari mana kalo ikan sapu sapu bisa makan segalanya kan ikan lele juga makan segalanya,netral
bang jangan ikan sapu sapu bisa untuk aquarium biar bersih,positif
semua hewan itu makhluk allah tapi itu bunuh ikan tujuan nya buat aapaaaaa,netral
"lama lama punah tu ikan🗿, btw bukannya bisa di makaan bg?",netral
betul itu kan bukan dari Indonesia itu jadi kata lain dia tuh makan telur ikan-ikan jadi ikan-ikan nggak tumbuh makin banyak makin banyak ikan sapu-sapu makin ikan dikit,netral
itu ikan sapu seandainya kita bisa cari cara untuk memaafkan nya.. entah itu di bikin pangan hewan lain bisa gak ya...,positif
Ikan salah habitat yg di sebabkan oleh orng gk bertanggung jawab,netral
sapu² itu hama laut bisa ngerusak ekosistem,negatif
"ikan sapu"" itu hama ikan hiyas di makan sama ikan sapu hama itu",negatif
plisss ikan itu tuh keras bgt anjiiimmm mana jelek bangeettt. kalo gede bentuknya serem,negatif
"tadi nya kasian suka liat anak"" nangkep di taro di jalan raya tuh ikan sampe kelindes, klo tau gini ikutan nangkep deh..",negatif
hama banget sumpah,negatif
gua dulu yang sering ngambil ikan sapu sapu😳😳,netral
"iya loh, ikan ini tuh hama banget. di sungai deket rumah ku ini dulu banyak ikan seperti wader, uceng, dan ikan yg masih bisa di konsumsi lainnya. setelah adanya ikan ini ikan yg lain jadi ilang bersih banget, malahan ikan sapu” ini yang buwanyak banget😩",negatif
"dia memang hama jika hidup di kali, tp jika kita bijak cara merawat nya pasti bersih misal ada kolam yg kotor atau banyak lumut taro aja dia",positif
tapi ikan ini enak lo😭,positif
"popolasi ikan ini semakin tahun semakin banyak, saya lebih setuju ikan ini di jadikan bahan pakan ternak ketimbang di kunsumsi.",Netral
Namanya aja ikan sampah jadi kegunaannya makan sampah.,Netral
bang kenapa dede inoen doyan ikan sapu sapu 💀,Netral
Tapi aku gak makan ikan sapu2 aku pernah makan ikan lele🗿🗿🗿,Netral
Dlu ikan ini gue masukin tower air buat bersihin lumut 😂,Netral
"Apa dia gak makan telur anak nya sendiri?
 Sehingga populasi ny gak berkurang?",Netral
"Kawal jgn smpi dijadikan: pakan ternak[ternak tkontaminasi], pupuk[tumbuhan tkontaminasi], diambil pdagang or pgusaha nakal bisa dijadikan makanan [manusia tkontaminasi]",Netral
Jadi tumbal proyek aja,Netral
Napa gak di hancurin jadi in pupuk tanaman aja? Harus ny tanaman bakaln subur,Netral
Di sungai daerah q skrg ikan sapu-sapu ini jd hama gara-gara ada orang gila yg melepas nya k sungai,negatif
Saya akan melepas ikan sapu sapu yang sungai nya di kuasai ular air,Netral
Ikan sapu-sapu haram,Netral
"Di cina, di jadiin pupuk.",Netral
"aku udah ga beli siomay abang2 di pinggir jalan... serem campurannya apaan, pokonya kalau yg jualan bapak2, abang2, emak2... aku mending kasi duit, ga berani makan",Netral
"Sdah tua otak eror,hukum gantung biar tau rasa",Netral
padahal bisa dibikin pupuk untuk tanaman,Netral
Bohong gua udah buktikan yg mati disiram kg idup lagi.dipelihara dikolam katanya bisa bersihin tetep ajh air kotor basmi basmi sampai habis keakar akar nya,Netral
bukan salah sapu2.. salah manusianya sdh ada habitatnya malah dibawa ke konoha,Netral
"Kalau kerangkanya mengandung kapur,bisa dijadikan pupuk Calsium",Netral
Tanggung jawab oiii org pertama yg lepas ikan sapu2 di indo wkkwkw,Netral
Di Bali Denpasar di taman pancing banyak banget sampai kelihatan,Netral
Klo dh jadi bangkai ni ikan wanjayy sekali baunya jingan emng😂,negatif
"Ikan sapu2 gak cuma jadi masalah di sungai² di Indonesia tapi berbagai negara juga jadi masalah, seandainya ikan ini laku diperut manusia mungkin beda Cerita, syg ga semua org doyan dgn monster sungai ini hahaha",Netral
kalo di tempat kami di samarinda kami manggilnya ikan cacak,Netral
Kenapa tidak untuk pakan leles saja digiling,Netral
ada predator yang mau makan biawak,Netral
klo dagingnya sedikit lalu banyak tulang cocok banget jadi campuran pupuk nggk sih ?,Netral
BAHAN SIOMAY DAGING SAPU2 DIKASIH KALDU AYAM DAN KALDU SAPI,Netral
Jangan Zalim pada makhluk Allah 😡,Netral
"Knp ko bhaya bos,, kan dagingnya enak, sy sering makan ikan itu,,",positif
"Di Malaysia ikan ini di panggil ikan bandaraya,ikan lokal bisa pupus dan ekosistem sungai bisa rosak di buatnya.",Netral
"Justru kalo gak dimusnahin, ikan ikan lain lebih menderita",Netral
Ikan Sapu-sapu di buat Siomay ( nggak semua sih ) karena lebih murah dari ikan lainnya... Saya tau karena waktu itu saya pernah liat orang Jala ikan sapu-sapu dapetnya berkarung-karung.... Dan saya tanya ke Tukang jala nya. .ini ikan di tangkep emang buat apa bang .. dia jawab ini buat pedagang siomay,Netral
d giling ajh buat pur husus pakan trnak kn lumayan 😅,Netral
"Mirip ikan gabus, tp knp ikan gabus sangat mahal dan mengandung obat sedangkan sapu2 bnyk mngandung parasit pdhl mereka hampir sejenis bersisik kaku",Netral
"Di rebus di buat sup, cara pengolahannya biar ga amis, ikan stlh dibersihkan digoreng dg minyak sedikit dikasih jahe, stlh agak kekuningan masukkan air panas sesuai kebutuhan, sambil ikannya dihancurkan pake sotil, lalu rebus dg api Sedang kurang lebih 15minit, 
 Lalu saring,, ,",Netral
"
kalo jumlahnya gak berlebihan, karena semua yang berlebihan itu tidak baik",Netral
Ini ikan bangkai kotor 🤮🤮🤮🤮🤮,Netral
Di sungai berurusan kencang di kampung saya ikan sapu2 dagingnya gurih,Netral
Banyak mengandung parasit dan logam berat..,Netral
"Alhamdulillah ada ikan sapu2, untung bukan ikan pengki😂",Netral
"Kalo masalah nilai gizinya yg rendah,, belum terbukti juga sih... Soalnya banyak yg memanfaatkan ikan sapu-sapu untuk pakan bebek,, katanya justru biar produksi telurnya bagus...",positif
"Sebaiknya pemerintah membasmi ikan ini, agar ngga di pake pedagang yg nakal untuk bahan pembuat makanan , apa gunanya BPOM, coba di razia di pasar pasar di tempat penggilingan baso masih ada juga yg pake formalin.",Netral
padahal daging nya bisa di bikil pelet ikan sy pernah memisahkan daging nya ikan sapu buat pakan ikan lele dan ikan jambal,Netral
Ikan pembersih kaca klo diSidoarjo...ikan ini Banyak diparet pinggir jalan Raya.,Netral
"Ikan sapu sapu berbahaya, ikan ikan yang lain yang justru bermanfaat dagingnya bisa dimakan malah dibantai habis sama ikan sapu sapun dimakanin telur telurnya, akhirnya sisa ikan sapu sapu doang di ekosistemnya, harus diberantas",Netral
Apa kerugian bagi alam tanpa ikan ini ya? Fungsinya sebenarnya apa untuk ekosistem?,Netral
Ikan bhy Mengandong Logam Timbal,Netral
pengalihan isu buat koruptor tambah leluasa buat korupsi,Netral
"banyak d sungai dan waduk juga atau d got. Dinas perikanan Ndak peduli padahal bisa kalu mau bayar orang utk bersihkan sungai pas kemarau dari populasi sapu sapu. Lama kelamaan habis juga. Punah pun biar saja sebab kalu di sungai banyak sapu"" ikan jenis Laen justru jumlahnya sedikit",Netral
Ini ikan sapu sapu yg paling meresahkan masarakat nelayan di danau tempe Sulawesi Selatan.,Netral
"Di kampung saya,ikan ini jadi santapan lezat bagi manusia,tapi ikan sapu sapu yg hidup di sungai,bukan yg hidup di sawah atau di got,karna rasanya rasa lumpur,klu yg hidup di sungai,ikan ya manis,",positif
Jangan dibunuh kasian,Netral
ikan bandaraya nama panggilan di malaysia,Netral
Yg selalu ngancurin buat makan ternak🤚🏻,Netral
gubernur kok ngurusi ikan di sungaianeh memang gubernur dari pdip ini,negatif
ikan sapu sapu merusak dan makan telor telor ikan sepat mujaer betok dll dikali kali orang mo mncing dikali mulai males,negatif
namanya juga manusia merasa paling benar gak mau repot memindahkan ke habitat aslinya jalan pintas ya musnahkan,Netral
aduh konoha gak mau ribet solusi paling gampang ya dimusnahin dan dibuang,Netral
tambah bakso ikan yang nackal,Netral
awas idemu didengar pakar serangga,Netral
yr wkwkwk double kill breee,Netral
jadi pecel sapu bjiirr wlwkwlwl,Netral
fomo politic,Netral
jilat bool,Netral
pengganti lele,Netral
bagus itujadi menu mbg setiap hari jadi mbg bisa menghemat dana,positif
auto keracunan semua,Netral
ngambilnya di sungai ciliwung dijamin sehat,Netral
wah setuju bisa juga mengurangi jumlah pengkonsumsi mbg itu sendiri jadi mengurangi beban anggaran,Netral
solusi tolol,Netral
ikan purba itu daya tahan luar biasa,Netral
arief kamarudin bener jadi duta lingkungan hidup org bisa mengubah cara pandang org tentang ikan perusak alam ini,negatif
lu kalo gak mau bersihin akuarium ya gak usah miara ikan goblok,Netral
enak itu ikannya,positif
komdigi kerjanya apa iklan judol bertebaran,Netral
burik bgt ya,Netral
dideket kantor td pas makan siang ada yg jualan siomay lg min,Netral
saya suka banget dengan pembahasan di chanel ini klo boleh sedikit masukan minbass utk audio nya sedikit di seimbangkan soale vo nya jadi g jelas terima kasih min,positif
ulah siapa masukin sapu,Netral
buset judolnya numpukk,Netral
merkuri timbal dan kadmium bukan kadimun sorry min ada sedikit kesalahan penyebutan unsur kimia pin dong,Netral
coba min diolah buat pakan buaya atau predator lain semacamnya di kebun binatang,Netral
kayaknya ini ikan dimasukin kedalam septictank juga hidup deh,Netral
bisa diolah jadi makanan gak ikan buntal aja bisa,Netral
kalw digiling buat makan lele bisa g yah,Netral
tebar aja pemangsanya kn uda bnyak yg ternak berang d indonesia tiap sungai d kasih berang,Netral
jelek banget angel nya terlalu dekat nyakitin mata,negatif
dari ketidaktahuan menjadi sebuah tragedi ekologi,Netral
pertamax,Netral
manusia siapa yang mendatangkan ikan sapusapu ke indonesia,Netral
halo halo keempat,Netral
keren emang dia,positif
masalahnya ini ikan kok bisa masuk ke indonesia apakah negara kita tdk punya proteksi nya krn ini ikan bukan asli indonesia otomatis kalau masuk indonesia harus diperiksa yaitu bea cukai krn di negara lain kalau bukan ikan asli pasti di proteksi utk masuk ke negara tersebut jdi selama ini nagara kita kemana para pejabat itu blm lagi ikan tdk bisa dikonsumsi inilah yg jdi masalah nya,negatif
di padang saya udah ketemu orang yg basmi sapu setiap lempar jala dia dapat belasan ikan sapu dan ikan itu dibiarkan mati mengering dia juga jelasin kenapa ikan itu harus di basmi dan waktu itu masih susah sih reaksi orang lewat saat pertama lihat ya kaget marah kesal,negatif
bayangin aja danau toba seluas itu malah di cemplungin ikan sapu beberapa tahun lagi aja itu danau isinya udah full sapu sapu di saat itu udah gk usah mimpi untuk bisa membersihkan populasi sapu di danau seluas itu,Netral
di danau ui yang kecil aja susah ngebasminyamana ampe segede paha bocah apalagi di danau toba ya wkwkw,Netral
buset masuk indonesia ini dari gw masih sd masih pitik udah banyak bangat ikan ginian di kali kecil itu jaman kira taun an lah,Netral
emg iya itu ikan ga asli dari indo blok itu dr amazon,Netral
respect dulu ikan sapusapu sekarang tidak,Netral
orang merubah cara pikir salah tentang lingkunganmenyalahkan ikan sapusapu yang tak tau apa apa menjadi hamahilangnya populasi ikan lokal karena airnya kotor,negatif
klo cara pandang sebelum ada influencer kaya dia org juga udah tau ini ikan invasif hanya aja mungkin org ngelirik konten dia krna rame,Netral
harus bikin organisasi besar buat ngebasmi ikan sapu sapu kaya fbi dea,Netral
aelah cari attention doang itu mah biar terkenal doang,Netral
otak dangkal kek lu ini juga harus di basmi sih,Netral
banyak banget tuh ikan,Netral
bnr aq salut sm tu orang,Netral
aku penonton dia dari fesbuk aja nggak nyangka langkah dia bisa seberdampak ini,Netral
sebenarnya spesies kita pun pantas rasanya di label i perusak alam,negatif
mamalia perusak no yaitu manusia,negatif
up,Netral
parah banget,negatif
blokirin wikipedia sama game favoritlu bang,Netral
makasih masukannya,positif
parah banget,negatif
trimakasih masukannya,positif
dengan senang hati,Netral
boleh di coba wkwkwk siapa tau jadi penemuan baru wkwkwk,Netral
iya setelah itu berkembang biak terus menjadi koloni yang suatu saat septictank itu penuh ikan sapu² dan siap panen,Netral
lu aja yang makan bang kita ikhlas kok,Netral
ngapain lu ngomen gitu tujuan lu apa,Netral
di dah dijelasin bang,Netral
bisa saya dulu pernah nyobak rasanya rugi udh daging nya sedikit sulit diambil rasanya gak enak jugasalah cara masak mungkin,positif
terima kasih testimoninya,Netral
di menit padahal udah di jelasin masih juga ga paham,Netral
terus kamu mau makan boleh juga,Netral
ngapain sih mojokin gua salahnya komentar gua apa,Netral
nonton nya sampai akhir atuh wibu jgn intro doang,Netral
yang dternak orang² itu otter bangbukan berang²,Netral
satusatunya ikan yang gak ada pemangsanya cuma ikan itu berangberang juga ogah makan itu ikan,Netral
gmn d habitat aslinya sana d amazon salah satu predatornya ya berang bos malah bilng satunya ikan yg gda pemangsanya gmn sih tuhan menciptakan makhluk g mngkin gda pemangsanya g mngkin tnpa pengendali alami konsep rantai makanan itu uda bnar,Netral
berang berang ketemu temen gw berakhir di wajan bumbu rica rica wkwkwk,Netral
tulisan lu juga kurang tepat bro angel malaikat mungkin maksud lu angle sudut next time saat lu mau kritik which is ok pastikan spelling lu benar,Netral
,Netral
hpnya jgn ditempel di mata om,Netral
,Netral
ngetik apasih tolol,Netral
betul banget,Netral
pertalite,Netral
pada masa dulu pernah ada musim ikan hias dan ikan sapu sebagai pembersih akuarium,Netral
fokus penjelasan sudah sangat jelas,Netral
kalo ada penjelasan tu di dengar wong dari awal di jelasin masih juga ga paham,Netral
ke mantap nas creative,positif
dr kamar film lalu ke sini mantap,positif
sedih uy di tempat gua sudah tdk ada lagi ikan lokal yg biasa gua pancingyg ada sekarg cuman ikan spu sapu,Netral
pertama,Netral
beneran ton,Netral
di jepang indahnya ikan koi di parit dan sungai hmmmm di sini malah ikan beginian,Netral
kali pondok indah dong banyak tuh,Netral
mending bersihkan tu semua para koruptor,Netral
berita yang sangat pentingperlu diulang ulang,Netral
ikan bersih bersih koruptor,Netral
pecahkan rekor muri mantappp,positif
pelihara buaya biawak,Netral
di olah aja buat pabrik jadikan pupuk kaya akan nitrogen itu olah dengan sedemikian rupa export,Netral
masalah sampah doonk pak gub tangani serius bangun sytem pengolahan sampah modern tdk lagi buang ke tps bantar gerbang bangun prestasi pak gub,Netral
kaga ada kerjaan laen apa ya,Netral
semangat selalu dan setuju bgt ikan sabu sabu di buru,Netral
tolong dikasih ke termul jangan dibuang biar untuk dimakan mereka,Netral
kalau mau basmi skalian penjualan ikan sapu sapu di larang klw tdk di larang tdk mustahil akan berkembang biak lg,Netral
program yg sangat tepat dibutuhkan masyarakat jakarta dijaman yg semakin tidak jelas ini,Netral
emang chief indonesia ga bisa nyiptain masakan ikan ini,Netral
koruptor tu yang di urusmalah ikan,Netral
ton ikan sapu teruuuus di kubur itu ikan berbahaya banyak orang ga tau biasanya ikan sapu itu mslah di jual yg beli anak dikantong pelastik bening berarti sekarang klo ada tukang ikan sapu harus diapain laporinato usir gitu,negatif
heran ikan sapu di bersihkan di sungai koruptor di indo di biarkan,Netral
gw lebih setujumbg di sapu bersih sampai akar nya loe bayangin harga lektop juta bisa masif sampai jt per unit itu satu dari masalah predator dari rantai pemakan duit negara belum yg lain nya,Netral
lucu ya gubernur dki jakarta ikan di musnakan kurang kerjaan gubernur paling lucu se indonesiaurus tu rakyat yg susahgubernur pencitraan kalah jauh sama gubernur jawa barat dan gubernur maluku utara,Netral
walau agak kurang gress kebijakanya tapi saya setuju dengan kegiatan ini,Netral
mestinya dikenakan pidana bagi siapa yg sengaja melepaskan ikan invasive,positif
oprasi ko ikan sapu sapu sapu bersih nohhhhh koruptor biadab,Netral
gubenur dapat penghargaan dua teriyun,Netral
kurang kerjaan,Netral
bener gak ya tonsangat berlebihan,Netral
gampang di kampung ku musnah kan nya dengan cara tebar benih lobster air tawarhilang itu ikan sapu sapu,Netral
biarin aja dah biar ada kerjaan,Netral
kebanyakan kerja atau kurang kerjaan gub,Netral
kenapa gak gerakin aja rt rw kelurahan kecamatan dll ormas untuk keruk sampahh limbah bersama sama jangan hanya ikan sapu sapu tapi di imbangi,Netral
diolah dijadikan makanan mbg aja,Netral
prestasi gubernur yg buruk,negatif
sayang aja ikan sapu gak bisa di olah cuma bisa di kubur dalam tanahandaikan bisa di olah jadi pelet ikan atau ternak jadi satu usaha luar biasa seperti yg sudah di bikin di banda aceh sisa ikan atau bisa ikan sapu di olah jadi pelet,Netral
yang perlu dimusnakan itu anis caplin roy panci,Netral
sapu sapu bersih para koruptor dari mulai a sampai z,Netral
kapan karuptor d habiskan jangan ikan sapu doang koruptor lebih membahayakan negara ini,negatif
nanti gk ada yg nyapu sungai lg donk,Netral
dikeruk juga harus nya,Netral
bukanya benerin jalan yang bergelombang contoh jl fatmawati akibat sumur resap malah nyari ikan sapu sapu masa kalah sama jawa barat,Netral
gaaaaaa adaaa kerjaaaan,Netral
mungkin koruptor menjelma jadi sapu dapu,Netral
di depan kali plaza indonesia ikan sapu sapu besar besar bangat,Netral
terlalu fokus hingga besi di jembatan ancol ga sadar pada ilang,Netral
sekalian buru ikan arapaima,Netral
seharusnya jangan ikan sapu sapu saja yang dibasmi tapi koruptor juga demikian karna apa bila koruptor di lenyapkan dinegeri ini maka sejahteralah rakyat dan semua penduduk indonesia,Netral
berapa t nih anggaranya acara kayak gni,Netral
ton sebanyak itu bukan ton ya,Netral
banyak nya ikan sapu menandakan air tercemar berarti air nya tdk ditangani,Netral
coba di portas biar mati semua ikan nya nanti ganti ikan baru lagi oleh pemerintah,negatif
patut di telusuri siapa manusia pembawa ikan sapu sapu pertama di indonesia,Netral
ikan sapusapu musnah timbulah encu nyaamuk dbd dahpenguasa obat nyamuk berjaya,Netral
klw sapu sapu korupsi berapa sekilo nya mau ikutan bersih hama juga lah lumayan,negatif
coba dki jaring koruptor seperti jaring ikan sapu sapu pasti lebih maju,Netral
padahal dagingnya masih bisa diolah jadi makanan ternak seperti dibuat pelet,Netral
menurut saya langkah pemerintah provinsi dki jakarta yang menggelar operasi penangkapan ikan sapusapu di lima wilayah merupakan kebijakan yang tepat upaya ini penting untuk menjaga kebersihan perairan sekaligus menekan populasi ikan invasif yang dapat merusak ekosistem sungai dan mengancam keberadaan ikan lokal seperti yang disampaikan oleh gubernur namun agar penanganannya lebih efektif dan berkelanjutan sebaiknya pemda juga menyediakan satu atau beberapa lokasi penampungan ikan sapusapu di tempat tersebut warga dapat menjual hasil tangkapan mereka dan pemerintah bisa membeli lalu memusnahkannya secara terpusat dengan cara ini masyarakat akan terdorong untuk ikut aktif menangkap ikan sapusapu sehingga pengendalian populasinya bisa lebih cepat dan merata selain itu pendekatan ini juga memberikan nilai tambah ekonomi bagi warga serta meningkatkan partisipasi masyarakat dalam menjaga ekosistem perairan,positif
mereka pembantaian ikan sapu sapu punya ciptakan tuhannya,Netral
wkwkwk kebijakan pemprov lucu urus dl tuch galian pekejarjaan dimana mana yg buat macet dimana mana atau mmg nga ada kemampuan urus pekerjaan yang menganggu kendaraan ini malah sibuk ikan sapu ada aja pemprov dki,Netral
ikan sapu membuat banjir macet,Netral
ikan sapu said salah gue apa,Netral
kak ikan sapu sapu inisifat nya invasif jadi berbahaya bagi kelangsungan ekosistem kalau dilhat dari sudut pandang lingkungan keputusan pembersihan ikan sapu sapu justru keputusan yang sangat baik tolong pelajari lagi bahaya ikan sapu sapu ini jangan asal komen,positif
cu ya udah terserah saja,Netral
pake ai lagi dong nung,Netral
per kilo di tangkap kilo di cas kilo oleh koruptor ini namanya mencari celah gimana cara nya koruptor kaya,Netral
pereman yg harus dibersihkan juga,Netral
siapaun gubernurnya dan dari mana pun daerahnya tetep jelekmau gubernur bantu siapapun akan jelek fans fanatik akan bilang kdm yang bagus ahhh keong para fanatik,positif
awas dipelintir sama siaa dan si aj nanti dinarasikan penistaan karena telah membunuh mahluk ciptaan yg maha kuasa,Netral
ton kg x pak rw kasih reward mantap bosque,positif
percuma kalau di bogor dan sekitarnya ga di basmi juga itu ikan bakalan banyak lagi di jakarta sekali bertelur bisa ribuan dari induk di bogor hujan deras kali ciliwung meluap ikan yang di bogor depok kebawa juga ke jakarta menghamburkan anggaran untuk hal yang tidak penting,Netral
program ikan,Netral
serangan alien di sungai sungai jakarta lumayan ada pekerjaan,Netral
mngkin ini penyebab banjir selama ini di jakarta terlalu banyak ikan sapu sapu,Netral
program tidak berguna,positif
pemprov kurang kerjaan malah ngurus ikan sapu,Netral
gak ada kerjaan yg lebih manfaat apa yahh,positif
ga ada kerjaan mungkin,Netral
sekalian got dong pak,Netral
ga ada ikan yg mkn limbah nyh sma afah,Netral
di krikit tiap hari pasti populasinya akan berkurang kalau bisa ada petugas bagian khusus untuk melakukan perburuan kalau cuma satu kali di lakukan ya percumasoalnya perkembang biakanya cepat sekali,positif
ikan sapusapu bisa di masak,Netral
sadis banget,Netral
seekor lumayan,Netral
buset dorong yg pada tawuran begal maling apa lagi maling uang rakyat,Netral
ditangkap satu tumbuh seribu gak ada kerjaan gk berbobot bgt program ny,Netral
ada² saja ini lucu jg,Netral
kasihan ikan sapu dia jga pingin hidup tenang di air,Netral
gubernur nggk punya kerjaan,Netral
tunggu karma,Netral
sadis banget itu membunuh tampa alasan yang pasti ikan gak mungkin ada tanpa alasan positif,Netral
yeeeee ikan sapu jadi topik berita,Netral
koruptor yg harus di brantas saya kasih hadiah sekilo rebu tuk yg dapat kan koruptor,Netral
tinggal tunggu bencana itu saya yakin ikan sapusapu itu adalah bagian dari cara alam untuk membuat keseimbangan terlepas dari alasan atau penelitian konyol kalian kehadiran mereka pasti bermanfaat untuk manusia,positif
pengangguran di jkt pak urusinmalah ngurusin ikan sapukoplak,Netral
ton yg bner aja kilo apa kwintal,Netral
untuk efisiensi gunakan stru saja agar cpet dan gocek sarangnya untuk ambil tlure jd gk cpet brkembang biak tanami lgi dg arapaima byar jd hiburan para warga dan engler jossss,Netral
giliran bersihin ikan sapu sapu aja kaya apa aja,Netral
tinggal kumpulin rt rw bantaran kali biat sayembara ikan dibeli pemprov tinnggal ekaekusi tiap sabtu minggu anggaran milyar dpat jt ekor murah cepat kg itulo brp jumlahnya anggaran kegiatanya berpa ratus juta,Netral
selalu program ga bermutu ini yang habisin anggaran ga berguna sedih tingkat atas jakarta ngurusin ikan sapu,positif
lebih bagus yg dibasmi preman itu lebih meresahkan pada masarakat,positif
di cikarang juga banyak banget jd ikan yg lain pada sedikit pertumbuhan nya,Netral
gubernur ikannn,Netral
yg harus nya di basmi koruptor bukan ikan sapu kasian yg galatama lele,Netral
kak ikan sapu sapu inisifat nya invasif jadi berbahaya bagi kelangsungan ekosistem kalau dilhat dari sudut pandang lingkungan keputusan pembersihan ikan sapu sapu justru keputusan yang sangat baik tolong pelajari lagi bahaya ikan sapu sapu ini jangan asal komen,positif
kak ikan sapu sapu inisifat nya invasif jadi berbahaya bagi kelangsungan ekosistem kalau dilhat dari sudut pandang lingkungan keputusan pembersihan ikan sapu sapu justru keputusan yang sangat baik tolong pelajari lagi bahaya ikan sapu sapu ini jangan asal komen,positif
isunya nanti daging nya diolah jadi menu mbg,Netral
wkwkkwkwkwk busettttt dehhhhhh dananya habis berapa ya wwkwkkwkwkwkwkwk,Netral
heran ikan sapu ada di dalam aer terus di lumpur masih gampang di tangkep giliran koruptor sulit,Netral
baiknya tangkap oknum yg sebarin bibit ikannya,positif
opersi ikan sapu sapu operasi ormas preman x,Netral
ikan sapu bisa di berantas giliran ikan sapu berdasi berkeliaran dimana ngakak bpkpramono anung bikin terobosan modal dikit untungnya banyakjauh sama bpk kdm,Netral
tangkap ikan sabu sabu,Netral
kg lumayan jugaudhlah jangan pada ikut pasukan kuning biar kita warga aja yg dpt uangnya hehehe,positif
ikan sapu sapu di amerika selatan,Netral
anjai gebrakan dahsyat sampe di beritain semua media di indon,Netral
panen besar preman juga pakdi bersihkan,Netral
akibat gubernur gak ada program gak ada gebrakan padahal agnggaran banyak ya sekali dikasih progam sama allah ikan sapu,Netral
ikan sapu sapu mahluk hidup mereka butuh hidup di perairan tidak boleh di matikanyg harus di matikan itu para manusia yang punya jabatan yg suka korupsipara penjahatbegalmapia mapia itu yang harus di matikan,positif
ikan sapu² konternya adalah ikan lele karena telur ikan sapu sapu adalah makanan favorit ikan lele,Netral
tangkap ikan sapu saja jd headline utk dki,Netral
di goreng,Netral
koruptor juga perlu disapu karena daya rusaknya lebih parah batu dimakan semen digrogoti aspal dicemilin,negatif
potas bae abis ikan itu,Netral
lebih penting mengatasi ikan sapu daripada ngurusin warganya,Netral
jangan perkiko tinggiin lg biar banyak yg cari sapu,Netral
setiap makhluk hidup diciptakan pasti ada manfaatnya kecuali korupsi itu tidak pernah diciptakan hanya manusia serakah lah yg menciptakan korupsi mestinya korupsi yg dibasmi biar rakyat bisa menikmati hidup dengan baik,positif
bisa jadi awalnya itu org miara ikan ini ka trus udah bosen miara malah dibuang ke sungai,Netral
iye jugamakasih analisanya pak,Netral
kak ikan sapu sapu inisifat nya invasif jadi berbahaya bagi kelangsungan ekosistem kalau dilhat dari sudut pandang lingkungan keputusan pembersihan ikan sapu sapu justru keputusan yang sangat baik tolong pelajari lagi bahaya ikan sapu sapu ini jangan asal komen,positif
korupsi manfaatnya ada kerjaan kpk dan rutan,positif
kak ikan sapu sapu inisifat nya invasif jadi berbahaya bagi kelangsungan ekosistem kalau dilhat dari sudut pandang lingkungan keputusan pembersihan ikan sapu sapu justru keputusan yang sangat baik tolong jangan asal komen,positif
apakah sudah di fikirkan manfaat nyadi olah buat pakan ternak atau pupuk tanaman pertanianagar tidak mubazir,positif
kirain gerakan brantas koruptor cepet banget yah kalo menangkap ikan sapu sapu serentak banget se dki,Netral
padahal kalo di daur ulang di lebur jadi pakan ikan atau pelet ikan bisa jadi cuan millyaran itu namanya jg konoha masih banyak koruptor maen musnahkan saja kwkkwkwk,Netral
se urgent itukah,Netral
ikan sapu mereka juga punya hak untuk hidup,Netral
buat bikin batagor kata kawan gw mah maka nya ga pernah makan batagor di jakarta,Netral
seharusnya yg disapu itu para koruptor yg badok uang negarakasihan ikan sapu dia membersihkan kalikotor,Netral
woy turun atuh jangan jadi kayak raja di jakarta,Netral
lanjut di depok bogor tangerang dll,Netral
kalau nanti menu mbg nya siomay sudah di pastikan bahan nya dari sini yagesya,Netral
ya ampun sekelas pemprof basmi ikan sapu emang sudah gak ada kerjaan lain bersihkan koroftor yg bikin cemar masarakat,Netral
nangkap ikan sapu sapu gak ada kerjaan tangkap tuh pra koruptor miskinkan hukum seberat mungkin,Netral
gila ton,Netral
gubernur hebat perang lawan sapu sapu jangan pernah lawan begal preman mafia tanah,Netral
pengalihan isu jalan banyak yg rusak ditambal biaya besar kok ngurusi sungaiikan sapu sapu tapi pembangunan mlempem kayak anis ngurusi tugu yg tak ada manfaatnya,positif
kayak gak ada kerjaan lagipreman narkoba tu basmiini malah ikan sapu,Netral
biar keliatan kerja,Netral
programnya kaga bermitu,Netral
ton ga salah bang,Netral
hhhh,Netral
kak ikan sapu sapu inisifat nya invasif jadi berbahaya bagi kelangsungan ekosistem kalau dilhat dari sudut pandang lingkungan keputusan pembersihan ikan sapu sapu justru keputusan yang sangat baik,positif
benar betul tunggu karma nya kalau ada bencana besar,Netral
kak ikan sapu sapu inisifat nya invasif jadi berbahaya bagi kelangsungan ekosistem kalau dilhat dari sudut pandang lingkungan keputusan pembersihan ikan sapu sapu justru keputusan yang sangat baik tolong pelajari lagi dan jangan asal komen,positif
minta ke pemprov nya masing kocak ngapa minta ke pemprov jakarta gk ada urusan di depok sm bogor dan tangerang,Netral
saya dapet bocoran dari ordal,Netral
ton itu bohong nya,Netral
kak ikan sapu sapu inisifat nya invasif jadi berbahaya bagi kelangsungan ekosistem kalau dilhat dari sudut pandang lingkungan keputusan pembersihan ikan sapu sapu justru keputusan yang sangat baik tolong pelajari lagi bahaya ikan sapu sapu ini jangan asal komen,positif
rata rata yang komen pendukung anis panci,Netral
rb srh nyebur ke kali yg baupelit amatbiar sapu ilang kl msh buang limbah ke kali sama aja boongkayanya dah nyerah sama masalah limbah di jakartajd nyalahin sapu kasian si sapu dijadiin kambing hitam,negatif
yang kotor bukan dari ikannya tapi kalinya jarang dibersihkan aneh negeri konoha,negatif
saya setuju,Netral
pak gubernur bikin program pelatihan ngelas pelatihan sopir pelatihan tukang pelatihan masak warga jkt butuh kerja,Netral
hbs angaran brpa m itu,Netral
setahu saya ikan sapu bukannya pembersih kotoran ya,Netral
gk ada kegiatan lain bukan pak banjir nya gmna pak,Netral
impact content creator sapu,Netral
diluar negeri binatang invasif yang merugikan alam di urus sama pemerintahnya klo di konoha lucu pemerintah udah mau peduli sama lingkungan nya malah dihujat,Netral
gk ada kerjaan bikin somay,Netral
ikan sapu sapu itu di dki ada ribuan ton mana bisa di ambil semua pasti sebulan juga sudah bnyak lagi,Netral
pejabatnya ikut turun dong nyemplung,Netral
tonga masuk akal pasti bohong itu,Netral
tak akan hbis telur ya masih dalam air,Netral
beneran ngga ada ikan yang lain dong moga cpet pulih ekosistem sungai dan yang lebih moga manusianya makin pinter untuk bisa buang sampah dan limbah di tempat yang bener dan moga pemerintahnya selalu sadar dan komit menjaga lingkungan dan ekosistem jangan masuk angin doang semangat lebih baik,positif
aku kasih saran buat pemerintah dalam seminggu ikan sapu sapu bisa lenyap dari jakarta tampa tersisa buat lokasi penampungan jika ada yg mau menjual ikan sapu sapu ribu perkilo pemerintah jakarta siap tampungtapi yang menjual harus ber ktp jakarta aku yakin ikan sapu sapu lenyap dalam seminggu,Netral
buset dah banyak banget,Netral
membasmi ikan itu paling gampangbeli saja ikan sapu sapu kg misal ribupasti banyak yg cari untuk dijual,Netral
kurang kerjaan wkwkwkw,Netral
lu parah dah,negatif
sudah ada mas blk daftar aja,Netral
kak ikan sapu sapu inisifat nya invasif jadi berbahaya bagi kelangsungan ekosistem kalau dilhat dari sudut pandang lingkungan keputusan pembersihan ikan sapu sapu justru keputusan yang sangat baik tolong pelajari lagi bahaya ikan sapu sapu ini,positif
tidak mungkin ikan sapusapu ada kalau gk ada manfaatnya,positif
krn harus viral dulu,Netral
mending brantas korupsi ga ad berita laen apa,Netral
kalo hama ikan sapu sapu di basmi terus di kubur di tunggu kabar selanjutnya para koruptor kapan di kubur hidup hidup,negatif
hati ajah pejabat yg kurup akan segera di sapu bersih,Netral
di jadiin otak otak saja,Netral
ikan sapu bikin jakarta kebanjiran,Netral
keputusan aneh pemprov dki bersih bersih ikan sapu sapu bersihkan saja selokan yg tersumbat biar g banjir,negatif
kasih ke tukang somay batagor dan empek aja pak,Netral
sbnarnya ga ada mahluk allah swt yg ga mnfaat cm ilmu mnsia aja yg ga bs mnjngkau kmnfaatnnya,Netral
buat makan tuch bikin siomay,Netral
,Netral
ngurusin ikan sapu sapu apa sulit nya bagi gubernur coba membersihkan koruptor yang menjadi parasit dan predator di aliran sungai birokrasi pemerintahan jakarta ikan sapu sapu kok ngrusak infrastruktur sungai mending nangkapi rayap besi urusi vandalisme premanisme penyalahgunaan lahan publik seperti disekitar pasar trotoar untuk pejalan kaki dll kalau cuma ngusus nangkapi sapu sapu sih gak perlu di publish itu remeh temen,negatif
hatihati rajanya marah dedemit ikan sapusapu,Netral
mana ikannya yang katanya ton ha ha ha hal yang gak mungkin,Netral
ya elah gimana sih gubernurnya apa gak belajar dari india hal yang begitu seharusnya jangan di komersialkan malah dihargai sekilo rbu yang ada nanti ikanya malah gak habis lah bisa jadi malah tambah banyak kayak kejadian di india tangkep ular dapet duit giliran ularnya sudah mau habis orang malah takut kehilangan pemasukan ya ularnya di ternak lah sama masyarakat kan lumayan ada pemasukan tetap hahaha kocak bet dah,positif
kenapa bukan sabu sabu yg dimusnahkan,Netral
di olah buat di jadikan apa gitu biar manfaat,positif
ikan gak salah di bersihkan padahal itu baik untuk sungai kenapa korupsi gk di bersihkan,positif
pinter juga gagasan nya untk mencair kan angaran hidup iran,Netral
enak gak itu kalau di makan,positif
knp ga di olah jdi pupuk,Netral
kak ikan sapu sapu inisifat nya invasif jadi berbahaya bagi kelangsungan ekosistem kalau dilhat dari sudut pandang lingkungan keputusan pembersihan ikan sapu sapu justru keputusan yang sangat baik,positif
selama ini kadang diolah jadi makanan murah selain menghancurkan harga juga berbahaya untuk kesehatan,negatif
malah jadi pembunuhan berencana,Netral
ikan berbahaya kok mau d makan gmna sih,negatif
kak ikan sapu sapu inisifat nya invasif jadi berbahaya bagi kelangsungan ekosistem kalau dilhat dari sudut pandang lingkungan keputusan pembersihan ikan sapu sapu justru keputusan yang sangat baik tolong pelajari lagi bahaya ikan sapu sapu ini jangan asal komen,positif
pemimpin jkt gak selalu menggunakan apbd gak sprti kpl daerah laininilah pemimpin yg cerdastanpa d sorot kamera kerja senyap,Netral
gua sih iklas aja cuman yang yebar tu ikan kok gak ditangkep,Netral
gak sekalian elo tanya tuh ikannya darimana kocak lw ahhh,Netral
kurang kerjaan dan buang duit,Netral
tikus nasibnya nunggu perintah gubernur,Netral
segitunya ya dampak sosial mediagara mas ariefk si pawang sapusapu viral langsung direspon pemerintah wkwk,Netral
ton,Netral
koruptornya kapan di tangkap kok malah ikan koruptor bahkan uda berton ton tu dari pada banyak nya ikan sapu sapu tu,Netral
menu mbg nih berprotein tinggi juga racun limbahnya,Netral
kurang kerjaan ini aki,Netral
penasaran siapa pelaku pertama yang nglepasin ikan ini dulu kalau gasalah ini ikan hias,positif
yg harus dibersihkan dan dimusnahkankoruptor,Netral
klw jaring preman gagal trsakhirny jaring sapu,Netral
hahahaha dunia lg sibuk menjaring ranjaudi jkt malah sibuk menjaring ikn sapu,Netral
sudah dilakukan amdal belum ya sejarah membuktikan memusnahkan satu spesies yang dianggap hama pada akhirnya justru menjadi bencana yang tidak terduga dan berbalik ke manusia sendiri contoh cina membasmi burung pipit dituduh penyebab gagal panen karena memakan bijibijian akibatnya populasi serangga seperti belalang meledak tanpa predator menjadi hama sesungguhnya bagi pertanian di china gagal panen terjadi diseluruh negeri terjadi bencana kelaparan selama tahun berturutturut tidak ada makanan orang makan kulit pohon rumput tanah liat bahkan kanibalisme terjadi di beberapa wilayah contoh lain serigala dibasmi di amerika karena dianggap ancaman bagi ternak hasilnya populasi rusa dan elk meledak dan memakan segala jenis vegetasi alam rusak sungai berubah karena tidak ada lagi akar yang membantu menjaga pinggiran sungai contoh lain india membasmi ular hasilnya populasi tikus meledak gagal panen penyakit meningkat tajam,positif
kocak manusia nya di bikin mikir harusnya,Netral
indikator air tercemar artinya airnya yg harus dibersihkan dari pencemaran dan sumber pencemaran harus dicari dan diatasi,Netral
oprasi kok oprasi penangkapan ikan ada ada ajah bukannya bikin oprasi penangkapan koruptorr,Netral
musnahkan sapu sapumasuk nkri,Netral
alat yg di pake nangkap sangat amat modern yg di import dari cina,Netral
ikan sapu² disalahin padahal manusianya sembarangan buang limbah kocak,Netral
bkinin somay buat para koruptor makan siang,Netral
yang dibersihkan sumber pencemarannya bukan sapusapunya saja sapusapu itu indikator perairan kalo sungai bersih populasi sapu sedikit begitu sebaliknya,Netral
kak ikan sapu sapu inisifat nya invasif jadi berbahaya bagi kelangsungan ekosistem kalau dilhat dari sudut pandang lingkungan keputusan pembersihan ikan sapu sapu justru keputusan yang sangat baik tolong pelajari lagi bahaya ikan sapu sapu ini jangan asal komen,positif
sudah ada amdal pastinya berdampak pada harga somay yg akan naik karena somay yg biasa pake ikan sapu sekarang harus pakai ikan tenggiri,Netral
mungkin dia tukang siomay ikan sapu,Netral
sumber pencemran ya semua penduduk,Netral
yg penting buat proyek ada alasan dana cair,Netral
ikan sapu mengalahkan pembiakan ikan lain,Netral
tbin terus kalau ikan lain banyak di situ ikan nya biar di makan rakyat nya gitu dengan pencemaran air dari sampah dan limbah kimia,Netral
komen terbodoh sdm rendah syulit,Netral
segelas kopi di campur sianidaagar tidak kemakan sianidanya maka gelas nya harus di gantibegitu kah,Netral
seegelas kopi di campur sianidabiar lu kagak mampus krna sianida maka gelas nya lu ganti dulu pekokbiar air kopi nya aman lu minum,Netral
buat menu mbg diolah jadi siomay atau sejenis nya isunya kek gitu,Netral
sumber pencemaran itu manusia gimana dong,Netral
berarti manusia yang harus dimusnahkan bang hahaha tapi emang sih kerusakan didunia ini kebanyakan dari manusia,negatif
gak juga air bersih pun tu ikan juga bakal banyak kalo gak dibasmi sama orang yang buang sapusapu di kali,Netral
pa gubernur apakah ngga lebih baik menangkap pereman preman yang malak pedagang kecil dan buruh yang penghasilan nya buat makan ajah ngga cukup tapi ngga apa apa wong gubernur nya yang yang ketua umum nya jadi persiden nya hasil kudeta bukan hasil pilihan rakyat,positif
wah bisa jadi menu mbg high protein,Netral
dana penangkapan sapu m ya biar lancar,Netral
lebih mulia ikan sapu sapu dri pada korupsi,Netral
bukannya membangun jakarta yang lebih baik eh malah membasmi ikan sapusapu,positif
korupsi yg harus ditangkapi biar tidak mencemarkan negara,Netral
dikira tanpa sapu sapu ikan endemik awal bisa hidup airnya aja gak baku mutu lingkungan hehe lebih taktis bikin mini ipal per rw sistem drainase nya di collecting jadi setiap rw bantaran sungai di olah dulu airnya sebelum dibuang kesungai aja rw bantaran sungai ngolah limbahnya gak muluk muluk sampe baku mutu lingkungan aja jangan baku mutu air minum trus manfaatin arang bekas ipal nya olah fisik dan kimia aja kalau sampai olah biologi cyclenya lama next bikin wisata air misal acara mancing di sungai kecil jakarta sama tertibin limbah pabrik rumahan yang biasanya nyuri kesempatan malam hari suka buang air ke sungai,positif
siomay siomaaay enaaak,Netral
jangan lupa sampahnya juga dan harus ada penganti ikan yg lebih menguntungkan sebagai pembasmi demam berdarah,Netral
aneh program ya,negatif
caranya kurang efektif dan mahal lebih murah pakai alat setrum,Netral
kalo ikan sapu abis jentik nyamuk bayak nah dari situ bayak penyakit yang dari yamuk karena ikan pemakan jentik abis begitu,Netral
kirain berhasil menangkap ratusan begal tukang palak penipu jambret garong dan sebagainyangga taunya cuman ikan sapux,Netral
tukang otak jatah ge bjir,Netral
ton juta ikutdah nangkepin sapu aja,Netral
trus ikannya mau diapakan kalo sudah ratusan kilo,Netral
kwkwkw jangan ikan nya buat bahan mbg,Netral
tinggal disetrum aja,Netral
anak kau yg makan nyo,Netral
tbin anak gua skul gak ada mbg bro kalo ada mbg pasti langsung gua pindahin ke sekolah lain atau pindah skul keluar negri sekalian,Netral
munafik dan sombong sekali saudara,Netral
sama merusak,negatif
iya lucu gubenur dari pdi p,Netral
lebay loe sok tau sono makan ikan sapusapu aja loe,Netral
kan ikan lain jugak makan jentik,Netral
buat mbg,Netral
di buat ikan goreng,Netral
disini di jual kg nya k,Netral
"Ikan Monyet ini memank cancukkkkk lah.... Habis jg spotq dapat dia saja di sungai rasanya mau q ledakan,",Negatif
"isr43lnya dunia ikan nih,",Negatif
"Gampang bg musnah kan semua ikan tapi asal ada bibitnya ikan yg lain y bg pake potasium aja udeh musnah semua,",Negatif
"Puaaas bgt gua liat lu bang matahin ikan hama itu,",Negatif
"Disawah aku mah ikan cere paling banyak udang wader tawes uceng dikit,",Netral
"Saya tambahin dikit bang arif karena ikan sapu2 juga memakan telur ikan asli ciliwung yg berada di bawah/dasar sungai,",Negatif
"Dimana mana jg gtu.. Tp sering liat buat siomay om.. Lebih murah..,",Netral
"Kalau kita lepas ikan nila lele dan kiper sekala besar gmna bang tp penyakitnya bukan pada ikan sapu sapu lagi tp manusia setrum,",Netral
"Bener ban gara gara ikans apu sapu di tempat gw tiap mancing susah dapet ikan Laen di Bekasi banyak bngt kecemar sapu sapu merusak habitat lain,",Negatif
"Ini yang disebut investor asing kalo didunia bisnis bang. Tujuannya sama seperti ikan invasif ini kurang lebih,",Negatif
"Seperti tikus2 yang berdasii..,",Negatif
"Ternak aja bang kalo dapet masukin kolam kan panen telurny gampang,",Positif
"Omongkosong,",Negatif
"Kalo dipikir pikir sapu sapu kayak koruptor ya,",Negatif
"Mirip gaza,",Negatif
"Bg, itu pas meragain, tangan lu ga kesedot kah?,",Netral
"Kasih pakaan pur,",Netral
"Ikan sapu-sapu juga mau hidup bang,",Positif
"Sapu2 wat pakan ternak buaya,",Positif
"Tumben bang pas dipotekin kagak disensor gitu dong baru mantap,",Negatif
"Bang, buat pabrik pakan yuk bahan dasar sapu,",Positif
"Semangat bang untuk membuat ikan asli kita tidak akan punah,",Negatif
"sang kretek ikan sapu sapu,",Netral
"Lu engapain bang motekkin sapusapu kalo ikan ya dibuang sebarang an,",Positif
"Bang abang ketibang bunuhin ikan secara sperti itu berdosa bang...mending abang bersihin sungai dri sampah2 sama tegurin orang2 sepanjang kali biar gk buang sampah sembarang..lebih ada paedahnya...percaya deh abang gk bakal lama lama2 juga jenuh sendiri klw edukasinya cuma bunuhin ikan kaya gtu mah....,",Positif
"Gak berdosa sih kayaknya, kan itu hama dan kalau dibiarkan hidup malah lebih banyak mudharat/efek negatifnya, jadi lebih baik diberantas,",Negatif
"Kamu kasih racun saja pasti musnah itu,",Negatif
"Tpi bisa aj racun ny kena ikan ikan asli Ciliwung,",Netral
"@Entahlah_Mantapkali ciliwung isi nya kan sampah semua,",Netral
"@rudisalim7545yakan g semua ny ad jga ikan asli Ciliwung,",Netral
"Kasihan ikan nya copot kepalanya,",Positif
"hama di kasihani hadehh , pasti vegan,",Negatif
"Ikan be like: ya tuhan kenapa aku wni,",Netral
"Sapu sapu dikira sapu beneran apa di pitek,",Netral
"Bang sapu-sapu gapapa tu di poteng keliatan naya Abang kuat banget di potekinnya,",Netral
"Cocol bg makan,",Netral
"Bang , kalo itu ikan di keringin di giling buat bahan pakan ternak sepertinya bermanfaat , dari pada di buang lagi,",Positif
"lu mending buang sampah aja bang cocok lu kalo jadi pembersih sampah,",Netral
"Selamat berjuang sendiri ya bang , realita nya semua usaha abang tidak sesuai expetasi,",Negatif
"1 langkah kecil = 1 langkah besar bagi dunia,",Negatif
"Bisa gak di giling jadi pakan bebek,",Netral
"Ikan supu sapu juga mahluk hudup,",Positif
"Wkwkw ragebait nih orang 0/10,",Netral
"bang minta sapu-sapu bang untuk akuarium,",Positif
"Di potek cok,",Negatif
"Sama di potek,",Negatif
"Wih di pijet Sampek bunyi,",Netral
"BG lu vegan y?,",Netral
"Kamu vegan ya? Kok peduli Ama ikan,",Netral
"Lu dosa,",Positif
"Tanya ulama,",Netral
"Woi sapu sapu tu berguna,",Positif
"Apanya berguna,",Negatif
"Bang lu pernah nangkep ikan apa selain sapu"" di sungai itu?,",Netral
"tambahan: sapu sapu suka makan telur ikan endemik,",Negatif
Duh ngilu bgt Abang nya potekin sapu sapu nya sampe ada bunyi krek nya,Negatif
"Bner sekali..,",Netral
"antek antek aseng,",Netral
"Kasian bang ikan sapu nya udahlah nungguin lu yapping lama banget, dimainin sama lu, di kretek lagi,",Positif
"Bacot tai,",Netral
"Jangan bunuh ikan sapu sapu Go -blok- vegan,",Positif
"Ini mah pawang sapu-sapu,",Netral
"haha,",Netral
"Mulutnya disumbat aja Bang ngeselin sumpah,",Negatif
"ya elah keluar juga manusia nolep di komen,",Netral
"@LuffyNetral kau ngerti BHS Indonesia kah,",Netral
"Apa coba Penganguran bisanya elah doang kerja kagak,",Netral
"@Sosok_hitam23hah?mau adu apa emang?duit?kerjaan? ekonomi bagian mana yang mau bandingin lu Ama gw?,",Netral
"Jangankan alga, telor ikan sama anak ikan juga dia makan.,",Negatif
"Keren lu bang,",Negatif
"Setahun kemudian: ""kami sudah menghabiskan 100juta untuk membersihkan sungai dari Sapu-sapu, sekarang populasi sapu-sapu kembali banyak bahkan lebih bayak dari sebelumnya.."",",Negatif
"Berani taruhan gua... Membunuh sapu2 tanpa sebab tidak menambah populasi jenis ikan lain kalau tidak ada pembibitan dan peternakan... Minimal biaring dulu beberapa tahub jangan dipancing/ditangkap biar berkembang,",Positif
"Sapu2 banyak ya karena gk laku dan sedikit yg dimakan manusia... Mirip nasib Tilapia(Gurame) di Jepang.. Bukan berarti salah ikanya.. Jenis lain semakin habis ya karena ditangkapin manusia.. Malah nyalahin sapu2,",Positif
"Pahala buat anda.,",Negatif
"Sapu2: bacot, 1. yg numbuhin alga bukan elo, 2. mungkin nenek moyang gua pendatang... Lha gua lahir disini njing... Mau musnahin jenis gua? Sudahkah anda juga menghitung jumlah alga dan ikan lain yg juga memakan alga Atau hanya teori saja... ? Ikan kebanyakan makan banyak jenis, hewan kecil, alga, buah, bahkan sesama ikan,",Positif
"Ikan sapu suka makan telur ikan lain, dan ikan sapu itu ganas saat memakannya,",Negatif
"Takutt bangettt tangannn nya di gigit,",Netral
"Lu sendiri yang membunuh ekosistem dan itu terbukti....!!!!,",Positif
"Ikan sapu itu hama ktl,",Negatif
"Ikan sapu-sapu invasif jir, kagak ada guna di ekosistem yang ada kaya parasit,",Negatif
"Terakhir gua liat bokap nganyam jala tahun 2000 awal (mungkin tahun itu masih bnyak ikan lokal) Sampe g kerasa g da yang ngejala di sungai. Isinya ikan sapu2 dan sampah bikin rusak jala ajeh,",Negatif
"Ikan sapu-sapu ada manfaat kecil, tapi dalam jumlah besar lebih banyak dampak negatifnya terhadap ekosistem sungai.,",Negatif
"Kalau populasinya sangat banyak, biasanya tanda lingkungan kurang seimbang... Alias air sudah tercemar,",Negatif
"Di amerika latin ikan sapu"" udh jadi komersil bang, bisa diolah untk pakan hewan. Gw lupa prosesnya gimana klo ga salah dikeringkan lalu digiling halus..,",Positif
"ini sm seperti sebuah wilayah.dulu dihuni penduduk asli.tp seiring waktu penduduk dr daerah lain masuk dan mengambil jatah makan penduduk lokal.penduduk pendatang itu jg sangat invasif seperti sapu2.tinggal nunggu waktu aja kepunahan penduduk lokal.,",Negatif
"Jadi kiko jirr ikan nya,",Netral
"sapusapu slayer . keren bg shat sllu,",Negatif
"Kalau bisa digunakan untuk bahan makanan sangat menjanjikan itu..stok melimpah dan gratis..di vietnam ada yg memakannya spt ikan biasa..disini mungkin blum ada atau jarang,",Positif
"Penyetrum ikan juga invasif bang , ikan asli sungai bisa punah betok, gabus, sepat udah musnah di kali , di setrumin mulu,",Netral
"Jangan Di setrum yang ada pada punah yang lain,",Netral
"SAPU SAPY BILEK: SAKIR COKK,",Netral
"ditambah ada pemancing makin terancam tu kepunahan kaum ikan,",Netral
"Nais bg,",Negatif
"ikan pesut kali ciliung,",Netral
"UDAHLAH BANG PERCUMA KALO NGASIH TAU MONYET MAH GA BAKAL PAHAM,",Netral
"Bener dah .. sunfai kalau udah kotor pasti udah di dominasi ikan sapu sapu,",Negatif
"Cari sapu sapu di deket rumah saya di jalan sederhana kampung gedong pasar rebo,",Netral
"Klo hama wajib dibunuh,",Negatif
"APA KAMU YAKIN DENGAN KAMU MUSNAHKAN SAPU2 MAKA AKAN MENSTABILKAN KEHIDUPAN DAN LINGKUNGAN???....YAKIN??...SUDAH PERNAH RISET?? APAKAH BETUL KARENA SAPU2 ATAU KARENA LIMBAH LINGKUNGAN??? KALAU SEPERTI ITU, KAMU DAN PENEGAK HUKUM DI NEGARA INI SAMA TAK ADA BEDA NYA, PENEGAK HUKUM DINEGARA INI TAJAM KEPADA YG LEMAH DAN TUMPUL PADA YG KUAT....SAMA SEPERTI KAMU, KAMU KUAT PADA YG LEMAH ( IKAN SAPU2) DAN LEMAH PADA YG KUAT ( MANUSIA)......INGAT! SAPU2 ITU MAHLUK YG ALLAH CIPTAKAN UNTUK MENSTABILKAN LINGKUNGAN, KALAU MENURUTMU DIA MERUSAK BERARTI KAMU BUTUH BUKU DAN PENGETAHUAN DULU AGAR TAK SALAH BERSIKAP...,",Positif
"Kalau sakit berobat bro,",Netral
"Terus, ngapain kau musnahkan tikus?,",Negatif
"efek nolep kebanyakan nonton bokep,",Netral
"Manusia perusak ekosistem sesungguh nya , apa harus di musnahkan jg bang?,",Positif
"Penghuni kandang monyet kok kesini,",Netral
"King,",Netral
"Itu sebenernya karna gk ada predator aja bagi pemakan ikan sapu2,",Netral
"Bersyukurlah,rumah menjadi selalu bersih,",Positif
"Bg, serius nanya, ikan sapu2 ni orang mana bang? Kok bisa gusur ikan warga asli,",Netral
"Itu kepalanya diputar??,",Netral
"Sapu-sapu:Jir enteng bet tuh tangan macam sobek kertas saja,",Netral
"Tutorial kretek ikan sapu,",Negatif
"manusia sendirilah yang merusak bumi itu sendiri,",Positif
"Anda manusiakah atau anda sejenis sapu2 ? Hati2 jika memiliki statement karena bisa berbalik ke anda sendiri. Bisa juga ke ibu anda, bapak anda, kakek anda nenek anda atau saudara2 anda. Karena mereka semua manusia khan ?? Itu artinya keluarga anda juga perusak bumi dong. Wkwkwkk..,",Positif
"Setuju... Lebih banyak mudorot nya...,",Negatif
"Emang harus di basmi bang di tempatku dulu banyak ikan wader betok dan bahkan pernah juga ada jair nah entah siapa dah tu nya ngelepas ikan sapu sapu di sini jadinya ikan ikan yang tadi ku sebutin ilang atau sulit buat di temuin dan yang gw dapet selalu ikan sapu sapu betapa perusaknya dah ni ikan sapu sapu,",Negatif
"Harus nya pemerintah harus sering mengadakan event pemusnahan sapu2. 4/5 x setahun.. untuk mengendalikan peningkatan sapu2..,",Negatif
"pas sapu2 kr indo, gk berikut sama predator nya,",Netral
"Mantap bang, kita harus musnahkan penjajah ikan,",Negatif
"Bener bang ikan sapu harus di basmi,",Negatif
"Kretek leher sapu dijamin nyawa hilng wkwkwk,",Negatif
"Yang invasiv itu manusia,",Positif
"Ikan sapu sapu: bang udah bang gak bisa napas bang,",Positif
"Noh bang kemrin di sungai di Cisadane ada yg numpahin pestisida 20 ton ke sungai. Mantep mati semua tuh ikan sapu2 sepanjang sungai sampe laut,",Negatif
"Mletekk anjirr,",Netral
"ka nita,",Netral
"@CellaLuvv Oyy,",Netral
"@nitaaviola perasaan ka komen di yt sebelah yah,",Netral
"Mari kita dukung DUTA SAPU SAPU,",Positif
"Asli Ngawi ada gak,",Netral
"buset sampek patah,",Netral
"Gk kepikiran bng sapu dijadikan pangan ikan atau kucing dll,",Positif
"Komen2 di sini sangat bijak berbeda dengan warga tik tok,",Netral
"ada juga bang yang dongo komen tuh di atas,",Netral
"Mantap bang teruskan kerjaanmu,",Negatif
"Ikan zionis,",Negatif
"terus kenapa alloh ciptakan ikan ini,",Positif
"Lanjut abang kuh,",Negatif
"Bang nila juga imvasip,",Netral
"Ada allah bang yg udah atur rejeki ikan hehehe,",Positif
"kasian ikan asli, bener memang bang, tpi ngelihat di matiin gtu gw juga kasian sama ikan sapu nya, coba di rebus aja bang, di jadiin pakan kucing dll,",Positif
"Sapu2 nya bikin jadi pelet untuk pakan ikan atau kucing,",Positif
"Harusnya ada ilmuwan yang bikin racun spesifik untuk ikan sapu2 doang ya,",Negatif
"Waw kretek kematian,",Negatif
"Ikan nya bilek aduh jadi kiko,",Netral
"Nih ikan yg bikin tanah pinggir tanggul jebol dan ambles perlahan,karna kalau bikin sarang bikin lubang sampai dalam,",Negatif
"Saya pernah piara ikan Guppy banyak di aquarium + 1 ikan sapu2,,,lama2 ikan guppy'nya pada habis.padahal ga ada bangkai2 ikan guppy'nya..di kolam semEn juga begitu..ternyata,ikan sapu2 pemakan ikan keci2 juga ..,",Negatif
"Apalagi, ikan sapu sapu gak bisa di makan, kalo bisa mah udah pasti di kepung manusia ikan kalo banyak, dan bakalan mengurang sapu sapu,",Negatif
"Woi anjing kasian tu ikan nya anjing,",Positif
"Ya mau gimana lagi daripada ikan yang habitat asli nya di indo ga kebagian makan Lagi juga sapu sapu ikan dari amazon,",Negatif
"keren bang,, semangaaaattttttt,",Negatif
"Hidup si ikan asli seperti hidup kita yang tinggal di negara ""Konoha"",",Negatif
"Ikan hama kaya jawa,",Negatif
"lawak lo bawa suku,",Netral
"@nayymoment9498 lawak lo jawa,",Netral
"Sapu auto trauma kyak di darat gara tumbler,",Netral
"Ikan nya di ceramahin,",Netral
"Di keretek sedikit,",Negatif
"sampah dan limbah dari manusia,bukan dari ikan ajggg,",Positif
"Di keretek cok,",Negatif
"Belum lagi ini sapu2 juga makan apa saja bang klo ketemu telur ikan dimakan ketemu burayak ikan dimakan juga. Dulu pernah ada diaquarium saya, dia makanin buntut ikan bang rakus ini sapu2.,",Negatif
"Kalo gua jadi ikan sapu-sapu : Memang anjing ni orang,",Positif
"Itu jenis infasif bodoh,",Negatif
"Ada dendam kesumat apa abang ini dengan sapu2,",Netral
"Satisfaying banget pas ikan sapu sapunya di robek,",Negatif
"Semangat bg gwe suka aksi lu,",Negatif
"Ikan ikan asli di ciliwung apa aja ya yang menjadi ciri khas?,",Netral
"Ibarat 1 negara, ikan sapu2 itu ibarat pejabat. Hama,",Negatif
"Di malaysia aja yang nangkepin sapu2 di bayar 1kg 1 ringgit buat di musnahin pemerintah,",Negatif
"mantab,",Negatif
"Abang ini ahlinya kretek sapu sapu, nikmat banget suaranya...patah dikit ga ngaruh,",Negatif
"Harus berpri kemanusiaan lah,",Positif
"Bang kasian lah ikan sapu sapu nya,",Positif
"Buat apa mengasihani ikan yg tidak perlu di kasihani.,",Negatif
"Kalau di malaysia ada pihak yg ambil dn dibeli ikan itu untuk di buat pallet ikan dn makanan haiwan lain.kok di indo bnyak ya?.ngak ada persatuan atau syarikat yg mau beli ikan ini.,",Positif
"Sapu sapu dirumah saya mulai langka,",Netral
"Alhamdulillah dong,",Negatif
"Sapu sapu ibarat kan Manusia,",Netral
"Manusia ya manusia, ikan ya ikan well,",Netral
"semua sdh punya rezkinya bang lu terlalu anuuu,",Positif
"Dulu ikan tawes ikan mujair ikan betok di kali msh bisa kita pancing skrg entah kemana , tahun 90 msh bisa di temui ikan asli penghuni kali tp skrg miris,",Negatif
"Gw sering mancing di Empang terus gw dapet sapu sapu gw potong palanya pake batu,",Negatif
"Ngga banyak orang yang peduli dengan hal ini padahal ini harus terus disuarakan dan ngga hanya ikan tapi flora disekitar sungai sungai kita juga sudah banyak yang invasif & dibiarkan begitu saja,",Negatif
"Sakit tu tangan,",Netral
"Krreek tu pala,",Negatif
"SAPU2 HAMA,",Negatif
"Pala lu bang ikan sapu-sapu lupa tahi kena azab loh,",Positif
"Bang aku mau ikan sapu-sapu nya untuk membersihkan kolam karena aku mencari ikan sapu-sapu dari dulu,",Positif
"Sapu : Bang Udah bang...,",Positif
"Udang lele gabus di pemancingan deket sekolah gw aja udah dikit eh malah ada sapu sapu ikan dari negara lain dari mesih malah ada di indo mana jumlahnya banyak lagii,",Negatif
"Bang tapi kan dosa,",Positif
"Bang emang GK bisa di makan itu ikan sapu sapu,",Netral
"goblok banget lu bang walaupunkaya gitu kankaya ikan,",Positif
"Buat apa ngasihanin ikan yg gak perlu dikasihani,",Negatif
"Hidup sapu sapuu jangan sampai abis oleh admin,",Positif
"mantap bang, kementerian lingkungan hidup , sama BRIN ga ada kerja lingkungan rusak diam aja?,",Negatif
"Smngat bang,",Negatif
"bang itu buat membersih kotoran terusjuga masih banyak,",Positif
"Tangkep aja bang, di olah jadi pakan kucing,",Positif
"Bang kalo udah di potek jangan di buang di kalinya lagi nanti jadi bangkai,",Netral
"Kata siapa alga bisa habis bang...manusia aja bunuh bunuhan atau perang dari zamam nabi sampai sekarang aja gak habis habis...malah makin banyak...tolol banget orang ini...,",Positif
"Malah nongol orang tolol sesungguhnya,",Netral
"bener bgt bang itu ikan hama ikan asli sungai jadi punah karena makanannya habis disapu sama ikan sapu2,",Negatif
"Andaikan saya gubernur Jakarta,, saya akan basmi ikan sapu sapu,dgn cara bikin sayembara dan hadiah setiap 1 ekor ikan sapu sapu,",Negatif
"19 juta lapangan pekerjaan,",Netral
"Salut kepeduliannya,",Negatif
"apa bedanya sama koruptor,",Negatif
"Penghianat/munafik lebih kejam drpda penjajah yg jelas musuhnya,",Negatif
"keren sampean kang,",Negatif
"Terima kasih atas kepedulian terhadap lingkungan kami,",Negatif
"oh ini ikan yg dipake somay,",Netral
"Lihat di luar negeri sapu sapu mahal bro,",Positif
"Hama mahal sejak kapannnnn lawak nih orang,",Negatif
"Bang basmi bang yang buang sampah di kali sekalian bang biar bersih,",Netral
"semangat bang jangan dengerin kata ulil puki,",Negatif
"Bang, Buat bahan membuat pakan kucing atau anjing. Di olah.,",Positif
"Gua sebelum tau itu ikan apa sampe heran ada ikan mirip lele tapi kulit keras dan anehnya dari bogor ke banten tuh ikan masih hidup aja,",Netral
"Mending piranha aja di taruh sungai2,",Negatif
"bro ikan piranha cuman ada di kawansan tropis amerika kayak di lembah sungai amazon,orinoco,dan paraguay,",Netral
"Smangat lur .. otomatis like liat video video lu,",Negatif
"Masuk ikan hias ke indo, masuklah sapu bngsat ini,",Negatif
"Ngoceh Bauk lo,",Netral
"selain itu telur ikan juga ikut kemakan,",Negatif
"Ikan ini semua dimakan,Mas. Ikan lokal endemik yg bertelur dibatu,dirumput,dialga semua dimakan. Jadi menyerang secara langsung...,",Negatif
"Bang disini daerah cikebluk kota baru parahyangan bandung barat 70-80%an penghuni nya sapu sapu jarang ada ikan asli.,",Negatif
"jangan salah bang .,sapu2 semi predator, dia suka makan ikan2 kecil dan telur2 ikan. di rawa dekat rumahku sepat siam sudah musnah yang bertahan hanya nila karna nila menggendong anak2nya dimulutnya bang....,",Negatif
"Gabakal punah bg sudah sangat menyebar dan ada dimana percuma aja gabakal mungkin bisa musnah,",Netral
"19jt,",Netral
"Itu tanda alam bang,yg terjadi di dunia kita pan sma gak cuma di dunia air saja,Konoha jga darurat,",Netral
"Gua yg mancing pake hordeng sangat benci sapu2 nyangkut di jaring,",Negatif
"Pemanfaatan sebagai Bahan Industri Non-Konsumsi Karena ikan sapu-sapu menyerap logam berat (seperti merkuri atau timbal) di sungai yang tercemar, mereka tidak disarankan untuk dikonsumsi manusia. Namun, mereka bisa diolah menjadi: Pupuk Organik: Kandungan protein dan mineral dalam tubuhnya sangat baik untuk kesuburan tanaman setelah melalui proses pengomposan. Pakan Ternak (dengan pengawasan): Bisa diolah menjadi tepung ikan untuk pakan ternak non-pangan atau ikan hias lainnya, asalkan melalui uji laboratorium untuk memastikan kadar polutannya aman.,",Positif
"Buat umpan kak bisa di tempat ku mancing pakai umpan sapu sapu lebih tepat nya si daging nya,",Positif
"@Saifudin8232ya emang bs tp tidak bs mengurangi populasi scra signifikan,",Netral
"Mending di olah buat pakan ikan ( pelet ) bang sapu""nya kaya di brazil.,",Positif
"Knape kga di racun aje bg,",Negatif
"Waduhhh dipotekk sapu sapu nyaa,",Netral
"sikopat dia,",Positif
"Kasihan ikannya di potek sampai bunyi krek,",Positif
"BRO LU MAU IKAN SAPU2 PUNAH TAPI ITU BERGUNA UNTUK BERSIHIN,",Positif
"Gw skip bg videonya, gw geli Ama sapu2 kasih like aja,",Netral
"Ikan sapu2 ni paling jago runtuhin tebing2 sungai mas,",Negatif
"Bayangin rumah Luh di lempar sampah.. terus tiba tiba jadi dapur mbg,",Netral
"Brushmouth itu bukan tipe yg makannya ganas tapi dia tipe yg makan 24jam dan sangat lambat makannya, jadi kalo di hitung 1gram yg dia makan di kali 24 di kali 3jt sapu"" nya beak weh, sama makanan favorit dia itu bukan algae sebenernya tapi bangkai bangkai,",Negatif
"aku mah setuju aja sapu dibasmi .. tp klo bisa jgn dibuang lah.. pakan kucing kek anjing kek,",Positif
"Dijakarta sering dijadiin somay Ama otak2 sama pedagang nakal bang,",Negatif
"Kalo lu bunuh ntr yang bertelur siapa?,",Positif
"Kok ga geli megangnya bang,",Netral
"Awas masuk angin lu om,",Netral
"Setuju Bang.. Lanjutkan,, sedikit Seksli mungkin skrg Manusia yg Peduli thdp lingkungan..,",Negatif
"ikan sapu"" berasal dari negara mana bang?,",Netral
"Amerika klo gak salah,",Netral
"Mau sedih tpi aku ketawa karna gaya bahasanya,",Netral
"Vegan: Ikan sapu-sapu juga ingin hidup go vegan,",Positif
"Bang, lu sangat menjiwai Lore ini ""Sang Pemusnah Sapu2"",",Negatif
"Saya serahkan pekerjaan ini sama yang ahli.,",Netral
"Bilang aja BG kalo lu gak suka sapu sapu maaf hg oioi bukan lu,",Netral
"@AnaHasriana-z7nberarti lu doang dong yang suka sapu2,",Positif
"selain ikan sapu2, perlu masyarakat luas ketahui msh bnyak ikan invasif yg berbahaya bagi ikann2 asli negara kita, jdi klo bisa tangkep ikan ini sebnyak2 nya, dan jgn pernah lepasin bibit ikan ini ke perairan alami, klo ke kolam budidaya y g pa2, ikan2 itu adalah, mujair, nila, red devil, lobster air tawar, lele dumbo, lele sangkuriang, dll,",Negatif
"gak dimamfaatkan saja bang ikannya. buat pakan lele atau ternak unggas. kan mubazir kalo cuma dipatahin tulangnya terus dibuang. ingat lo... itu mahluk juga ciptaan tuhan. dan setiap sesuatu yang diciptakan Tuhan itu ad manfaatnya. berbuat lah sebijak mungkin mmeskipun pada hewan,",Positif
"Jawaban orang dongo,",Netral
"Brutality,",Netral
"Semangat bg,",Negatif
"Kalau ikan mati di buang ke sungai juga bahaya bg, baiknya di kubur aja,",Netral
"Ga sekalian disholatin aja?,",Netral
"Bang pake kacamata renang dong bang,kasihan matanya kena air keruh terus,tetap rispek sama abangnya berjuang mejaga ekosistem,tapi jaga juga kesehatan abang,semangat,",Negatif
"Disimah baaang limbah tiap hari pagi siang malam ikan senggal/baung dah ga ada wader lr keselokan selokannya di obat disetrum habis semua,",Negatif
"yuhuu,",Netral
"Dulu di got rumah kakekku banyak sekali ikan air tawarnya kyk ikan gabus, betok, mujaer, belut, sepat... tanpa 1 pun ikan sapu"", & aku dulu sering mancing dan selalu dapat... Setelah liat org nyerok ada ikan sapu"", disitulah mulai hama sapu"" menyerang... (kyknya sapu"" kiriman dri pasca banjir) Sampai dengan sekarang got itu penuh sapu"" sampai gak ada sama sekali ikan endemik disana... Sapu""nya sekarang rata"" segede lengan semua.... fakk lah...,",Negatif
"ikanya di kubur aja bang,",Netral
"Mau nangis bg,",Netral
"Hampala Ciliwung aja kayaknya gak nafsu makan ini ikan,",Netral
"ad kating(mbaung) ga bg di situ,",Netral
"tetap semangat bang walau sekrang jarang manggung di band Angkasa, lue masih survive jadi penangkap ikan sapu sapu,",Negatif
"Abang mirip sapi sapi,",Netral
"Dih SokAsik,",Netral
"Mending di halusin buat pupuk tanaman... Bagus tuh asam amino dari ikan buat tanaman,",Positif
"mending lu beliin alat nya,",Netral
"gue dukung 100% lu bang,",Negatif
"Kayak Israel yang datang ke palestina ya bang,",Negatif
"Alhamdulillah di sungai gua satu pun engga ada ikan sapu2 jadi masih banyakan ikan lokal seperti ikan lele gabus wader belut sili masher dll dah,",Negatif
"Di sungai kampung sya untung GK ad sapu"",",Negatif
"Bakso ikan terbuat dari ikan sapu2, rasanya enak banget bang,",Positif
"rugi dagingnya tipis, kebanyakan duri,",Netral
"@rainwahyudin1997tinggal ngambil di kali kok tugi?? dari pada dibuang gak ada manfaat nya,",Positif
"kalo perairan nya gak tercemar, kalo tercemar logam siap"" kena kanker,",Negatif
"Bang.... Di jatinegara tempat jual ikan hias, ikan sapu2 laku dijual,",Positif
"betul bang telor ikan lain juga di makanin mky klo udah ada sapu2 habis ikan lain,",Negatif
"Bayangin lu jadi sapu""nya bang dia dateng di bawa orang ke sini terus sampai sini dipotel kek gitu,",Positif
"pala lu,",Netral
"Gak berdosa bang,",Negatif
"Sapu Sapu gaada akhsiat nya yaa,",Netral
"Ikan wader, udang sawah, ikan lundu, gabus, betok, mujaer, lele, sepat, dan belut jadi sangat sedikit di sungai desaku. Tapi sapu sapu jadi makin banyak,",Negatif
"Memang meresahkan ikan invasif satu ini,",Negatif
"Mujaer juga invasif bang,",Netral
"@hanzosination2.0kalo kata aing ikan mujair gak terlalu invasif soal nya masih bisa di makan,",Positif
"@bocahkocak01iya tetep aja ngerusak kan bang,",Negatif
"Harus total jgn ada peredaran lagi, soalnya anak anak yg gatau mlh dicemplungin ke sungai,",Negatif
"Lingkungan diancam manusia, sapu sapu bisa hidup dalam lingkungan yang tercemar",Negatif
Ikan cleaning serfish,Netral
"Musuh pemancingan juga ikan sapu2, kalau ikan di ngumpul umpan kita gak bakal di makan ikan endemik. Parah pokok nya.",Negatif
"Di jakarta sungai nya banyak ikan kek gini,",Netral
Kenapa tamkap aja lalu dikubur biar mati 🗿,Negatif
Enak di goreng bang hehehe gurih,Netral
Ikan pahlawan si ..makan sampah,Negatif
Klo itu mah sungainya bersih coy bisa di konsumsi lah di Indonesia mah limbah mulu sampah di mana2 coy,Negatif
Ikan bagus bukan hama,Positif
"ikan. Sapu-sapu banyak mengandung logam berat, kalau misalnya dagingnya d giling trus d kasih ke ayam atau entok , apakah berbahaya kandungan logam beratnya , ( bertanya dengan nada cemas )",Netral
bukannya malah bagus sekarang ada yang musnahin itu ikan dengan di makan dan di tangkap ya? kocak nih,Negatif
Lele mkn ee.tapo di goreng ttp sedep,Positif
dilimbahpun hidup ikan sapu2,Netral
Coba ceburin piranha,Negatif
Campur sama ikan Arapaima boleh tuh,Netral
"	Bang ijin buat video dari video abang😁🙏",Positif
Efek buaya di bantai karena takut makan orang,Netral
"Ketika demmand otak otak, cilok dan siomai masih berjalan... Ikan sapu2 bisa dipkai buat pngganti ikan tengiri yg mehong",Netral
Enak daging sapu sapu,Positif
"	makasih infonya mas 🙏",Positif
Hama ini ikan mntk tolong klu pemancing skrang bisanya harus bawa pisau untuk bnuh ikan ini,Negatif
Kebanyakan pedangan empek2 nakal..buat bahan nya dri ikan sapu2 biar dpt untung bnyak.,Negatif
di bendungan polor ni banyak,Positif
Se7 kyk ikan buaya,Netral
"	Klo dijakarta gak bakal terjadi bang kayak di florida orang sapu2 ciliwung abis dibkin siomay ma otak2 😁😁😁",Netral
Betul masyarakat harus diedukasi. Anakan buaya banyak dibuang ke sungai akhirnya tumbuh besar dan membahayakan warga.,Netral
Kalo bosan juga bisa diberikan kepada penghobis lain agar kita dan orang lain sama sama bahagia :) :),Positif
Sumpah! Lebih bahaya buang sampah sembarang disungai,Netral
"	 @Homii_81  setuju jdi saya gk usah beli lgi 😂👍",Positif
"Kalo di kita gak bakal terjadi bang soalnya abis ma tukang siomay+tukang otak2 😁😂🤣😂😁😁,lumayan modal nyebur x dapat buat bahan siomay",Netral
sepertinya supply somay bakal membludak,Netral
Seperti kasus yg rilis ikan Arapaima di Indonesia,Positif
Bayangkan jika saya pelihara harimau kemudian bosan lalu melepaskannya di kebun belakang rumah😂,Netral
"Sekarang malah susah nyari ikan sapu2 hasilnya dikit, coba aja tanya tukang somey sama tukang jaring ikan disepanjang kalimalang",Netral
Lebih baik gak pelihara,Negatif
"Betul, Lindungi habitat asli. jgn sampai hobi merusak habitat asli indonesia",Positif
"	Di Indonesia mending, ikan sapu nya di bikin tepung, terus di bikin somay 😁😁",Netral
1,Netral
Hewan juga mahluk tuhan😅😅😅,Positif
Anjay gile indo mah apa aja di telen,Negatif
"	Arab ​ @Cagun-y8j ",Netral
Digoreng atau di bakar kasih ke kucing liar. Karena kucing skrg kurang suka makanan mentah 😁,Netral
ikan sapu sapu bisa sekalian ngepel gak yah?,Negatif
yang dislike penjual ikan sapu sapu :v,Netral
"	kalau buang arwana kayanya d sungai gw ntr bakal banyak arwana",Netral
Argumen mu hanya bernilai benarnya 30%,Netral
Mari kita tangkap sebanyak2nya ikan sapu2 untuk buat siomay ikan murmer!...biar rakyat kenyang bisa mamam somay murah...alhamdulillah,Negatif
Biar mati ikan sapu sapu nya 🗿,Negatif
" Sudah terlambat, di seluruh Jawa ikan sapu-sapu sudah merajalela diseluruh perairan air tawar,,,,,,,dagingnya juga menjijikkan untuk dimakan,,,,",Negatif
kek israel bjir,Negatif
,Netral 
nyata nya sering dibikin Siomay tuh. Tulisannya Siomay Ikan Tengiri.,Netral 
"Di kali semakin banyak, dulu ikan ini ga ada",Netral
sekarang di daerah saya sapu sapu jadi bahan pokok pembuatan pakan ternak dan mempunyai nilai ekonomis dengan harga 5ribu per kilo,Positif 
"Saya adalah nelayan pengepul ikan sapusapu di waduk jatigede, ikan sapu bendungan,sungai dibuat filet,",Netral 
Ikan beracun kok dimakan,Negatif 
Ketika sapu2 bnyak brarti ekosistem airnya sudah rusak penuh limbah,Negatif 
Ledakan ikan sapu-sapu akibat penangkapan berlebih ikan gabus dan toman.,Negatif 
rahasia ikan sapu2 ikan ini bisa sebagai obat asma dan sesak nafas menahun.,Netral 
"Ikan ini bagus banget kalau di taruh septitank, beguna banget, ga perlu sedot wc berkali kali",Positif 
Tangkapin ikan sapu sapu olah sebagai campuran pelet makanan ikan,Netral 
Didaerah saya ikan sapu2 termasuk bannyak yang suka. Lain air lain rasanya. Bisa bikin obat gatal2 juga,Netral 
jadikan pupuk aja. kasih orang uang pasti ada yg mau berburu ikan sapu sapu.,Netral 
ikan sapu sapu emang merusak dinding sungai.namun Jadik pupuk organik olah JD pupuk permentasi,Negatif 
Pernah gak sengaja makan daging ikan sapu² yg dijadikan baso ikan.Abis itu masuk RS keracunan ginjal.,Negatif 
Kenapa gak di tangkap aja ikan sapu sapu nya lalu kubur ditanah yang penting berkurang dikit dikit sih,Netral 
Ikan sapu2 bisa jadi obat jual ke kedokteran ya kalo dapat CIA,Netral
padahal ikan ini bisa di olah untuk pakan hewan peliharaan.,Netral 
"Kl di daerh pinggirsugai bengawansolo,biasa dimasak rica²,bakso ikan,tekstur ikan sapu² spt ikan tongkol",Netral 
"Ikan sapu² adalah pemakan semua barang, terutama yg mengendap di dasar kolam, kali atau danau.",Netral
Bisa rusak tanah pesisir pantai serta ikan sapu2 cepat nian berkembang biak takut nanti ikan lain punah,Negatif 
"buang sampah terutama yg susah terurai, sembarangan adalah titik awal kehancuran lingkungan",Netral 
"cuma disungai cisadane kemarin, dia gak kuat lagi tetap mati,gara gara pencemaran limbah",Negatif 
"Ikan pembersih sungai , sungai di kotori limbah .",Negatif 
"Sbnrnya ikan sapu sapu bukan hama, ikan sapu sapu bisa bermanfaat buat campuran pakan ternak",Positif 
sungai dikampung saya sekarang sudah dikuasai sapu sapu,Netral 
Ikan yg dulu dijdikan petugs pembantu bersih bersih justru menjdi penguasa diseluruh sungai² Nusantara.,Netral 
"Saya sering cari ikan pake tombak,setiap ketemu sapu sapu pasti saya musnahkan",Netral
Pemerintah perlu segera turun tangan membasi ikan sapu-sapu di sungai-sungai Indonesia.,Positif 
ditempat nenekku ikan sapu2 dijadiin somay dan cilok,Netral 
Sapu sapu harus musnah total diganti dgn bibit ikan lokal,Netral 
Ikan sapu2 sering di jadikan bahan tambahan siomay sama segelintir org2 yg tak bertanggung jawab,Netral
Ikan sapu bagiku bermanfaat buat ngisi buat bersih kaca aquarium,Netral
Ada yg buang ikan sapu sapu ke ciliwung itu.,Netral 
"Ada benarnya juga. Daging ikan sapu² gak bisa di konsumsi,",Netral
ikan sapu2 kalau hidup di air yg belum banyak tercemar dagingnya gurih..,Netral 
jangan sampai dilihat tukang siomay,netral
waduk aja full sapu2 sak kempol2 males mancingi,negatif
jangan2 siomay yang kita makan,netral
waktu ke waduk undip juga ngeliat banyak bangkai ikan sapu sapu nder disekitaran waduk, netral
gerakin mahasiswa nangkep ikan nya,negatif
geli liatnya,negatif
ihhh jorok,negatif
takut banget kalau dibuat somay,negatif
wah bisa jadi ide bisnis,positif
dibikin otak otak,positif
bikin somay,positif
bikin bakso nder,positif
jenis ini murah dan selalu nempel di kaca akuarium,positif
"ambil jaring, kasih ke tukang siomay",positif
tadi pagi waktu jalan dari mrt ngelewatin plaza indonesia salurannya air masih banyak ikan sapu2 dan ukuran nya gede2 bener,positif
"yang mencemari sungai dengan limbah - manusia, yang membersihkan-ikan sapu sapu, ikan sapu2 dimakan oleh manusia, pada akhirnya limbah akan kembalu ke pembuang nya",netral
otak otak yang jualan pake sepeda sebiji seribuan pake bahan ikan sapu2,netral
otak2 dan siomay berbahan ikan sapu2 is real,netral
ihhh jijik,negatif
apakah ikan sapu2 boleh dikonsumsi,netral
kirain cuman candaan doang siomay ikan sapu2,netral
"pernah beli otak2 sepedaan, pas makan beneran bauu aneh banget, gaenak pokoknya abis itu ga mau nyobain lagi wkwkwk",negatif
maknyos,positif
kalau masalah tercemar logam berat itu ya bukan cuman ikan sapu2 aja lah tapi semua ikan di ciliwung lah,negatif
bukannya ikan sapu2 itu ga baik ?,negatif
siomay jabodetabek dan olahannya,netral
"kalau jadi pakan ternak/ hewan, terus nanti dimakan manusia juga jadi gimana tuh",negatif
beneran buat somay kah ini,netral
sudah terpapar limbah logam berat jadi siomay,negatif
ya begitulah yang seharusnya tidak dikonsumsi tapi karena urusan perut (penjualnya) akhirnya jadi bahan campuran makanan,negatif
enak banget buat dijadiin xiomay otak2 pentol baxo,positif
jadi bakso,positif
"ini daging nya dibuat pakan hewab ya guys, sekalian ngurangin hama juga",positif
ikan sapu2 aman dimakan ?,netral
cocoknya buat pakan ternak ,positif
buat pakan bebek,positif
cocok buat mbg,netral
ikan sapu2 tersangka padahal ada tersangka yang lebih brutal yaitu banjir bandang yg jelas2 penyebabnya kerusakan hutan di hulu,netral
batagor ikan sapu2,positif
semoga bisa dijadiin pupuk atau alat pembantu tanaman untuk bisa memanfaatkan para petani,positif
siomay banyak yang pakai ikan sapu2 ,netral
semenjak tau siomay ada yang terbuat dari daging ikan ini jadi ga pernah beli lagi,negatif
ngeliatnya aja ngeri apa lagi mau dimakan,negatif
lebih baik jadikan pupuk untuk penghijauan,positif
ditempatku ini malah pd dicari,positif
ikan sepat sama lunjar sama telyrnya mulai punah sejak ada ikan sapu2,negatif
kalau ibu hamil makan bisa sebabkan anak autis dll,negatif
udah tau tapi kebanyakan masyarakat masa bodoh,negatif
kan bisa dagingnya dijadiin baso,positif
"meskipun invasif tapi mereka makhluk hidup, sebaiknya dipindahkan agar tetap hidup",positif
saya rasa ikan ini sangat mengganggu terutama kita yang hobi mancing,negatif
penyerap logam ? bagus tu buat pencemaran lingkungan,postitif
bisa buat alternatif arang sapu2 untk BBM alternatif,netral
kaya hama sih perasaan ikan sapu2 ini,netral
Baru tau ikan sapu-sapu bisa dimakan ternyata,netral
Katanya dagingnya enak kalau dimasak pedas,positif
Ih aku nggak berani makan ikan sapu-sapu\,negatif
Banyak juga yang jual olahan ikan sapu-sapu sekarang,netral
Ternyata gizinya tinggi juga ya,positif
Bentuk ikannya bikin takut,negatif
Aku penasaran pengen coba,positif
Kok ada yang kepikiran makan beginian,negatif
Viral banget ikan sapu-sapu akhir akhir ini,netral
Kata orang rasanya mirip lele,netral
Enak banget kalau dibakar,positif
Lihat bentuknya aja udah nggak selera,negatif
Banyak konten masak ikan sapu-sapu di TikTok,netral
Ternyata aman dikonsumsi ya,positif
Aku sih mending makan ikan lain,negatif
Baru pertama kali dengar ikan ini dimakan,netral
Dagingnya tebal juga ternyata,postitif
Nggak kebayang rasanya kayak apa,netral
Jijik banget lihat mulutnya,negatif
Menarik juga buat dijadikan abon,positif
Banyak orang mulai budidaya ikan ini,netral
Aku nggak bakal mau coba,negatif
Katanya kalau dimasak benar jadi enak,positif
Ini ikan pembersih kok dimakan,negatif
Heboh banget di media sosial,netral
Kreatif juga yang bikin resepnya,positif
Aku malah penasaran sama teksturnya,netral
Kayaknya amis banget deh,negatif
Wah ternyata bisa jadi peluang usaha,positif
Banyak yang review ikan sapu-sapu sekarang,netral
Salut sama yang berani coba,positif
Bentuknya serem asli,negatif
Lagi ramai dibahas netizen,netral
Ternyata bisa dibuat gulai,positif
Aku lihat videonya langsung hilang nafsu makan,negatif
Belum pernah lihat dijual di pasar,netral
Rasanya katanya gurih,positif
Mikir dua kali buat makan itu,negatif
Banyak yang penasaran sama rasanya,netral
Enak kalau dimasak rica rica,positif
Baru tau ternyata di beberapa daerah biasa dimakan,netral
Tetap aja aku nggak minat,negatif
Banyak pro kontra soal ikan ini,netral
Ngeri lihat tampilannya,negatif
Kontennya sering lewat di FYP,netral
Netizen pada debat soal ini,netral
Lagi viral banget di Instagram,netral
Bentuknya bikin merinding,negatif
Ada yang bilang rasanya gurih,netral
Aku nggak tega makannya,negatif
Kayaknya keras dagingnya,negatif
Banyak video review bermunculan,netral
Aku lihat langsung malah takut,negatif
Nggak kebayang makan ikan itu,negatif
Tetap aja kelihatannya aneh,negatif
Lihat fotonya aja bikin takut,negatif
Banyak netizen penasaran,netral
Lagi jadi topik pembicaraan,netral
Bentuknya terlalu aneh buat dimakan,negatif
Banyak komentar lucu soal ikan ini,netral
Aku nggak kuat lihat tampilannya,negatif
Sekarang makin terkenal di media sosial,netral
Tetap nggak tertarik makan ikan sapu-sapu,negatif
dibuang ke sungai dekat pabrik aja dimana banyak limbah disana jd bisa dimusnakan oleh sapu2 ini,positif
"bisa jadi bahan pentol, siomay, otk2",positif
ngga sabar nunggu hasilnya apakah bener kaya akan protein,netral
"berantas ikan sapu2, kampanye terselubungnya adalah menjaga kebersihan sungai dari sampah dan limbah",positif
makin populer sekarang masalah sapu2,netral
akhir2 ini banyak pemerintah yang ikut turun tangan buat ngurangin populasi ikan sapu2,positif
"digiling buat pakan magot, magotnya buat pakan ternak ayam",positif
ikan meresahkan,negatif
itu dijual pakan ternak,positif
bikin bakso ikan,positif
enak itu di goreng,positif
cocok buat di aquarium kecil,positif
bentukannya variasi juga yaa,positif
sapu2nya cute yuhuuuuu,positif
sapu2 mutasi mbg,positif
tapi jujur cocok buat akuarium ukuran sedang,positif
mahal itu langkah kalau dijual bisa puluhan juta,positif
sapu2 mutan,negatif
serem,negatif
"ih gw pikir mutasi, jijik bnget",negatif
kaya alien yaa amit2,negatif
jelek amat bentukannya,negatif
"sapu2 bersarang di lubang2, gk bisa sih kalau pembasmi cuma 1 hri doang",netral
buat bikin siomay sedap katanya,positif
kasi ikan predator aja sekalian,positif
"babi aja ada gunanya, masa ikan sapu2 gak ada gunanya",negatif
jadi siomay juga lama2 abis,netral
tukan siomay udah dapet stok bnyak,netral
lah telur nya dimakan ?,netral
katnya ga bau ? ini baunya ampe sini ,negatif
goreng enak kayaknya bang,positif
coba telurnya di pepes,positif
cara ideal buat pakan lele,positif
ya ampun banyak telornya,netral
di bikin pindang sapu2 bang,positif
ikan ini solusi kelaparan dunia,positif
kayak telur salmon,netral
genosida sapu2,negatif
itu telornya bagus dijadiin umpan ,positif
enak di pepes telornya,positif
gw pengen liat ikannya dipotek,negatif
wah bikin susi enak nih,positif
"kalau sungainya segitu, gas ajalah itu adik2 main air sambil nyari ikan sapu2",netral
telurnya banyak banget,netral
kayaknya udah menyebar ke mana2,netral
wow besar2 juga disana ikan sapu2 nya,netral
Aku nggak bakal mau makan ikan beginian,negatif
Bentuknya aja udah bikin hilang selera,negatif
Lihat mulutnya aja serem banget,negatif
Mending makan ikan lain daripada ini,negatif
Aku langsung eneg lihat videonya,negatif
Nggak kebayang teksturnya kayak apa,negatif
Ini ikan pembersih kok dimakan sih,negatif
Jijik banget asli,negatif
Bentuk tubuhnya bikin takut,negatif
Aku nggak selera sama sekali,negatif
Baru lihat aja udah mau muntah,negatif
Kayaknya keras dan nggak enak,negatif
Aneh banget dijadikan makanan,negatif
Ngeri lihat kulit ikannya,negatif
Kayaknya bau lumpur banget,negatif
Tetap aja kelihatan menjijikkan,negatif
Lihat tampilannya langsung hilang lapar,negatif
Serem banget bentuk kepalanya,negatif
Bentuknya bikin merinding,negatif
Lihat fotonya aja bikin nggak nyaman,negatif
Katanya ikan ini banyak ditemukan di sungai ciliwung,netral
Ada juga yang jual olahannya ternyata,netral
Banyak netizen komentar soal ikan ini,netral
Ternyata di beberapa daerah sudah biasa dimakan,netral
Lagi jadi topik pembicaraan akhir-akhir ini,netral
Aku belum pernah lihat langsung ikannya,netral
Aku masih penasaran seperti apa rasanya,netral
Sekarang orang mulai tertarik membahas ikan sapu-sapu,netral
Aku sering lihat videonya lewat di FYP,netral
Sekarang makin viral di TikTok,netral
"Lingkungan diancam manusia, sapu sapu bisa hidup dalam lingkungan yang tercemar",Negatif
Ikan cleaning serfish,Negatif
"Musuh pemancingan juga ikan sapu2, kalau ikan di ngumpul umpan kita gak bakal di makan ikan endemik. Parah pokok nya. Sebel nya lagi pas strike malah dapat ikan itu . Hmb",Negatif
prestasi si pramono sebatas ikan sapu doang lu pram,Netral
lumayan di kirim ke mbg,Netral
"letak sapunya di mna,kok gak ada ikan sapu2nya",Negatif
Pembasmi ikan sapu sapu itu adalah berang berang raksasa tetapi di Indonesia berang berang raksasa itu tidak ada berang berang raksasa hanya ada di Amazon Amerika Serikat🇺🇸,Negatif
Ikan yang laain gak ada  lagi kah seperti ikaan nila patin enak itu 😮 ikan sapu2 aja,Negatif
"Jalax tebar di senayan, byk ikan sapu2 disana😂",Positif
2:14 Ikan Sapu2 buat bikin Bakso hufff ikan Sapu2 itu mengandung zat berbahaya pak pak.,Negatif
Harus beli alat tangkap sapu² dari uang pajak,
Harus beli alat tangkap sapu² dari uang pajak,Netral
skrg bnyk yg curang bro jualan.. bilang nya bakso ikan atau pempek ikan.. tau nya ikan sapu2,Netral
Yang mengancam itu sampah bukan ikan.😂😂😂 Ikan d salahin.sampah di diemin 😂😂😂,Negatif
"ama ikan sapu sapu takut ,,ama koruptor gak takut 😅",Negatif
Semua maklut diciptakan Pasti ada manfaat nya,Positif
Jadi banyak orang jkt makan bakso... Berarti tak masalah...,Netral
"ikan sapu sapu jangan dibuang begitu saja, mubazir, bisa dibikin siomay",Negatif
Setauku ikan sapu2 ini banyak sekali di pinggir laut kalimanatan dan di bawah rumah2 warga,Netral
Gmn klo ikan sapu2 menyebar ke seluruh sungai di indonesia.sangat mengerikan.kira2 bisa terjadi gk ya,Positif
Hama yg paling bahaya itu bukan ikan sapu2 tapi manusia yg mirip ikan sapu2,Netral
paling dagingya di jadikan BAKSO,Negatif
"Kok ada ikan mengancam sungai? Gimana ceritanya? Ikan seharusnya di konsumsi,bukan di musnahkan",Netral
Kalo airnya penuh limbah. Sekalipun kaga ada sapu sapu ikan lokal pun ogah idup disitu,Negatif
"banyakin liputan seperti ini, masalah lingkungan",Netral
Sangat menjijik kan,Negatif
kalo ikan itu di jawa kalau manggil ikan batu bisa bersiin akuarium,Netral
bukannya malah bagus sekarang ada yang musnahin itu ikan dengan di makan dan di tangkap ya,Positif
di goreng gurih,Netral
ikan sapu  sebaiknya  di giling trus jadiin pupuk buah pepaya,Positif
enak warga jakarta tidak usah beli ikan  di kasih gratis  sama gubenur nya,Netral
nggak dosa tuh di kubur hidup ,Netral
lah kok dikubur ya dimanfaatkan gk sih diproses buat dibikin pakan ikan atau dibikin apa kek hadeuh,Netral
bisakah dimanfaatkan buat ekonomi ber kelanjutan buat pupuk pkanternak ataulainya,Positif
pemerintah tak pernah serius ini lawakan gk sih tikus dasinya di biarin aja,Netral
lah knp ga d olah jadi buat pakan kucing atau anjing,Netral
yang aneh teknik ini sama mui dikritik garagara cara membunuh ikannya tidak sesuai syariat islam gimana dah orang udah jelas spesies invasif yang merusak lingkungan,Negatif
maaf cuma bisa sapu ikan sapu sapu blm busa  sapu koruptor ,Netral
ikan sapu bersihkan kali dia makan lumut nnt kamu d neraka dikubur hidup sama ikan sapu,Netral
gubernur ga ada kerjaan sapu yg tdk brsalh d buru lucu y lur,Netral
di giling buat pakan lele,Positif
semoga kebijakan ini berlangsung juga di kota kabupaten provinsi lainnya,Netral
harusnya di bunuh dlu ikannya baru di kubur kalau caranya gt emg agak sadis sih di kubur hidup,Netral
saya setuju dengan pemprop dki yg musnahkan ikan sapu sapusebaiknya di ikuti oleh pemprop di seluruh indonesi karena ikan ini sangat cepat pertumbuhannya dan merusak ekosistem,Positif
kenapa tidak di jadikan mbg,Netral
Salut..mantap..lanjutkan 👍,Positif
Predator ikan sapu sapu ya berang berang. Berang berangnya aja udah habis di buru buat di jual ,Netral
wow luar biasa,Netral
gilaran yg merusak ekosistem sesama hewan dn tanggul aj cepet tu  merusak ekosistem  yg  mengambil bukan haknya dong cepetangak berani kaaan,Negatif
"trend di thn 90 an pembersih aquarium.. skr banyak yg jual ikan piranha,bahaya bgt",Netral
kalau di anggap hama bisa di musnahkan dari pada do cari orang yg isue nya di buat campuran buat somay atau pempek,Negatif
Lepasin berang2Di jamin habis di makan ikan sapu2 ma other berang2 atau musang air Atau kasih biawa,Netral
ikan sapu sama koruptor sama hamahama danau  dan hama negara,Negatif
ikanpun tak bersalah jadi sasaran pembunuhan masalga sadar itu perbuatan dosa,Netral
Awas buaya sangat tidak savety itu presenter,Negatif
"Bersyukur ada tambahan uang masyarakat , tapi mau di musnahkan ikan sapu itu , entah apa ruginya ",Netral
di jadikan pakan emng gk bs kli di kubur gitu mybajir gk,Netral
Samph jdi gunung di biarkn. Bukn sudh d ksih dana trliunan.,Netral
ikan indosiar bilangnya dulu kami nemu waktu tinggal dilampung rupanya sapu2,Negatif
"Halah yg merusak sungai manusia, buang sampah sembarangan, malah nyalahin ikan sapu..",Negatif
Lah justru manusia yang lebih berbahaya merusak alam,Negatif
"Jadikan filter air sungai saja,buatkan tampungan air ditengah sungai dan di taruh ikan sapu sapu dan jadilah ginjal sungai,,",Positif
"Gantikan Ikan Nila, akan bisa bertahan hidup, dan telor2 ikan nila disimpan di dalam mulut induknya.",Netral
MIRIP MBG ini ikan Sapu2x...,Netral
"Cuma ikan,  kesel banget.",Negatif
Kita perlu rombak DPR kita nih biar ada aturan buat para investor bidang pangan dan makanan. Soalnya inu berkaitan sama makanan dan air,Netral
Lbih bahaya koruptor kayaknya,Netral
HALLO BANDING BIAK MANA KOROPSOR AME IKAN DISAPU SAPU...,Netral
"YE, MANA BEDA CEPAT IKAN SAPU BIAK, MA BIANG KORUPSI BIAKNYE... LHO...",Negatif
koq nyalahin bikn sapu-2  kondisi sungai yg rusak tercemar sbg yg tahan ya sapu sapu... Mbulet ae.... Ini yg modalin perusahaan pencemar di sungai...,Negatif
Iya bng d plembang juga udah meresahkan,Negatif
Sabu sabu lebih bahaya tau,Negatif
Ikan sapu2 bermanfaat krna menyaring sampai jdi bening airnya..punten korup sapu2 TPI GK ada yng berani,Positif
"Sapu2 mepan disetrum ga sih? Klo lama pakai jala manual, mending disetrum aja. Ikan yg lain dievakuasi dulu ke tambak.",Negatif
Bahaya manusia bagi ekosistem sungai,Negatif
"Kondisi adanya ikan sapu2 yg lbh menguasai lokal, sama spt keadaan skrg.. lokal tersisih dgn product impor",Netral
Ikan sapu2 itu anggap aja Israel,Netral
"okelah ikan sapu sapu berbahaya....
tapi ada lagi yang lebih berbahaya yaitu para koruptor duit negara🥱",Negatif
Alam mengikuti perubahan. Ketika sungai tercemar logam berat. Disitu alam menyeimbangkan dengan sebab dan akibat. Jadi sapu2 merugikan dan ada manfaatnya jg.,Positif
"mau air sungai bersih pun ikan sapu"" tetep bakal meledak populasinya",Netral
gimana kalo diadakan lomba menangkap ikan sapu2,Netral
"Habis sapu bersih ikan sapu sapu,. . .. Saatnya sapu sapu bersih para koruptor. 🎉",Netral
Lbh bahaya para koruptor di Indonesia yg tumbuh subur,Negatif
Kasihan ikan sapu sapu di fitnah jadi perusak ekosistem,Positif
"Tp curiga jg ikan"" lain pd mati krna tercemar sungai"" nya tp yg di salahin di kambing hitamin si ikan sapu""",Netral
Pennggemar ikan hias jg harus lebih bertanggung jawab dengan hobinya dgn tidak membuang ikan apapun itu apalagi ikan non domestik apalagi lagi ikan predator ke saluran air atau sungai.,Positif
sungai2 di surabaya juga banyak ikan sapu2. temen saya mancing di sungai (jembatan) rolak yang ada cuman ikan sapu2,Netral
Udah kyak Hyena ya itu ikan sapu-sapu. 😂😂,Negatif
"Barusan liat di berita, sekarung ikan sapu2 dilepas kan di danau toba utk menanggulangi ikan reddevil?
Bgm kalo nanti danau toba dipenuhi ikan sapu2?",Negatif
"Banyak orang pintar di negeri ini, untuk diberantas secara manual amat sulit karna hasil penangkapan tidak sebanding dengan telur yang dihasilkan. Pemerintah harus memberikan dana riset atau penelitian untuk membuat bagaimana caranya ikan tersebut mandul atau bagaimana caranya tidak aktif berkembang biak, dan hasil riset tersebut tidak mempengaruhi ikan lainnya selain hanya berpengaruh pada ikan sapu2. Syaratnya dana jangan dikorupsi yah",Negatif
di kampung saya banyak deket gunung salak,Netral
"saya punya kolam juga ada ikan sapu sapunya,padahal tidak  pernah pelihara ikan itu. blitar",Netral
❤❤❤ JARiNG DiSAMBUNG SEMUA JARiNG digabung jaring–JARiNG2 digabungin semua diLempaRkan ke sungai bersamaA²2 habis tu sapu-sapu,Negatif
🥰😍JARiNG DiSAMBUNG SEMUA JARiNG digabung jaring–JARiNG2 digabungin semua diLempaRkan ke sungai bersamaA²2 habis tu sapu-sapu,Negatif
Ikan sapu2 populer di tukang somay keliling.,Negatif
"Ohh jadi manusia lolos menjadi "" hama """,Netral
Kaya aseng aceng acong ya. Etnis yang udah kaya polusi populasinya sampe merubah ekosistem warga asli pemilik negara dan kesejahteraannya.,Positif
Sama juga ikan LOHAN bikin rusak perairan Danau Toba terhadap ikan asli disana.,Negatif
Buat pakan ternak saja,Positif
oke,Positif
bukan nya dulu sengaja di lepas di sungai 😂😂😂😂 sekarang senjata makan tuan😂😂😂😂,Negatif
"Ikan sapu- sapu luar biasa, mampu bertahan di lungkungan ekstrem .... kenapa begitu ? di umpamakan seperti unta, kurma, pohon kaktus .. makhluk lain tidak sanggup bertahan hidup dan sudah mati ... tapi, species invasif di anggap berbahaya, tidak di punahkan, tapi di kurangi saja.",Netral
"Problem populasinya bisa diatasi dengan menangkap secara massif 
Tapi problem utamanya adalah kondisi perairan sungai yang buruk ini tidak diatasi percuma, yang bisa berkembang biak di sungai limbah cuma sapu2 , lambat laun akan overpopulasi lagi karena yang bisa memanfaatkan resource di perairan tercemar cuma ikan sapu2 tsb.
Telusuri asal muasal limbahnya , kalau perusahaan suruh mereka bertanggung jawab , gitu aja simpel",Negatif
semangat bang arief,Positif
aku akan menangkap semua ikan sapu sapu di RI untuk bahan baso ikan somay dan pempek,Negatif
Tempo T4i,Negatif
"Ikan sapu sapu, ikan nilai yg cenderung rugikan ikan lain bs jd pelajaran. Bahwa ada ikan berwujud manusia yg jg merugikan manusia lainnya. Ada pamangsa n dimangsa.",Negatif
"Selamat pagi !! Ijin, bilamana TEMPO media yang netral tolong usut tuntas Longsor Zona 4 TPA Bantargebang yg sesuai arahan Menteri Lingkungan Hidup 2025 yg di sampaikan di media ""harus ada yang jadi tersangka"".",Netral
Menurut saya untuk mengendalikan ikan sapu. Cara paling ideal adalah menghadirkan predator alaminya. Saya temukan di internet predator alami ikan sapu-sapu adalah berang-berang Amazon. Mungkin bisa sih di kembangbiakkan berang2 Amazon sebagai predator alaminya.,Netral
Ikan Israel itu dia 😂😂😂😂,Negatif
jgn lupakan Aligator gar dan peacock bass,Positif
"Jangan hanya pemberantasan ikan kerapu, tpi juga pEmbersihan koruptor gimana ya? Masyarakat yg bisa mengungkap data atau melaporkan koprusi diberi hadiah yg tinggi.",Negatif
"Bukan hewan yang paling berbahaya buat ekosistem lingkungan 
Tapi sampah plastik yang di hasilkan manusia ke lingkungan",Netral
Ikan sapu2..suka.merusak.dingding kolam lama.lama.bendungan.akan.jebol .basmi terus,Negatif
"Ppendapat pribadi,..
Semakin banyak populasi ikan nila di habitat sungai-sungai dekat pemukiman penduduk jauh lebih positif untuk asupan gizi Dan protein gratis,... Ikan sapu-sapu selama ini terbukti hanya membawa dampak merugikan.
Mengembalikan ikan endemik seperti wader kembali menghuni sungai-sungai terutama yang mengalir di daerah pemukiman penduduk adalah utopia yang tidak realistis.",Negatif
"Kenapa banyak orang menganggap ikan sapu-sapu itu hama,, mereka adalah pertanda bahwa kualitas air sungai yang kotor dan tercemar.",Negatif
"Di lombok juga banyak ikan sapu2, setiap kita mancing di sungai jarang dapat ikan, ternyata gara2 ikan ini ya penyebab ikan yang lain minim populasi nya",Negatif
Ikan sapu2 daging nya enak untuk bikin siomay,Negatif
Kenapa gak ditebar predator nya sapu sapu,Negatif
"ini sebenarnya menunjukan bahwa ekosistem di sungai2 di Jakarta sudah tidak sempurna. 
Kok di negara asalnya (Brazil), ikan sapu2 ini tidak menjadi masalah!?!?",Positif
Setuju sekali. Ikan lain pada mati karena polusi. Ikan sapu-sapu bisa bertahan dari polusi. Jadi masalahnya sebenarnya adalah polusinya.,Negatif
"​ solusinya waste management yang baik , sesuatu yang tidak ingin dilakukan pemerintah dan tidak mau dipaksakan kepada pihak2 yang membuang limbah.
Kalau mau bisa aja kok tinggal ditelusuri upstream bakal ketahuan sumber limbahnya dari mana terutama logam berat, cuma perkara mau atau tidak aja ini",Positif
"​​ @audyhudijana1222  karna di negara asalnya ada predator alami Sapu Sapu, di indo gk ada",Netral
"Yang bahaya itu yang buang sampah sembarangan ke sungai , yang buat bangunan di bantaran sungai , yang buang limbah pabrik ke sungai , gak usah lebay berita ikan sapu sapu",Netral
Ikan sapu2 khn pemakan lumut dan kotoran ikan kl di kolam ikan di rmh saya,Negatif
Kalau di ancurin dijadikan pupuk kompos bisa ga mas?,Netral
"Sungai butek, limbah banyak. Emang bisa hidup ikan lain selain sapu-sapu?",Netral
"BUKAN SALAH IKAN SAPU SAPUNYA..
TAPI SALAH PEMBUAT PENCEMARAN AIR..
SEBAB IKAN BIASA ITU BISA HIDUP KALAU AIRNYA ITU JERNIH ATAUPUN BERSIH...
KALI CILIWUNG SUDAH BANYAK TERCEMAR AIRNYA..
MANA BISA IKAN NORMAL HIDUP DISANA...",Positif
Heyy antek2 aseng. 😂,Netral
Minimal beresin dulu th samoah nenumpuk kasih akses warga buar jaga.. Bayar.. Bayar.. Mulu...,Negatif
"Di aquarium gw ikan sapu2 bermanfaat banget buat bersihkan aquarium gw, dan ikan2 yg lain juga gak berdampak buruk....., yg buruk itu kualitas air sungai jakarta bukan ikan sapu2nya.....",Negatif
"Lebih bahaya mana bagi kelangsungan hidup manusia & ekosistem... Ikan sapu2,atau koruptor busuk,laknat + biadab",Negatif
Ikan sapu sapu  bisa dijadikan pupuk atau kompos  loh bisa jade duit loh 😊,Negatif
"mas arif the real influencer,...",Negatif
"Jman sy kecil th 80an ikut ortu merantau di jkt, sering main² disungai di jkt yg msh lengang, dn saat itupun sdh bnyak ikan sapu² di sungai, mgkn skrg sdh jd pnghuni tetap sungai² jkt😂",Positif
pertanyaan dari gus sumbing: kenapa anda terlalu ingin mengembalikan ke ekosistem semula awoakakaka,Negatif
"Ikan pembersih kaca k Lo di daerah saya bilang. Entah bisa dimakan atw tidak, tapi dulu ada yg bilang ikan ini beracun jadi didaerah saya gk mau yg mengkonsumsi.",Negatif
Ikan sapu-sapu kayak Israel,Negatif
"Ikan sapu2 yg disalahin, itu para pejabat korup perusak ekosistem kehidupan bermasyarakat beranak pinak tanpa kontrol, segala ikan sapu2 diurusin...preet..",Negatif
Ikan Waduk Cirata juga tercemar logam berat dari sungai Citarum serta air lindi Pusat Sampah terbesar se Bandung Raya,Netral
sampai jawa.. ikan sabu sabu ini,Negatif
"Itu pemprov DKI berinisiatif membasmi sapu2 malah dikomen sinis 🤣🤣. Padahal daripada dipakai bahan makanan kayak somai, makanan ternak",Negatif
Yg lebih membahayakan itu : koruptor sedang bikin program pengalihan isu agar prakteknya aman tnp ketahuan publik !! Makin lama kok makin bodo sih....,Negatif
Beda spesiesnya.. yg ini ikan sapu2 yg aslinya dari amazon.. beda ama sapu asli sungai indonesia meskipun namanya sama,Negatif
🥹🥹🥹,Positif
mirip israel,Negatif
koruptor lbh bahaya lagi. tapi dibiarin,Netral
"Lebih bahaya memusnahkan ikan sapu sapu apa KORUPTOR.
Ikan sapu sapu dimusnahkan tapi justru ikan koruptor dipelihara,  ... Susah sekali nangkapnya ikan koruptor daripada ikan sapu sapu.  ,... hanya mengalihkan perhatian 😂😂😂🏃🏃🏃",Negatif
pak juliiiii 🫰🏻🫰🏻🫰🏻,Netral
"Contoh nyata ""antek - antek asing""",Netral
semoga gak ada yg lepas liarkan araipama gigas dan piranha,Negatif
.perusak ekosistem sungai itu .bukan ikan sapu sapu.tapi orang yg buang sampah di sungai,Negatif
Invasi. Mengusir penduduk asli. Kaya israel,Negatif
"sama seperti koruptor koruptor di negeri ini, merusak ekosistem juga",Negatif
Yg jadi pertanyaan nya adalah apakah pemerintah daerah yg di lintasi oleh sungai Ciliwung dan sungai Cisadane d sungai lainnya di tebar bibit ikan asli penghuni sungai... Menurut gw si Arif ini sudah ketinggalan informasi & kurang literasi tiba-tiba memberikan informasi ikan sapu-sapu melebihi kapasitasnya di aliran sungai.. gw kecil mulai berenang di kali di daerah kembangan-bojong Rawabuaya 6:00 Jakarta Barat mulai dr tahun 1988.. ikan sapu-sapu dari zaman gw juga udah banyak.. cuma yg jadi masalah adalah pasti di setiap daerah manapun para warga sekitar sungai akan mengambil ikan seperti wader.. ikan  baung.. kijing.. laya.. dll nya.. barulah ini yg menjadi ketimpangan pertumbuhan kurang nya peran pemda yg aktif memperhatikan habitat lingkungan di sungai.. seperti menebar bibit yg memang penghuni asli sungai.. intinya itu uang pajak yg dikumpulkan di kas daerah dikemanakan..? Dan menurut gw Arif itu cuma pansos karena dia masih anak kemarin yg gak punya ilmu pengalaman orang yg lahir lebih dulu daripada dia.. faktanya ikan sapu-sapu banyak dicari oleh orang lalu digunakan sebagai bahan pembuatan siomay..,Netral
Ijin posting ulang,Netral
Napa gak di jala utk d makan yak? Mang ga bisa d amakan?,Netral
Logikanya kebalik. Karena ekosistemnyalah yg rusak ikan ini hidup.,Negatif
Ide yang inspiratif. Pantas dicontoh untuk sungaii sungai lain di Jawa bahkan di Indonesia.,Positif
"Sumpah,,, tdnya saya ngak tau tentang jenis ikan sapu² ini.
Cmn saya sering lihat orang menjala ikan ini dan senang lihatnya karna penjala dapat ikan banyak untuk dijual dan dimakan.
Ternyata saya salah🙏",Netral
"Danau UI waktu gua kecil tahun 2006 udah banyak ikan sapu sapu bjir , cuma dulu masih banyak udang sama ikan ikan lain , ga tau deh sekarang kaya gimana",Netral
"Ikan sapu2 di kali perkotaan kumuh penuh limbah berbahaya itu hama, mengandung radikal bebas, dan perusak permukaan tanah di pinggir kali. Beda dengan ikan sapu2 di sungai jernih di gunung2 itu masih layak konsumsi karena belum tercemar limbah dan masih bergizi.",Negatif
"Sebaiknya ada inofasi ,,,seperti di jadikan pupuk kompis,atau pelet",Positif
BAGUSS VIDEONYAAA❤❤❤,Positif
setuju wkwkwkwk @yttan8897 ,Positif
Tapi klo koruptor dilestarikan,Netral
"semua akan koruptor pada waktunya cuman belum ada kesempatan aja, jadi inget kejadian sopir truk kecelakaan meninggal dunia malah HP dan dompet  juga truk seisinya malah dijarah sama ratusan warga, itu kalau mereka ditanya koruptor di hukum mati setuju gak?, mereka pasti bilang setuju",Netral
Mau di sungai bersih kan tetap aja ikan hama perusak ekosistem alam,Negatif
"Gak ada yg bisa musnahin ikan sapu sapu sampai habis
Seperti hal nya kita juga gak bisa memusnahkan para KORUPTOR",Negatif
Ikan endemik sudah susah hidup di sungai di jkt dan ikan sapu2 mampu bertahan.,Netral
Nih ikan udah Kya yg buka wrung 24 jam😅😅,Negatif
Padahal ikan sapu2 ini cukup berperan besar dalam dalam industri siomay dan otak2 jagat jakarta. Kasihan yaa kita selama ini. 😅😅,Negatif
"jadi ikan lokal kalah sama ikan sapu-sapu, bukan karena dimangsa oleh sapu2, tapi kalau pencemaran air membuat hanya ikan ini yang bertahan, lainnya mati.",Negatif
respect bang Arief,Netral
"Betul , invasif species tu bisa merusak ekosistem asli",Negatif
"kan pu sapu takye, ikan asli madura yang melegenda",Negatif
Hanya ada 1 makhluk yang sangat berbahaya bagi kehidupan makhluk hidup lainnya di dunia. Namanya Bang Jeck yang tinggal di balik Tembok Ratapan Solo 😈,Netral
Disini ikan sapu sapu malah langka 😂,Netral
"Nah gini, kontennya, jangan buat pecah belah",Netral
"Ikan sapu-sapu memang berbahaya, Di dukung juga oleh manusia yang buang sampah di sungai ciliwung ,
kombo maut",Negatif
5:44 anjjjrrrr,Netral
Salut..buat mas...🫡,Netral
"Gak cuma ciliwung, mancing di sungai tabalong (tengah kalimantan) juga banyak itu ikan sapu sapu 🙏",Netral
Manusia sebenarnya puncak perusak ekosistem...😂,Negatif
"U olah jadi pakan bisa buat ayam atau ikan, protein tinggi ikan ini mah.",Positif
"Bahaya lagi manusia membuang sampah di kali, nyetrum",Negatif
"Spesies yang paling berbahaya sebenarnya bukan sapu-sapu, atau ikan lainnya. Melainkan homo sapiens. Sapu-sapu hanyalah korban eksploitasi, ketika mereka menemukan habitat yang lebih luas ketimbang sebatas kotak kaca, mereka dikambing hitamkan karena memenuhi lingkungan barunya.",Netral
Ada berita oknum di sumatra utara malah melepaskan sapu2 ke danau toba dgn tujuan membasmi red devil padahal sama2 ikan invasif😢,Negatif
Ikan sapu sapu ini makan ikan telur lain bahkan juga makan ikan kecil juga,Negatif
Ikan sapu sapu ini makan ikan telur lain bahkan juga makan ikan kecil juga,Netral
" @Katarinahaving  oh jadi bukan cuma makan lumit aja ya, tapi telus ikan lain di mangsa juga",Negatif
Membandingkan 2 hal buruk tidak akan menjadikan salah satunya baik.,Netral
"Ikan sapu sapu ini mengindikasikan kalau sungai itu banyak pencemaran, ini pertanda kalau tugas dinas yg menangani  kebersihan sungai tidak mampu bekerja maksimal...😅",Negatif
Siomay sapu sapu,Negatif
Ayokkkkk viraaalll,Netral
"lapor, selokan mataram yogyakarta juga sudah dipenuhi ikan sapu-sapu",Negatif
Masih jauh lebih sulit membasmi tikus2 berdasi,Negatif
"klo di konoha predator tertingginya tetep londo ireng ^_^.. emangnya klo kalian makan siomay, bakso emangnya itu daging apa kocak?",Netral
"Gw liat berapa berbahaya ikan ini adalah saat dia memakan ikan mas koki gw, sumpah kesel bgt gw otaknya dimana yang buang ikan ini di sungai kita",Negatif
hancur sudah tanah :face-purple-crying:,Negatif
Yang menabur ikan sapu2 ke danau toba apa kabar?,Negatif
yuhuuu,Netral
Jual somay pakai daging ikan enak ini laris banget banyak yang suka❤,Positif
manusia tidak usah berbicara ekosistem karena hanya manusia yang merusak ekosistem,Netral
"Kalau di indo yang merusak polusi bro, gak ada sungai yang gak kemasukan limbah dan sampah. Ikan sapu sapu juga bakal mati",Negatif
Anak muda yg menginspirasi cocom jdi mentri LKH,Netral
Sungai depan plaza Indonesia banyak banget tuh ikan sapu sapunya,Netral
"Ajaibnya, beberapa waktu yg lalu ada sekelompok orang yg dgn sadar sengaja melepas sekarung penuh ikan sapu² di danau toba yg tujuannya menurut mereka buat menekan populasi ikan red devil yg sudah lama jadi hama di danau tersebut. Menarik ditunggu, 3 - 5 tahun ke depan akan seperti apa kondisi perairan   danau toba yg tadinya hanya punya 1 ""musuh"" yaitu red devil skrg tambah 1 ""musuh"" baru ikan sapu².",Negatif
"Di luar habitat aslinya (seperti di sungai-sungai Indonesia), ikan sapu-sapu sering kali menjadi spesies invasif karena jumlah para predator alaminya amat sedikit, yang menyebabkan populasi mereka meledak dan mendominasi ekosistem lokal. Kita, manusia, sebagai predator pemuncak 🤭 mesti aware akan hal ini.",Negatif
survival of the fittest,Negatif
"Ternyata antek-antek asing bukan hanya berbahaya di ranah bisnis dan ekonomi, tapi di bidang perikanan pun ada antek-antek asing yang mengancam keanekaragaman hayati perairan Indonesia. Wahai.... Antek-Antek Asing......

😃🙊🙏",Negatif
"Hati-hatilah lauk ikan pada MBG, curiga ternyata dari Ikan sapu-sapu 🍱😂🐡",Negatif
"Sungai kotor karna limbah yang dibikin manusia, kalau dibersihin juga percuma lihat pandawara baru bersihin sungai tapi warga nya tetap buang sampah sembarangan akhirnya sungai nggk pernah bersih karna nggk ada kesadaran warga untuk buang sampah di tempat seharusnya",Negatif
 @alexhart1810  trus orang yang nyebar ketauan nggk,Negatif
"Harusnya negara ikut campur dlm mengatasi pembasmian ikan sapu2 ini. Kasian rakyat dan lingkungan harus dirugikan. Syg, negara kita tdk ada visi riayah (mengurusi) umat karena politik demokrasi emg hanya mengutamakan kepentingan pribadi. Padahal politik Islam itu visi nya adalah riayah.",Netral
"Ikan sapu-sapu termasuk Omnivora lho! Dulu waktu ayah saya pelihara ikan-ikan Koi di kolam dan berkembang biak, ayah saya taruh juga beberapa ikan sapu-sapu agar bisa bersihkan lumut kolam... ternyata ketahuan bahwa ikan sapu-sapu juga makan telur-telur ikan Koi dan anak-anak ikannya yang masih kecil-kecil, jadinya diambil lagi dari kolam.",Netral
"Herannya masih banyak yg beranggapan memelihara ikan sapu sapu buat bersihin lumut aquarium 😂 
Reka ga sadar ikan sapu sapu ikutan makan makanan ikan hias, makan telur ikan hias, bahkan ada beberapa kasus menempel dan menghisap darah ikan hias",Netral
"Hentikan perburuan anakan berang2,krn hanya berang2 yg memakan ikan sapu2.",Negatif
Ikan sapu2 di sungai keruh dan tercemar pun tetap hidup 😅,Negatif
"Ikan sapu-sapu bisa dimakan? Dari perairan tercemar tidak. Masalah bukan ikan, tetapi pencemaran.",Netral
buruan kang somay jaktim ini haha,Negatif
"kata ikan sapu-sapu: ""kenapa cuma kami yang diburu karena merusak ekosistem, manusia kok engga?""",Netral
"Hmmm, ini mengingatkan saya dengan suatu mahluk yang perlahan menghancurkan bumi..!?",Negatif
"lebih ngerusak red devil jir gw kirain ikan hias ! kolam gw di isi ikan red devil cuma 4 ekor , lama2 malah beranak penuh ma tuh ikan , ikan mujair ma nila hampir pada ilang 😭",Netral
ikan antek antek asing 😂,Negatif
Bisa ngak ya jadi alternatif makan ternak?,Positif
Bagusnya ikan piranha aja.,Netral
Negara tidak hadir lagi,Negatif
Kaviar sapu-sapu enak gak ya 🤔,Netral
Krna buaya sbg predatornya tdk ada. Wajar sapu2 bnyk,Negatif
I*RAEL BANGET,Negatif
"Trus bisa di konsumsi ga ikan  sapu sapunya ??
Kalo bisa ya bolehlah .... Mari mancing sapu sapu",Netral
Lebih bahaya dari jokowi kah?,Negatif
Si Reza kali pak juanaidi keluragnyaa wartawan juga kan? Makanya dibalik² orang sini nama keluarganya pak,Netral
Kmarin di jkt dinas lingkungan udah mulai bantu,Netral
 @hanifahtarisa4717  boro2 negara mau urusan yg bginian pling urusan korupsi tu baru mau  noh duit yg bertumpuk di kmnain buat pajangan doang sma bang wo2,Negatif
"mba mereka mah mana ngurusin manusia lain, yg penting urusan perut sendiri dulu.",Negatif
Belum ada internet jaman itu. Ikan sapu2 itu hama emang. Bahkan gak bisa dimasak karena ikan ini bisa hidup dari habitat air yg tercemar 😂,Negatif
"Bener tuh. Saya dulu tahun 90an melihara sapu-sapu bareng ikan hias dengan harapan dia bersihin lumut aquariumnya. Ternyata sapu sapunya lahap banget makan pelet. Jaman itu di sungai depok pun sapu-sapu udah banyak, dan biasanya dibuang dipinggir sungai sama kang jala ikan.",Positif
"ikan sapu sapu sebenernya gk bersih. iya makan lumut tapi produksi kotorannya malah bertambah, jadi kadar amonia di akuarium meningkat dan filter harus bekerja lebih berat",Negatif
Ikan sapu sapu kalau bertugas jangan disatukan dengan ikan hias. Setelah bersih baru ikan hias dipindah kembali.,Netral
"​ @eps-wae mendingan jangan pelihara, karena gak efektif bersihin lumut. Sekarang beberapa orang dah beralih ke keong tanduk buat bersihin lumut. Lebih efektif dan gak ganggu ikan hias",Negatif
karena dulu jaman TK-SD tau nya begitu 😆😆,Netral
"Ahk ikan sapu2 gw gak gitu, malah dia yg mati duluan dibanding ikan hiasnya",Netral
" @obsanv5787  bener bgt ini.. saya awal tau ikan sapu2 ternyata makanin ikan hias pas niat beli sapu2 hias yg kecil2 di kampung Melayu.. tp sama yg jual di bohongin, dia jual bener kecil2 ikan sapu2nya.. tp ternyata yg di jual itu bibit sapu2 invasif yg di kali Ciliwung. Ga ada sebulan di aquarium,cuma 2 minggu ikan sapu2nya dr segede kelingking bayi.. tau uda gede bgt setelapak tangan dewasa.dan ikan glowfish saya lama lama kok abis ternyata pas saya perhatiin di makan sama sapu2..😵‍💫",Negatif
Masalahnya dikota besar berang berang sudah sangat sedikit. Itu juga jadi salah satu faktor.,Negatif
"Wah baru tau kalau berang2 adalah predator ikan sapu2
Mungkin karena itu juga di Singapura tidak ada masalah ikan sapu2 karena saya masih sering lihat berang2 di sana",Negatif
"Garangan bro.. Hewan sepele yg sering diburu warga karna di anggap hama, padahal dia hewan penting yang bisa menjaga ekosistem.. Dia juga predator alami ular ular berbahaya yg ada di area sawah/hutan",Positif
Sebetulnya yg hama adalah manusia sendiri yg memburu predator alami nya yg di bilang hama perusak sehingga memutus rantai makanan alami,Negatif
 @andikpramono1935  otter?,Netral
 @andikpramono1935  kadang berang berang diburu buat duit,Netral
"walah barutau, seumur2 blm pernah liat di jkt",Netral
 @rexyxjo  belum pernah lihat apa? Kalo otter banyak yang piara,Netral
"selow bro, berang2 nya udah jadi tukang somay",Negatif
"Ikan sapu sapu memakan semua yang ada didasar sungai,, termasuk telor telor ikan lainnya,,,efeknya ikan lain punah,,,,kalaupun misalnya ikan sapu sapu bisa dimakan akan tetapi  daging nya dikit,,lebih banyak tulangnya,,,ngga ekonomis utk dijadikan mata pencaharian",Negatif
Kang somay depok juga.,Netral
"Lucunya, ulah Manusialah yang menyebabkan Sapu-sapu menjadi invasif, sama halnya dengan Tikus.",Negatif
 @Lazzue  termasuk anda dong,Netral
" @Hendriperdana-p7s  iya memang termasuk, kita semua kan manusia, hanya saja manusia pilih-pilih, kalo yang merusak binatang lain ga boleh, tp kalo yang merusak manusia boleh",Netral
" @Hendriperdana-p7s  termasuk lu juga hendra, kita semua",Netral
" @Lazzue  nanti lu gak bisa komentar begini lagi bang, kalau manusia diburu",Negatif
"​ @paulhuda  ya iya, tapi kenyataannya kan engga 😅",Netral
Ikan Sapu-sapu ada yang terancam punah seingatku.,Negatif
 @Lazzue  Betul !!!,Netral
Bisa,Positif
 @wiranata1656  buaya kayknya ga mau makan sapu2,Negatif
" @fdsetianto8253  buaya predator alami ikan sapu sapu bro, karna populasi buatya di perairan sungai/padat penduduk itu hampir gaada, ya populasi ikan sapu sapu ga terkendali",Negatif
"Mentok di sini komen sodara sebangsa gw. Sama komen ""cuan tukang siomay nih"". Silakan aja makan sapu2 bermerkuri, berlimbah",Negatif
Kalo yang dari budidaya itu bisa tapi kalo yang dari sungai itu bahaya karna mengandung polusi,Netral
"​ @MaliQFM 
Kalo dri sungai ya tidak jauh beda macem di pesisir laut kerang hijau kak

Dia si kerang hijau juga menurut yg aku dengar fungsinya juga menetralkan polusi air dan limbah,,,

,jadi kurang sehat dikonsumsi. Kalau pun mau benar benar dicuci bersih dan tau cara mengolah nya

Begitu juga sapu sapu",Positif
"Ya Khan pasti kerjaan keluarganya mereka, dari wa Agus/wa Agus kan  Tante kan Oma ate orang rri jugaadisuruh2 sapu sapu dibalik puas puas, kemarin2nsi Farhan yg disuruh kalo Tante Shanti siapa lagi yg disuruh²...",Negatif
Harusnya setiap pemancingan ikan wajib ada ikan sapu2 penjaga ekosistem,Positif
"Kalau tidak salah ingat, di thailand Ikan sapu sapu  jadi makanan sehari hari.",Positif
"DI NEGARA LAIN DI BUNUH DI BUANG  !! DI INDONESIA DI TANGKAP DI BUAT PEMPEK  MURAH  !
padahal ikan sapu "" predator  di sungai  !! dia bisa bertahan hidup walau air kotor  , dan  air tercemar  !  ikan sapu "" juga lebih tahan di daerah tercemar  pas nanti di jual untuk di produksi   = kita otomatis makan limbah  TOXIC",Negatif
"ada Arief Kamarudin, pasti gw tonton
Yuhuuuu 🎉",Netral
"Semoga semua kita semakin sadar utk tidak sembarang melepaskan ikan ke perairan umum Indonesia, karena dapat merubah struktur komunitas ikan alami, menghilangkan ikan endemik atau bahkan bisa merusak kualitas air....",Negatif
masalah seperti ini mana perduli Prabowo apalagi Gibran….. harus nya ada kebijakan atau regulasi terkait spesies invasif…. yang satu sibuk MBG yang satu nggatau ngapain,Negatif
Bahan baku bwt somay,Negatif
Dikampung ku disebut ikan pembersih kaca,Netral
"ikan sapu sapu memang bahaya guys! tapi jangan sampe kita lupa kalau ada spesies lain yang tidak kalah mengancam dibandingkan ikan sapu sapu, yaitu ikan nila dan ikan red devil. Mereka tuh mengancam ikan-ikan lokal kita seperti wader dan teman-temannya. Memang ga bisa dipungkiri kalau ikan nila adalah salah satu ikan yang paling banyak menjadi bahan makanan di Indonesia, tapi alangkah baiknya kalau ikan ini tetap berada di lingkungan di mana mereka mestinya (tambak/kolam pemeliharaan misalnya) dan jangan sampai keluar ke badan sungai kita. yuk kita sama sama lebih perhatian lagi sama sungai kita. salam dari peneliti wader~",Negatif
 @solihineng  export ke Thailand saja ya?,Netral
Makanya klo beli makanan di restoran.. jgn yg abang2 gerobak ato kaki lima,Netral
"Ada menteri dan pejabat yang lain yang harusnya ngurus masalah ini, jangan dikit dikit presiden Mulu yang disuruh kerja, presiden lagi sibuk kerja juga buat kepentingan negara",Positif
" @Katarinahaving  betul sekali presiden harus mensukeskan MBG, Kopdes dan BOP muantapppp Polll.. joss deh pokoknya namber wan",Netral
betul sekali harusnya ada dana pemberantasan spesies invasif,Negatif
" @alfianprimahesa  ikan nila banyak yang mancing, banyak yang suka, tenang aja, cepat habis sama pemancing, kalo
Ikan sapu sapu mana mau orang makan, dan gak ada yang mancing in",Negatif
Emang nila itu predator?,Netral
" @sunardisunardi5776  nila itu invasif. dia makan segalanya, invasif itu gak harus predator. omnivora pun bisa, belum lagi pertumbuhannya yang cepat dan kuat",Negatif
 @sunardisunardi5776   nila makan telur ikan lain,Negatif
​ @sunardisunardi5776  Ikan nila predator alaminya di Indonesia cuma sedikit (selain manusia),Negatif
"betul.... setuju. sungai belakang saya ga ada sapu2, tp nila mulai datang dan ikan2 lain menghilang",Netral
" @Error404Sound-ai9  Tp ikan nila msh bisa dikonsumsi dan dagingnya enak.. Jd pemancing silakan tangkap sebanyak-banyaknya utk mengendalikan populasi ikan nila.. Ikan nila memang bukan ikan asli Indonesia, nila aslinya dari Afrika..",Netral
"ikan nila gak terlalu bahaya krn ada ""predator"" alaminya: manusia. 😁 red devil jg bisa dikonsumsi, tp nilainya rendah.",Netral
"Nila ikan konsumsi, sapu-sabu bukan
Jadi gak bisa di perbandingkan",Netral
 @alfianprimahesa  sungai dekat rumahku sudah banyak sekali ikan Nila,Netral
"bang, kalo ikan wader bahayanya apa, ya?",Netral
" @nabilanurfauziah-y2o  ikan wader maah gk ada bahaya nya malah enak itu di makan pakai sambel, kalau di jatim biasa nya jadi makanan enak. Sambel wader.",Netral
"Ada yang lebih bahaya lagi dari ikan sapu-sapu , yaitu spesies Koruptor di ngera ini . 🎉😂",Negatif
Nila mahal di tukang pecel calm bos apalagi di rica2 enak wwkwkwwk,Positif
Jgn lupakan aligator gar dan peacock bass,Negatif
jgn lupakan aligator gar dan peacock bass,Negatif
"Tp Nila itu kita biasa makan, jd ga Menumpuk",Positif
" @alfianprimahesa  kalo anda sebut ikan nila itu tempat nya di tambak, anda salah bang , di tambak justru jadi hama, biasanya kalo habis panen pemilik tambak di potas kalo nggk di strum biar ngurangin hama nila",Negatif
"Tapi unggul nya nila itu masih bisa di makan bisa di jual, jadi gak seburuk sapu sapu, dari cara makan pun ikan nila pilih pilih, gak kyak sapu sapu Se adanya di makan seperti logam berat",Negatif
ikan sapu2 memiliki bau yang tidak sedap sekarang ini,negatif
ikan sapu-sapu memiliki bau yang tidak sedap tahun ini,negatif
pleco sekarang banyak dicari warga belakangan ini,positif
ikan sapu sapu sedang ramai dibahas saat ini,netral
pleco mulai dimanfaatkan warga sekitar,positif
pleco menarik untuk dibahas,positif
pleco banyak ditemukan di daerah tertentu,netral
masih banyak warga takut makan pleco,negatif
ikan sapu-sapu menarik untuk dibahas akhir akhir ini,positif
ikan sapu2 berkembang terlalu cepat beberapa minggu terakhir,negatif
ikan sapu-sapu menjadi perhatian masyarakat di daerah saya,netral
ikan sapu sapu memiliki bau yang tidak sedap,negatif
masih banyak warga takut makan ikan sapu2 saat ini,negatif
ikan sapu2 menarik untuk dibahas,positif
ikan sapu2 ditemukan di banyak sungai saat ini,netral
ikan sapu2 menjadi perhatian masyarakat belakangan ini,netral
ikan sapu2 ditemukan di banyak sungai,netral
ikan sapu sapu mulai dimanfaatkan warga sekitar akhir akhir ini,positif
ternyata ikan sapu-sapu memiliki nilai jual tahun ini,positif
pleco sering dianggap hama air,negatif
saya tidak suka melihat pleco,negatif
olahan pleco terlihat lezat,positif
ikan sapu sapu bisa dimanfaatkan masyarakat saat ini,positif
pleco mulai sering ditemukan beberapa minggu terakhir,netral
pleco sering dianggap hama air beberapa minggu terakhir,negatif
saya tidak suka melihat pleco tahun ini,negatif
ikan sapu-sapu bisa jadi makanan alternatif belakangan ini,positif
ikan sapu sapu banyak ditangkap warga beberapa minggu terakhir,netral
ikan sapu-sapu memiliki bau yang tidak sedap beberapa minggu terakhir,negatif
ikan sapu sapu merusak ekosistem sungai beberapa minggu terakhir,negatif
bentuk ikan sapu-sapu terlihat menyeramkan saat ini,negatif
saya tidak suka melihat ikan sapu-sapu akhir akhir ini,negatif
ikan sapu sapu menarik untuk dibahas saat ini,positif
ternyata ikan sapu sapu memiliki nilai jual saat ini,positif
ikan sapu2 menjadi topik pembicaraan warga baru baru ini,netral
ikan sapu sapu menarik untuk dibahas baru baru ini,positif
pleco menjadi topik pembicaraan warga,netral
ternyata ikan sapu sapu enak dimakan,positif
ikan sapu sapu membuat habitat ikan lain terganggu tahun ini,negatif
pleco berasal dari amerika selatan,netral
banyak orang penasaran dengan rasa pleco belakangan ini,positif
saya tidak suka melihat ikan sapu-sapu belakangan ini,negatif
ikan sapu sapu ditemukan di banyak sungai saat ini,netral
ikan sapu sapu sulit dikendalikan populasinya akhir akhir ini,negatif
pleco menarik untuk dibahas belakangan ini,positif
pleco berkembang terlalu cepat akhir akhir ini,negatif
pleco ditemukan di banyak sungai tahun ini,netral
ikan sapu-sapu ditemukan di banyak sungai baru baru ini,netral
saya tidak suka melihat ikan sapu2,negatif
pleco menjadi perhatian masyarakat di daerah saya,netral
masih banyak warga takut makan ikan sapu-sapu tahun ini,negatif
banyak orang penasaran dengan rasa ikan sapu sapu,positif
pleco mulai sering ditemukan baru baru ini,netral
ikan sapu sapu sekarang banyak dicari warga,positif
ikan sapu sapu sulit dikendalikan populasinya belakangan ini,negatif
rasa ikan sapu-sapu ternyata lumayan enak,positif
ikan sapu-sapu mulai sering ditemukan saat ini,netral
pleco mulai dimanfaatkan warga sekitar saat ini,positif
ikan sapu2 sekarang banyak dicari warga baru baru ini,positif
ikan sapu-sapu membuat habitat ikan lain terganggu saat ini,negatif
pleco sering dianggap hama air tahun ini,negatif
ikan sapu-sapu menjadi perhatian masyarakat saat ini,netral
ikan sapu-sapu terlalu banyak di sungai baru baru ini,negatif
bentuk ikan sapu sapu terlihat menyeramkan belakangan ini,negatif
ikan sapu-sapu mulai dimanfaatkan warga sekitar,positif
ikan sapu2 banyak ditangkap warga,netral
ikan sapu-sapu mulai sering ditemukan,netral
saya tidak suka melihat pleco di daerah saya,negatif
ikan sapu-sapu merusak ekosistem sungai,negatif
ikan sapu2 menjadi topik pembicaraan warga,netral
ikan sapu-sapu sedang ramai dibahas akhir akhir ini,netral
saya tidak suka melihat pleco saat ini,negatif
ternyata ikan sapu sapu enak dimakan beberapa minggu terakhir,positif
pleco membuat habitat ikan lain terganggu,negatif
pleco menarik untuk dibahas saat ini,positif
ikan sapu sapu bisa dimanfaatkan masyarakat,positif
banyak orang penasaran dengan rasa ikan sapu2,positif
ikan sapu sapu memiliki bau yang tidak sedap sekarang ini,negatif
ikan sapu2 memiliki bau yang tidak sedap belakangan ini,negatif
banyak orang penasaran dengan rasa pleco beberapa minggu terakhir,positif
ternyata ikan sapu sapu enak dimakan saat ini,positif
olahan ikan sapu2 terlihat lezat sekarang ini,positif
ikan sapu2 bisa jadi makanan alternatif tahun ini,positif
bentuk ikan sapu sapu terlihat menyeramkan di daerah saya,negatif
ikan sapu-sapu menjadi perhatian masyarakat tahun ini,netral
ikan sapu-sapu merusak ekosistem sungai sekarang ini,negatif
ikan sapu2 berasal dari amerika selatan tahun ini,netral
ikan sapu2 hidup di air tawar akhir akhir ini,netral
ikan sapu2 sulit dikendalikan populasinya saat ini,negatif
ternyata ikan sapu sapu memiliki nilai jual baru baru ini,positif
banyak orang penasaran dengan rasa ikan sapu-sapu baru baru ini,positif
pleco memiliki ukuran yang cukup besar belakangan ini,netral
pleco mulai dimanfaatkan warga sekitar beberapa minggu terakhir,positif
ikan sapu sapu banyak ditemukan di daerah tertentu saat ini,netral
bentuk pleco terlihat menyeramkan baru baru ini,negatif
ikan sapu2 hidup di air tawar,netral
olahan ikan sapu sapu terlihat lezat akhir akhir ini,positif
ternyata pleco enak dimakan belakangan ini,positif
pleco sekarang banyak dicari warga di daerah saya,positif
ikan sapu2 memiliki ukuran yang cukup besar,netral
ikan sapu sapu ditemukan di banyak sungai,netral
ikan sapu-sapu menarik untuk dibahas di daerah saya,positif
ikan sapu sapu sulit dikendalikan populasinya sekarang ini,negatif
saya tidak suka melihat ikan sapu-sapu saat ini,negatif
ikan sapu sapu merusak ekosistem sungai,negatif
ikan sapu2 berkembang terlalu cepat,negatif
pleco berkembang terlalu cepat baru baru ini,negatif
ternyata pleco memiliki nilai jual di daerah saya,positif
ikan sapu sapu menjadi perhatian masyarakat,netral
pleco merusak ekosistem sungai,negatif
ikan sapu-sapu berkembang terlalu cepat sekarang ini,negatif
masih banyak warga takut makan ikan sapu2 belakangan ini,negatif
ikan sapu sapu hidup di air tawar tahun ini,netral
ternyata ikan sapu2 memiliki nilai jual,positif
pleco hidup di air tawar,netral
ikan sapu sapu banyak ditemukan di daerah tertentu akhir akhir ini,netral
ikan sapu sapu membuat habitat ikan lain terganggu,negatif
ikan sapu-sapu merusak ekosistem sungai saat ini,negatif
saya tidak suka melihat ikan sapu-sapu,negatif
masih banyak warga takut makan ikan sapu2,negatif
ikan sapu2 berkembang terlalu cepat akhir akhir ini,negatif
ikan sapu-sapu sedang ramai dibahas tahun ini,netral
saya tidak suka melihat ikan sapu sapu sekarang ini,negatif
ikan sapu sapu berkembang terlalu cepat sekarang ini,negatif
pleco memiliki bau yang tidak sedap,negatif
ikan sapu-sapu menarik untuk dibahas,positif
ikan sapu sapu terlalu banyak di sungai,negatif
ikan sapu2 sering dianggap hama air akhir akhir ini,negatif
ikan sapu2 sering dianggap hama air beberapa minggu terakhir,negatif
olahan ikan sapu sapu terlihat lezat beberapa minggu terakhir,positif
ikan sapu sapu sedang ramai dibahas baru baru ini,netral
ternyata ikan sapu-sapu memiliki nilai jual,positif
ternyata ikan sapu-sapu enak dimakan,positif
pleco memiliki ukuran yang cukup besar di daerah saya,netral
ternyata pleco enak dimakan saat ini,positif
ikan sapu2 memiliki ukuran yang cukup besar sekarang ini,netral
bentuk ikan sapu2 terlihat menyeramkan di daerah saya,negatif
pleco terlalu banyak di sungai sekarang ini,negatif
ikan sapu2 menarik untuk dibahas di daerah saya,positif
ikan sapu-sapu hidup di air tawar saat ini,netral
ikan sapu-sapu bisa jadi makanan alternatif,positif
ikan sapu sapu terlalu banyak di sungai di daerah saya,negatif
ikan sapu sapu banyak ditangkap warga,netral
bentuk pleco terlihat menyeramkan di daerah saya,negatif
ikan sapu sapu terlalu banyak di sungai belakangan ini,negatif
ikan sapu2 sekarang banyak dicari warga belakangan ini,positif
ternyata ikan sapu2 enak dimakan baru baru ini,positif
ikan sapu sapu berasal dari amerika selatan,netral
pleco merusak ekosistem sungai baru baru ini,negatif
ikan sapu sapu mulai sering ditemukan,netral
ikan sapu sapu merusak ekosistem sungai saat ini,negatif
ikan sapu2 berasal dari amerika selatan baru baru ini,netral
ikan sapu2 hidup di air tawar sekarang ini,netral
ikan sapu2 banyak ditangkap warga belakangan ini,netral
ikan sapu2 menjadi topik pembicaraan warga saat ini,netral
ikan sapu-sapu berasal dari amerika selatan,netral
ikan sapu2 mulai sering ditemukan akhir akhir ini,netral
ikan sapu2 mulai sering ditemukan di daerah saya,netral
banyak orang penasaran dengan rasa pleco,positif
ikan sapu-sapu menjadi perhatian masyarakat akhir akhir ini,netral
ikan sapu sapu hidup di air tawar akhir akhir ini,netral
ikan sapu-sapu bisa dimanfaatkan masyarakat baru baru ini,positif
ikan sapu sapu banyak ditangkap warga baru baru ini,netral
masih banyak warga takut makan ikan sapu sapu,negatif
bentuk ikan sapu sapu terlihat menyeramkan tahun ini,negatif
ikan sapu-sapu menjadi topik pembicaraan warga,netral
rasa ikan sapu2 ternyata lumayan enak,positif
ikan sapu-sapu mulai sering ditemukan beberapa minggu terakhir,netral
ikan sapu-sapu berasal dari amerika selatan baru baru ini,netral
ikan sapu2 sedang ramai dibahas,netral
ikan sapu2 banyak ditemukan di daerah tertentu beberapa minggu terakhir,netral
pleco terlalu banyak di sungai baru baru ini,negatif
pleco sedang ramai dibahas di daerah saya,netral
ikan sapu-sapu memiliki ukuran yang cukup besar tahun ini,netral
ikan sapu-sapu banyak ditemukan di daerah tertentu saat ini,netral
ikan sapu2 banyak ditemukan di daerah tertentu tahun ini,netral
pleco bisa dimanfaatkan masyarakat,positif
ikan sapu2 menjadi perhatian masyarakat,netral
pleco sulit dikendalikan populasinya,negatif
ikan sapu-sapu banyak ditemukan di daerah tertentu tahun ini,netral
ikan sapu2 mulai dimanfaatkan warga sekitar sekarang ini,positif
ikan sapu2 sering dianggap hama air saat ini,negatif
masih banyak warga takut makan ikan sapu-sapu baru baru ini,negatif
ikan sapu2 memiliki bau yang tidak sedap,negatif
ikan sapu-sapu banyak ditangkap warga tahun ini,netral
ikan sapu sapu berkembang terlalu cepat belakangan ini,negatif
ikan sapu-sapu menjadi topik pembicaraan warga saat ini,netral
ikan sapu-sapu sering dianggap hama air tahun ini,negatif
masih banyak warga takut makan ikan sapu sapu tahun ini,negatif
bentuk pleco terlihat menyeramkan,negatif
pleco hidup di air tawar tahun ini,netral
pleco sekarang banyak dicari warga saat ini,positif
masih banyak warga takut makan pleco tahun ini,negatif
ikan sapu2 menarik untuk dibahas belakangan ini,positif
ikan sapu sapu memiliki ukuran yang cukup besar,netral
olahan ikan sapu2 terlihat lezat,positif
ikan sapu sapu berkembang terlalu cepat,negatif
ikan sapu-sapu banyak ditemukan di daerah tertentu,netral
ikan sapu sapu banyak ditangkap warga belakangan ini,netral
pleco sedang ramai dibahas beberapa minggu terakhir,netral
pleco hidup di air tawar sekarang ini,netral
ikan sapu2 sulit dikendalikan populasinya,negatif
ikan sapu sapu sekarang banyak dicari warga belakangan ini,positif
ikan sapu2 sedang ramai dibahas tahun ini,netral
rasa ikan sapu sapu ternyata lumayan enak,positif
ikan sapu2 berkembang terlalu cepat baru baru ini,negatif
ikan sapu sapu mulai dimanfaatkan warga sekitar,positif
pleco membuat habitat ikan lain terganggu belakangan ini,negatif
saya tidak suka melihat ikan sapu2 saat ini,negatif
ikan sapu sapu sering dianggap hama air di daerah saya,negatif
ternyata pleco enak dimakan,positif
ikan sapu2 mulai sering ditemukan,netral
ikan sapu-sapu memiliki ukuran yang cukup besar akhir akhir ini,netral
pleco membuat habitat ikan lain terganggu saat ini,negatif
ikan sapu-sapu membuat habitat ikan lain terganggu beberapa minggu terakhir,negatif
ikan sapu sapu merusak ekosistem sungai akhir akhir ini,negatif
ternyata ikan sapu2 memiliki nilai jual tahun ini,positif
ikan sapu-sapu sekarang banyak dicari warga akhir akhir ini,positif
ikan sapu2 mulai dimanfaatkan warga sekitar di daerah saya,positif
ikan sapu sapu sering dianggap hama air saat ini,negatif
olahan ikan sapu sapu terlihat lezat,positif
ikan sapu sapu sering dianggap hama air,negatif
ikan sapu-sapu memiliki ukuran yang cukup besar,netral
rasa ikan sapu2 ternyata lumayan enak tahun ini,positif
ikan sapu2 bisa dimanfaatkan masyarakat belakangan ini,positif
ikan sapu sapu hidup di air tawar di daerah saya,netral
ikan sapu sapu menjadi topik pembicaraan warga,netral
ikan sapu2 terlalu banyak di sungai,negatif
ikan sapu2 bisa dimanfaatkan masyarakat,positif
pleco membuat habitat ikan lain terganggu akhir akhir ini,negatif
ikan sapu2 menarik untuk dibahas saat ini,positif
pleco sering dianggap hama air di daerah saya,negatif
ikan sapu-sapu menjadi perhatian masyarakat,netral
ikan sapu sapu merusak ekosistem sungai belakangan ini,negatif
saya tidak suka melihat ikan sapu sapu saat ini,negatif
pleco sedang ramai dibahas,netral
ikan sapu sapu bisa jadi makanan alternatif belakangan ini,positif
ikan sapu-sapu membuat habitat ikan lain terganggu,negatif
ternyata ikan sapu sapu memiliki nilai jual,positif
ikan sapu2 membuat habitat ikan lain terganggu,negatif
rasa pleco ternyata lumayan enak,positif
ikan sapu2 merusak ekosistem sungai,negatif
ikan sapu-sapu bisa dimanfaatkan masyarakat saat ini,positif
ikan sapu-sapu sering dianggap hama air sekarang ini,negatif
ikan sapu-sapu membuat habitat ikan lain terganggu tahun ini,negatif
ikan sapu-sapu ditemukan di banyak sungai,netral
ikan sapu2 mulai dimanfaatkan warga sekitar,positif
ikan sapu-sapu berasal dari amerika selatan akhir akhir ini,netral
ikan sapu-sapu sulit dikendalikan populasinya,negatif
ikan sapu2 merusak ekosistem sungai beberapa minggu terakhir,negatif
ikan sapu sapu sulit dikendalikan populasinya tahun ini,negatif
bentuk pleco terlihat menyeramkan belakangan ini,negatif
ikan sapu sapu sulit dikendalikan populasinya,negatif
ikan sapu-sapu sekarang banyak dicari warga,positif
ikan sapu sapu sering dianggap hama air baru baru ini,negatif
pleco terlalu banyak di sungai,negatif
ikan sapu-sapu mulai sering ditemukan belakangan ini,netral
pleco memiliki ukuran yang cukup besar,netral
ikan sapu2 sering dianggap hama air,negatif
banyak orang penasaran dengan rasa ikan sapu sapu sekarang ini,positif
ikan sapu-sapu berkembang terlalu cepat,negatif
masih banyak warga takut makan ikan sapu-sapu sekarang ini,negatif
ikan sapu2 bisa jadi makanan alternatif sekarang ini,positif
ternyata pleco memiliki nilai jual akhir akhir ini,positif
ikan sapu-sapu mulai dimanfaatkan warga sekitar belakangan ini,positif
ternyata ikan sapu-sapu enak dimakan baru baru ini,positif
banyak orang penasaran dengan rasa ikan sapu2 tahun ini,positif
ikan sapu2 menjadi perhatian masyarakat sekarang ini,netral
ikan sapu-sapu memiliki bau yang tidak sedap,negatif
ikan sapu-sapu terlalu banyak di sungai tahun ini,negatif
olahan ikan sapu sapu terlihat lezat baru baru ini,positif
pleco mulai dimanfaatkan warga sekitar belakangan ini,positif
ikan sapu-sapu ditemukan di banyak sungai beberapa minggu terakhir,netral
olahan ikan sapu-sapu terlihat lezat baru baru ini,positif
masih banyak warga takut makan ikan sapu-sapu,negatif
pleco berkembang terlalu cepat,negatif
ikan sapu-sapu bisa jadi makanan alternatif sekarang ini,positif
ikan sapu sapu mulai sering ditemukan saat ini,netral
ikan sapu sapu terlalu banyak di sungai sekarang ini,negatif
pleco berkembang terlalu cepat sekarang ini,negatif
ikan sapu sapu merusak ekosistem sungai tahun ini,negatif
ikan sapu sapu terlalu banyak di sungai saat ini,negatif
ikan sapu sapu sering dianggap hama air beberapa minggu terakhir,negatif
ikan sapu sapu memiliki bau yang tidak sedap belakangan ini,negatif
pleco ditemukan di banyak sungai beberapa minggu terakhir,netral
ikan sapu2 membuat habitat ikan lain terganggu beberapa minggu terakhir,negatif
ikan sapu2 bisa jadi makanan alternatif,positif
ternyata pleco enak dimakan tahun ini,positif
pleco sering dianggap hama air belakangan ini,negatif
rasa ikan sapu2 ternyata lumayan enak sekarang ini,positif
ikan sapu-sapu berkembang terlalu cepat belakangan ini,negatif
ikan sapu sapu memiliki bau yang tidak sedap baru baru ini,negatif
ikan sapu sapu bisa jadi makanan alternatif,positif
pleco bisa jadi makanan alternatif belakangan ini,positif
ikan sapu2 bisa jadi makanan alternatif baru baru ini,positif
ikan sapu2 memiliki ukuran yang cukup besar saat ini,netral
ikan sapu2 membuat habitat ikan lain terganggu akhir akhir ini,negatif
pleco hidup di air tawar belakangan ini,netral
ikan sapu2 memiliki bau yang tidak sedap di daerah saya,negatif
ikan sapu sapu sulit dikendalikan populasinya baru baru ini,negatif
banyak orang penasaran dengan rasa ikan sapu sapu belakangan ini,positif
pleco mulai dimanfaatkan warga sekitar akhir akhir ini,positif
ternyata pleco memiliki nilai jual tahun ini,positif
ikan sapu sapu mulai sering ditemukan beberapa minggu terakhir,netral
ikan sapu-sapu mulai dimanfaatkan warga sekitar akhir akhir ini,positif
bentuk ikan sapu2 terlihat menyeramkan,negatif
pleco ditemukan di banyak sungai baru baru ini,netral
pleco mulai sering ditemukan,netral
ikan sapu sapu menjadi perhatian masyarakat baru baru ini,netral
saya tidak suka melihat pleco belakangan ini,negatif
ikan sapu2 sedang ramai dibahas baru baru ini,netral
ikan sapu2 terlalu banyak di sungai belakangan ini,negatif
bentuk ikan sapu-sapu terlihat menyeramkan,negatif
masih banyak warga takut makan pleco akhir akhir ini,negatif
ikan sapu2 sering dianggap hama air di daerah saya,negatif
olahan ikan sapu2 terlihat lezat akhir akhir ini,positif
ikan sapu-sapu hidup di air tawar di daerah saya,netral
ternyata ikan sapu sapu enak dimakan akhir akhir ini,positif
ikan sapu sapu ditemukan di banyak sungai belakangan ini,netral
pleco sulit dikendalikan populasinya sekarang ini,negatif
ikan sapu-sapu bisa dimanfaatkan masyarakat,positif
ternyata ikan sapu sapu memiliki nilai jual sekarang ini,positif
ikan sapu-sapu terlalu banyak di sungai,negatif
ikan sapu sapu berasal dari amerika selatan akhir akhir ini,netral
ternyata pleco memiliki nilai jual belakangan ini,positif
ikan sapu2 banyak ditemukan di daerah tertentu,netral
ternyata ikan sapu2 enak dimakan saat ini,positif
ikan sapu2 hidup di air tawar belakangan ini,netral
saya tidak suka melihat ikan sapu sapu,negatif
pleco banyak ditangkap warga,netral
"Musuh pemancingan juga ikan sapu2, kalau ikan di ngumpul umpan kita gak bakal di makan ikan endemik. Parah pokok nya. Sebel nya lagi pas strike malah dapat ikan itu . Hmb",Negatif
"letak sapunya di mna,kok gak ada ikan sapu2nya",Negatif
Pembasmi ikan sapu sapu itu adalah berang berang raksasa tetapi di Indonesia berang berang raksasa itu tidak ada berang berang raksasa hanya ada di Amazon Amerika Serikat????,Negatif
Ikan yang laain gak ada  lagi kah seperti ikaan nila patin enak itu ?? ikan sapu2 aja,Negatif
Cipok ??,Negatif
"Jalax tebar di senayan, byk ikan sapu2 disana??",Positif
Biawak nya dimakan orang. Ularnya di makan orang. Buaya dimakan orang. Ikan sapu sapu ga ada pemangsanya. Sang pemangsa utama yaitu manusia tidak suka ikan sapu sapu????????,Negatif
Jadi bpk fitriajin ini mencari ikan sapu2 di jual sama tukang bakso.,Negatif
"Kalok dindonesia diinvasi ikan jelek,kalok di Amerika diinvasi ikan mas",Negatif
Di brazil org makan ikan sapu sapu ni .sy ad kawan asli org brazil mereka mkn ikan ni katanya rasa mcm ikan lainnya,Positif
"Lebih baik bersih2 para koruptor dan di kubur hidup2... 

Ikan sapu2 ciptaan Tuhan dia diciptakan dlm keadaan seperti itu, lebih baik di kasih tempat jngn di kubur hidup2",Negatif
"Ada ikan bisa hidup di area situ aja gua kagum.. Dari jembatan skywalk aja dah bau beut, apalagi pas kemarau.",Positif
"Ciri siomay pake ikan sapu"" tuh bau nya amis sedikit bau kaya besi lumpur gitu nah udh pasti tuh pake ikan sapu"" sepengalaman gua beli somay di jkrta . Klu somay yg enak itu klu mau beli di org sunda asli biasanya mereka jujur pke ikan tenggiri biarpun mahalan tpi enak",Positif
Lumayan tuh buat bikin siomay tapi tetep gak abis2 tu ikan sapu-sapu,Positif
"Hal sepele ini sebenarnya, tinggal di beri harga per 1 ekor nya , misal per 1 ekor di bayar 5000 oleh pemerintah. Dalam hitungan bulan akan lebyap., ayolah pemerintah. Masa kya gini aja ga cerdas",Negatif
buaya ditangkepin . sapu2 meraja lela.,Negatif
Wah gila sih ikan sapu sapu buat adonan bakso. Pedagang membahayakan kesehatan pelanggan,Negatif
jadi udah gak mau lagi beli bakso...hueeksss,Negatif
"Buat riset dan penelitian untuk bisa memanfaatkan ikan ini sebagai bahan baku buat makanan ikan,ayam dan bebek.jika ini berhasil insyaallah populasi akan segera bisa diatasi karena setiap hari pasti akan diburu oleh nelayan.",Positif
Yaelah dari jaman baheula gua orok juga itu sapu sapu sudah banyak... Ngapa baru sekarang lu kontenin ????????,Negatif
Apa? Buat bakso???,Negatif
Cocok buat pemula juga 👤🐊𝘼𝙍𝙒𝘼𝙉𝘼𝙂𝘼𝙈𝙄𝙉𝙂⛵👊,Netral
Mainnya mudah dipahami 👤🐊𝘼𝙍𝙒𝘼𝙉𝘼𝙂𝘼𝙈𝙄𝙉𝙂⛵👊,Positif
"udah gak ada,, di makan habis sama jutaan ikan sapu""",Netral
Langganan para pedagang siomay dan bakso 😅😅😅,Netral
Belum ada cara yg benar2 efektif utk mengatasi hama spt itu.,Positif
Suka ambilin buat makanan kucing,Negatif
Lah iya BPK tiri ny bini gue ini,Netral
"Tenang dibantuin sama tukang siomay, tapi elu jangan bilang bilang aja ya",Positif
Mbak kamu keren banget sih,Positif
Itu bukan jaring tapi nama nya jala😅,Negatif
Di daerh kami ikan sapu sapu dijadikan kompos organik,Positif
"Sangat meresahkan y ikan sapu""ini bisa mkan telur ikan lain k yg di mkan telur nya bisa habis ikan lain tu",Negatif
Bukan Ikan sapu2 tapi Manusia sesungguhnya yg mengancamnya,Netral
"Saya mancing disana , seharian ga dapat ikan apa² . Miris bngt !!",Netral
Lawan ikan sapu2 cuma berang2.,Positif
Somay rata2 ikan sapu2,Netral
Konten favorit eh ga nyangka Trans 7 rela nyebur juga demi ngeliput. Keren sih,Positit
Nggk takut ada buaya ya itu,Negatif
"Penangkapan kerang air tawar tolong dikontrol dong, sebagai filter alami sungai",Netral
Emang ikan sapu sapu suka makan ikan?,Positif
Ogah makan bakso ikan sapu2 dah tercemar gtu kalinya 😅,Netral
Emang bisa dikonsumsi,Positif
Apa nga ada buayanya,Negatif
Ahh di jakarta semua kali di penuhin ikan sapu ku lihat didekat untar ada kali pan itu buanyak ikan sapu sapu,Positif
Buat bakso,Negatif
Aduh kak geli bgt lintah,Negatif
Jijik bgt liat ikan sapu sapu,Netral
ngeri ada buaya doank,Negatif
Agar tidak kalah sama tiktok 😂😂,Netral
Lumayan tuh buat bikin siomay tapi tetep gak abis2 tu ikan sapu-sapu,Negatif
"ikan sapu 2x akan mati kalo airnya terlalu bersih kl g percaya coba taruh di aquarium yg bagus filternya dan sering di bersihin, lm2x mt sendiri tuh ikan",negatif
Klo taroh di laut ikan sapu2 mati ga ya?,netral
"Coba di kasih kan pada yg peternakan buaya,harus memotong patil nya🤭",negatif
"Itu ada babi hutan di bawah, fungsinya apa?",negatif
"Sebenarnya sayang2 kalo dibuang. Mungkin bisa dicoba taruh di kolam terpal/beton yg rutin dialiri air, dipuasakan utk menetralkan kandungan loga beratnya",positif
Sapu2 perusak ekosistem ikan lokal,negatif
Buangnya masih dekat air sedang ikan sapu sapu masih tahan hidup di daratan,positif
Mending jadiin buat pakan ternak di hancurin pake mesin penggiling campur dengan dedak kasih ke ayam atau bebek,negatif
"Ikan sapu - sapu daya tahan tinggi, daya tahan seperti kurma dan unta...",positif
Buat pakan ayam telor,negatif
Di mana lokasi,netral
Solusinya pemerintah yang beli dan diolah jadi pakan anjing dan pakan kucing.. kalau ada yang beli pasti banyak orang semangat berburu nya.. Mantap.. ❤,negatif
Logam tidak bisa hilang ditubuh ikan. Jika dimakan sama kita akan berpindah,negatif
"​ @ade_roshadi y begitu bang kalo orang terlalu percaya sama omongan sendiri, padahal simpel daripada melihara yang beracun, ngapain gak nyari di sungai yang belum tercemar limbah",negatif
"Banyak parasit dan bawa penyakit, org juga punya akal pasti punya ide yg sama mau buat pakan ternak, tapi ga bisa lahhh hehehhe",negatif
Ngaruh ga ke ternak yg makan ???takut jadi beracun jg,negatif
Ngacok ini ikan sdh terpapar limbah merkuri terus dibuat kepakan ternak dan ternak ini nnt akan dimakan wuihhhhhh ini namanya double kills keren.......,negatif
yg ada ternak mu mati semua nanti atau terpapar logam berat,negatif
Pakan buaya itu baru betul !,negatif
yg plg aman hnya untuk pupuk tanaman,netral
itu musang,negatif
Expor ke venezuela,netral
"Hama be,,..""'""",negatif
"Bisa jadi kalo pintar mengolah akan jadi punya komoditi yang bagus, misal kotoran dibersihkan sebersih-bersihnya, kulit, daging dan tulang digiling halus, dioven sampai kering dan jadi tepung ikan sapu-sapu kering yang halus, mungkin bisa dibikin siomay, kerupuk, naget, sosis, bakso, ataupun diolah menjadi penyedap rasa semacam Royco, atau barangkali untuk kepentingan medis, atau bahan kosmetik yang bagus sesuai kadar kandungan zat yang ada didalamnya. Sayang aku gak punya kompeten tentang hal itu.",positif
#musnahkanikansapu2 ayo para pemancing sama2 cari sensasi memburu dan memusnahkan ikan sapu-sapu dari perairan Nusantara.,negatif
Sisiknya keras bgt,negatif
Ini ikan enak banget kalau di Amerika di jadi kan kuliner,positif
"Kau mau makan? Saya bikin kan kau makan ? Otak mu di mana itu ikan hama,kalau redevil masih bisa,sapu"" kok di bikin sosis orang kalau kurang edukasi begini,harusnya kau yg perlu di ajarin biar pintar",negatif
"​ @pitoyoa.n.h1641 cek foto profil nya sumpah bikin emosi, sosis sapu sapu",negatif
Bisa dimakan tapi masuk rumah sakit,negatif
"mau di olah mau gimana juga mengandung logam berat sama merkuri.
 makan aja sama pala lo.",negatif
Dagingnya mengandung merkuri kao mau makan tak?,negatif
inilah salah satu manusia yg di beri otak tapi tidak tau cara menggunakan otak itu bagaimana..?!,negatif
"Kayak nya lebih pintar anda buktinya ngasih masukan yang menyesatkan, kalo anda pintar ngapain nyuruh orang lain, mending lu olah sendiri",negatif
"Kolam ikan ternak kemasukan sapu2, 3 tahun kemudian ikan ternak hilang sisa ikan sapu2",negatif
Berarti klau kita makan ikan ini kita jadi kuat dong gitu aja logika nya berarti bisa jadi obat,positif
ikan sapu sapu itu banyak proteinnya bagus buat dikonsumsi tiap hari,positif
Dilihat dari bentuknya aja ngeri apa lgi untuk dimakan 😅,negatif
Ikan lainpun sebenarnya sama bahayanya jika hidup diperairan yang mengandung limbah,netral
"Udh olh jdi tepung ikan aja untuk ternak,, pasti ada manfaat ny untuk manusia kok 😂😂makan ikan mujaer aj enk😂😂😂",positif
"Wait, ada tuh yg makan 🗿 durinya aja di mkan",negatif
Sama halnya dengan Kerang ijo aja bisa membawa bakteri atau parasit serta menyerap polusi laut. Gua kena alergi ruam mual pusing pas makan itu. Tp untuk beberapa orang kayana masih bisa makan y tergantung daya tahan tubuh mungkin. Untuk keamanan mending cari makanan yang lain,negatif
"Makanya para pejabat negara dan para anggota DPR dan MPR presiden dan wakil presiden dan keluarga besarnya jangan terus menerus maling uang hak jadi rakyatnya kelaparan, jadi sejahterakan seluruh rakyatnya di Indonesia itu Amanah dari ALLAH SWT, jadi jalan satu-satunya di Indonesia laksanakan syariat Islam yang secara keseluruhan yang ada dalam fir'man ALLAH SWT yaitu Al-Qur'an dan hukum Pidana ALLAH SWT atau hukum Qisas supaya ada efeknya jera pada seluruh manusia dan rakyatnya menjadi kaya raya sejahtera di jamin keamanan dan keperluan hidupnya selamanya janji ALLAH SWT dan Rasulullah-RosulNYA paling benar dan nyata buktikan di dunia dan di Akhirat nanti atau bertobatlah kepada ALLAH SWT dan kembali ke agama Islam yang secara keseluruhan sebelum ajal malaikat maut menjemputnya, Dan ingatlah pertanggung jawaban besar di hadapann ALLAH SWT apa yang di Amanahkanya supaya melaksanakan syariat Islam yang secara keseluruhan pada para ulama dan para ustad dan presiden dan pengikutnya atau bertobatlah kepada ALLAH SWT dan kembali ke agama Islam yang secara keseluruhan sebelum ajal malaikat maut menjemputnya",negatif
Makan aja yang penting rakyatnya tidak kelaparan darurat ingsya ALLAH aman,negatif
"Tergantung habitat-nya.
 Anggep aja Salmon tinggal di got, lu mau makan? Simple",netral
"Ikan sapu-sapu bisa diolah menjadi makanan,somai, kerupuk mentah dll 
 Sudah sejak tahun 70 an, nggak papa kok aman",positif
"Ikan sapu-sapu tu kek ikan lain , dia beracun tergantung perairan yang di tinggalinya, di Brazil sapu sapu umum banget di olah jadi makanan karena di sana warga/rakyat nya g buang sampah dan limbah sembarangan ga seperti negara ini, mirip seperti lele lah",netral
Mana ada enak kok gk ada masalah belut juga hidup di tempat kotor enak juga,positif
"Sungai kami masih asri, ikan ini enak rasanya",positif
Baguslah sungai kami mah kayak air Milo🗿,positif
tergantung sungai nya kalo bersih sih gpp,negatif
Apa krn itu dia dinamakan ikan sapu2.. buat bersihin lingkungan dr timbal berat dan merkuri,negatif
"Bisa jd salah satu solusi pembuangan limbah dapur..bagi yg suka makan ikan,ayam ,daging, limbah nya bisa buat makan ikan sapu2..🤔🤔.. ikan sapu2 mudah dipelihara, krn daya tahan hidupnya tinggi.. taruh digalon seperti ternak lele... klau udah besar bisa dikonsumsi bagi yg mau..😅😅",positif
"Kalau sdh jadi daging dlm tubuh ikan, timbal sdh otomatis hilang, bilapun ada biasanya terpisah dari daging tubuh ikan,. Jadi kalau mau makan daging ikannya, sy rasa aman",positif
Ikan peliharaan full kimia,netral
Ama Bang Kalo Di Sungai Amazon,negatif
Blm di temukan orang mati dan sakit parah akibat makan ikan sapu-sapu. Ada yang pernah dengar ?,negatif
Jual ke Amerika auto kaya,positif
PERSAINGAN KETAT ANTARA LELE..GABUS...DAN SAPU2.😅😅😅😅😅😅,netral
"konsumsi ikan sapu2 
 harus liat kondisi air sungainya yah.",positif
Ikan ini di daerah aliran sungai amazon mlahan jd kuliner khas daerah sna. Kerang ijo jg sma bahayanya karna sifatnya menyaring air hingga akumulasi limbah byk d tubuhnya. Gw lgsg muntah2klo mkan kerang ijo,positif
Sebenarnya boleh dimakan kalo dia tinggal di habitat yang bersih dan hasil budidaya,positif
Muntahh,negatif
Aku makan enak,positif
"Ya kalo makan sesekali buat obati rasa penasaran mah keknya amane deh ,soalnya aku juga pernah makan dan masih aman.cuma pas ngilangin kotoranya wuih baunya wuekkk 😄",positif
Buntal yg ada racun jugak dmakan,negatif
Bro ikan itu makan alga bukan kotoran kan?,negatif
Enak kaga keras iya 🗿,negatif
"Iwak tempel watu, Aq sering makan waktu tinggal di desa 25 tahun lalu, n gk trjadi apa2, mungkin lbh spesifik. Lg ikan sapu2 yg tinggal. Di sungai2 di kota2 besar",positif
"Walau ikan jenis lain masih bnyak yg lebih aman dikonsumsi, tapi ikan sapu-sapu juga layak dikonsumsi. Aku pernah makan, warna dagingnya yg merah mirip ikan tuna",positif
Ciri2 SDM RENDAH orang satu ini.,negatif
Predator alami ikan sapu2 adalah tukang siomay. Lepasin aja tukang siomay di kali yang banyak sapu2nya. Sebentaran bersih.,positif
"Ikan sapu-sapu aman dikonsumsi asalkan berasal dari perairan yang bersih, mengalir, dan bebas polusi/limbah. Karena ikan ini bersifat penyerap zat berbahaya, hindari ikan dari sungai tercemar yang berpotensi mengandung logam berat tinggi. Pengolahan harus benar-benar matang, mengingat kulitnya tebal dan bagian yang bisa dimakan sedikit. 
 
 Berikut adalah detail syarat dan poin penting terkait konsumsi ikan sapu-sapu:
 
 Sumber Air: Wajib hidup di ekosistem yang bersih atau hasil budidaya, bukan dari got, saluran air limbah, atau sungai yang tercemar sampah industri/rumah tangga.
 
 Kandungan Logam Berat: Ikan sapu-sapu dari perairan kotor dapat mengakumulasi merkuri dan logam berat lainnya yang berbahaya bagi kesehatan manusia, seperti menyebabkan kanker atau gangguan ginjal.
 
 Risiko Kesehatan: Hindari mengonsumsi ikan sapu-sapu dari perairan kotor karena risiko keracunan, gatal-gatal, dan masuknya zat beracun.
 
 Pengolahan: Pastikan ikan diolah dengan matang sempurna untuk mematikan parasit atau bakteri.
 
 Bagian yang Dimakan: Bagian yang layak konsumsi sangat sedikit karena kulitnya tebal dan kepalanya besar, lebih banyak dimanfaatkan sebagai tepung ikan atau pakan ternak. 
 
 Secara umum, ikan sapu-sapu aman dimakan selama hidup di lingkungan yang terkontrol (bersih",positif
"Bohong, ikan gak akan mengandung racun. Ini pembodohan China karna mereka tau manfaat ikan sapu2 yang baik bagi kesehatan",negatif
Aku makan ikan sapu sapu,netral
makan sapu sapu di pasar sugai kotor,negatif
Sekilas olahan daging ikan nya kayak tongkol ya,netral
Dijadiin menu mbg kayaknya cocok nih ( makan beracun gratis ) 😅😅😅,negatif
Yang makan kaya ga pernah diajari ga semua hewan bisa dimakan,negatif
"Nggragassss,orang lain ikan Nila aja gak doyan dan menjijikan katanya,apalagi ini ikan Sapu2 kok dimakan.",negatif
"Brati bukan salah ikanya dong, salah org yg mengotori sungai, Brati bukan ikanya yg gk boleh dimakan, melainkan harus selektif, klo dpt ikan sapu sapu di tempat kotor ya jangan dimakan, klo di sungai yg bersih ya Brati boleh boleh aja dimakan..",negatif
"Saya udah pernah makan, rasanya aneh",negatif
Untung aja aku belum makan ikan sapu-sapu yang itu kalau aku makan mah bisa-bisa meninggal kocak😂😂,positif
Di tempat ku namanya ikan kapal atau empak kapal,positif
Pantesan ikannya kotor kerana namanya sapu,negatif
Untung aja belom makan ikan sapu sapu😅,netral
Aman krn racun terserap oleh kulitnya..asal jgn makan kulitnya ja lg😂,negatif
Kalo sapu sapu dari telur sampai gede tapi hidupnya d akuarium?,negatif
"Sy malah mikir, ikan sapu-sapu adalah kecoa dalam wujud ikan. Apalagi sama-sama invasif, susah dibasmi, daya tahan tinggi, dekat dgn hal-hal bernuansa kotoran, beracun. Jadinya, kalo ada orang yg makan sapu-sapu, malah kepikiran kalo dia lagi makan kecoa.",negatif
Buang aj ikan itu ke lava kalau bahaya di konsumsi,negatif
masak sihh gw makan aja masih hidup,negatif
Bisa-bisa keracunan itu mahh 😱,negatif
Nggragasss 🤔,negatif
"Setuju banget, ini lebih ke permasalahan lingkungan ya❗tapi yakin mau konsumsi ikan beginian 😳",positif
😂 coba bisa di jelasin rasa anehnya seperti apa?! 🤣,negatif
"Warna dagingnya kaya daging kambing, bukan seperti daging ikan pada umumnya, rasanya aneh, bukan seperti rasa ikan air tawar, rada² rasa ikan tongkol gitu, pokoknya aneh, gak mau makan lagi saya 😭",negatif
Wkwkwkw... Tapi masih banyak yang di perdebatkan tentang ikan yang satu ini sebenarnya aman gaksih❓❗🤔🤔,positif
Wihhh... Gokil❗KLO boleh tau daerah mana kak❓,positif
Kalo yang bersih namanya ikan apa?,negatif
Emang sempat kepikiran ingin mengkonsumsi nya,negatif
Sungguh teori yang tidak berdasar sama sekali ❗,negatif
Silahkan saja kalau tujuan nya untuk di konsumsi gak jadi masalah!,positif
"Iya sih,tapi semua orang mempunyai persepsinya masing-masing cara meng Implementasikannya tentang ikan yang satu ini , sungguh kontrovesial bayak perdebatan nya ada yang bilang aman untuk dikonsumsi ada pula yang bilang berbahaya jika di konsumsi. Saya pribadi sih gak makan ikan yang satu ini, masih banyak ikan lain yang mungkin aman untuk dikonsumsi manusia.",negatif
Kalo hewan laut yang mirip kecoak mah itu Udang,positif
"​ @Netral_jalansolusi salah, hewan darat yg mirip udang itu kalajengking",negatif
"Ikan sapu-sapu aman dikonsumsi asalkan berasal dari perairan yang bersih, mengalir, dan bebas polusi/limbah. Karena ikan ini bersifat penyerap zat berbahaya, hindari ikan dari sungai tercemar yang berpotensi mengandung logam berat tinggi. Pengolahan harus benar-benar matang, mengingat kulitnya tebal dan bagian yang bisa dimakan sedikit. 
 
 Berikut adalah detail syarat dan poin penting terkait konsumsi ikan sapu-sapu:
 
 Sumber Air: Wajib hidup di ekosistem yang bersih atau hasil budidaya, bukan dari got, saluran air limbah, atau sungai yang tercemar sampah industri/rumah tangga.
 
 Kandungan Logam Berat: Ikan sapu-sapu dari perairan kotor dapat mengakumulasi merkuri dan logam berat lainnya yang berbahaya bagi kesehatan manusia, seperti menyebabkan kanker atau gangguan ginjal.
 
 Risiko Kesehatan: Hindari mengonsumsi ikan sapu-sapu dari perairan kotor karena risiko keracunan, gatal-gatal, dan masuknya zat beracun.
 
 Pengolahan: Pastikan ikan diolah dengan matang sempurna untuk mematikan parasit atau bakteri.
 
 Bagian yang Dimakan: Bagian yang layak konsumsi sangat sedikit karena kulitnya tebal dan kepalanya besar, lebih banyak dimanfaatkan sebagai tepung ikan atau pakan ternak. 
 
 Secara umum, ikan sapu-sapu aman dimakan selama hidup di lingkungan yang terkontrol (bersih",positif
"Sebenarnya ikan sapu sapu bisa aja dimakan asal di rawat di kolam yang bersih anti kuman dan bakteri makanan nya juga sehat, soalnya di Amerika,Vietnam,china itu tuh mereka rawat baik terus di jadikan bahan makanan untuk manusia rasanya enak",positif
"Anda salah, diluar negeri ikan ini tuh jadi kuliner dan hidup disungai bersih. Mampu bertahan disungai kotor bukan berarti ga bisa hidup di sungai bersih.",positif
klo saya malah miripnya sama tikus karena hitam pekat bedanya ga punya bulu,negatif
mana geli juga liat sisiknya ikan sapu2 bercorak gitu,negatif
"Salah bro.. ikan sapu2 bukan asli indonesia bro.. kalau di luar negeri ikan sapu² bisa dikonsumsi..salahnya ikan sapu² hidup di indonsia bro, dan dia dijadikan kambing hitam katanya invasif lah, hama lah, merusak ekosistem lah 😂😂😂😂😂 ke unggulan ikan sapu² bisa hidup air yg minum oksigen, tercemar dan kotor, beda sama ikan lokal. Makanya sering di anggap hama. Padahal gak seperti itu..gue gamau ngomong panjang lebar, mending loe riset aja sendiri 😂😂",negatif
Ouh gurihnyo....kata Dede inoen😊,positif
😳😳😳,negatif
Boleh review rasanya seperti apa ❓😱,netral
Enak bgt cok sumpah kek pari,positif
#ERROR!,positif
Berarti kalau yang dibudidayakan aman dong dimakan,negatif
Kalau di tempat gw mah dia di Tarok di waduk dan terus di Budi daya kan dan EMG makan lumut sama batu² keras,positif
Bisa bang asal ngopahnya bener...gua pernah makan emng rasa dagingnya pulen banget enak pokonya...tapi harus di rebus dulu selama 1 jam / 2 jam untuk menghilangkan kotoran dan racun nya Alhamdulillah sampe sekarang saya sehat bang,positif
Di daerahku itu namanya pembersih kaca,positif
Ada yg jual buat pakan ternak terus ternak nya gimana itu masih aman gak di konsumsi,negatif
ah mang eak kakek gua sehat walafiat tuh makan ikan sapu-sapu bahkan jadi makanan favorit kakek saya Alhamdulillah masih sehat,positif
"Kalo pengen tahu rasanya,,, rasa dan teksturnya itu seperti ikan pari,, 
 Jika bisa ngolahnya aman kok,, sama halnya ikan buntal,,",positif
Kolo makan logam nya langsung gimana ya ☕🗿,netral
Hama itu pengen banget ada pemberantas ikan sapu sapu soalnya hama banget buat sungai sungai ikan ikan kecil jadi ke ganggu,negatif
Jadi tergantung darimana ikan itu berasal,netral
Kalo semisal di budidaya di tempat yang bersih apakah masih aman jika dimakan,negatif
aku pernah makan dulu bg tapi proses masaknya gak gampang😅,negatif
"Selain itu durinya banyak, kalau nggak salah ya",positif
Aman bg. Gw aja sering makan,positif
"Real min, mau ikan apa aja kalo udah hidup di air kotor pasti bahaya",negatif
"Ewh gw nggk pernah makan tapi teman aku pernah Coba Ikan sapu"" dia aman aja soal nya ikan peliharaan dia",positif
Untungnya aku belom pernah makan ikan ini sejak lahir😅,positif
di daerahku ada yg budidaya di kolam terpal mas untuk di ambil telurnya dan hasil telurnya bisa di jual untuk para pecinta pemancing,positif
"Ihh... Makin gak minat, konsumsi ikan ini 😳",negatif
Iya... Sih❗ tapi yakin masih mau konsumsi ikan ini,negatif
"Waduh...😱 Inikan spesies ikan invasif, yang mengancam ikan-ikan lokal.",negatif
Coba jelaskan gimana cara ngolahnya.? Gimana cara ngilangin mercuri & logam berat yg ada di dagingnya. Coba jelasin.! Jangan omdo.,negatif
Alhamdulillah kalau kakeknya sehat. Mungkin ikan sapu-sapu yang dikonsumsi dari perairan bersih.,positif
"Saya udah pernah makan sekali, rasanya aneh 😂",negatif
🤣🤣 Coba jelasin rasa aneh nya seperti apa❓😅,negatif
Coba jelaskan gimana cara ngolahnya.? Gimana cara ngilangin mercuri & logam berat yg ada di dagingnya. Coba jelasin.! Jangan omdo.,negatif
"​ @mohamadrofii6911 ""jika bisa ngolah nya""",netral
"Masih enakan pari bang, saya udah makan ikan sapu² soalnya",positif
Kamu kupas rasanya enak bukan ikan pari,positif
Daging nya merah,negatif
"Iya betul banget bang, semoga ada solusi terbaik untuk mengendalikan populasi ikan sapu-sapu ini 🙏",positif
"Iya jika emang dari perairan bersih bebas dari limbah, ya silahkan kalau mau di konsumsi",negatif
"Kalau tujuan nya di budidaya untuk di konsumsi ""kayak"" nya aman. Setau saya paling dagingnya untuk campuran umpan mancing biasanya bau amis nya itu loh agak lain😱",positif
Rasanya gimana 😅 bisa di jelaskan ❗,negatif
​ @TebuSea kalo menurut aku sih dagingnya cenderung mirip ikan lele bang kalo menurutku ya,positif
Lanjutkan bro. Sering2 aja makan ikan sapu2 kalo bisa yg dr perairan kotor. Nanti lihat hasilnya 10thn kedepan.,negatif
Lele bg🗿,negatif
"Setuju, kuncinya ada di habitatnya 👍",positif
Efeknya itu terlihat dlm jangka panjang jika sering mengkonsumsi ikan yg sudah terkontaminasi merkuri/logam berat lainnya.,negatif
lah somay kan dri daging sapu²,positif
​ @black-y8z iyakah tau dari mana?????,negatif
​ @black-y8z sok tau lu,negatif
"ENAK LO NON,,,,",negatif
gk suka makan ikan,negatif
kan nama nya juga ikan sapu² kan bisa bersehin racun,positif
Pasti anda gak sadar banyak sebagian penjual yang jual makanan kaya bakso atau gorengan ikan daging ikan sapu sapu di cincang kecil kecil di kasi bumbu sedap,positif
Wihh... Keren dari ikan invasif 'hama' menjadi ladang cuan mantap 👍,positif
Waw aku suka ini karena bisa diternak atau bisa menjadi ladang itu sangat bagus sekali terus di jual bisa cuan !! 😓😓,positif
Tapi yg di makan bukan racun nya kan,positif
"​ @UdinAsep-w5w Ikan sapu-sapu aman dikonsumsi asalkan berasal dari perairan yang bersih, mengalir, dan bebas polusi/limbah. Karena ikan ini bersifat penyerap zat berbahaya, hindari ikan dari sungai tercemar yang berpotensi mengandung logam berat tinggi. Pengolahan harus benar-benar matang, mengingat kulitnya tebal dan bagian yang bisa dimakan sedikit. 
 
 Berikut adalah detail syarat dan poin penting terkait konsumsi ikan sapu-sapu:
 
 Sumber Air: Wajib hidup di ekosistem yang bersih atau hasil budidaya, bukan dari got, saluran air limbah, atau sungai yang tercemar sampah industri/rumah tangga.
 
 Kandungan Logam Berat: Ikan sapu-sapu dari perairan kotor dapat mengakumulasi merkuri dan logam berat lainnya yang berbahaya bagi kesehatan manusia, seperti menyebabkan kanker atau gangguan ginjal.
 
 Risiko Kesehatan: Hindari mengonsumsi ikan sapu-sapu dari perairan kotor karena risiko keracunan, gatal-gatal, dan masuknya zat beracun.
 
 Pengolahan: Pastikan ikan diolah dengan matang sempurna untuk mematikan parasit atau bakteri.
 
 Bagian yang Dimakan: Bagian yang layak konsumsi sangat sedikit karena kulitnya tebal dan kepalanya besar, lebih banyak dimanfaatkan sebagai tepung ikan atau pakan ternak. 
 
 Secara umum, ikan sapu-sapu aman dimakan selama hidup di lingkungan yang terkontrol (bersih",positif
mercury nya dari mana,negatif
Satu tetes merkuri kalian bisa ke hospital,netral
Racunnya bisa di ilangin gak ya 🤔,negatif
hoak buktinya aku masih hidup aku sering makan ikan sapu sapu,positif
"Tak apa 3 atau 5 hari ikan sapu tampung lebih dahulu dalam wadah yang sering ganti airnya macam kami orang awam tampung siput dari sawah atau kali walau kotor sama sebelum di masak , ?❤.ok! ..",negatif
Dari perairan yang tercemar Limbah.,negatif
"Balik lagi tergantung habitat nya, jika ikan nya hidup di perairan tercemar 99% ada timbal / merkuri nya , sebaliknya kalau hidup di perairan yang bersih ya ""kemungkinan"" aman.",positif
"Bisa,,,difilter airator pkai air bersih,,ditongseng enak kaya dging B2 tapi digoreng 1/2matang baru diokah😅😅",positif
"kalau sungai nya gak ada limbah ya aman"" aja",positif
"Jika Menyimak video nya dengan teliti pasti, gak akan ber statement seperti ini!",positif
Hamaa itu,negatif
itu namanya ikan sapu-sapu,positif
Buang aja kak nanti banyak ikan bertelur trs dimakan😅,negatif
Spesies invasif lagi spesies invasif lagi 😮‍💨😮‍💨,negatif
😂😢🤩🤗🤗😭😭😭😭😈,negatif
"Kalau tempat kami ini nama nya ikan batu sebab keras macam batu 🗿
 
 
 Salam malaysia🙏",positif
"Langsung Di Taro Biawak aja A,Soalnya Ikan Sapu Sapu suka makan Telur Ikan Lain dan juga Biawak Predator Sapu2",positif
"HDD ummi
 
 
 
 Html ttreqewrroollljkhjhggfsfdsaZxmbnmmnbbvccxxzz MAMPU IJINGHHJIJUJIKIJ TLKKKLPPO KKK
 KKMMOWQRE OOOOOO OPOIUYTREWQ GITUU IHHH INPOO",negatif
Wow ada ikan hama invasif 😂😂😂,negatif
Merinding pas liat bawah kolong jembatan nya😂 banyak bgt buset sapu²nya😂,positif
"kalo kalian sadar , itu mah cuma di depan halaman rumahnya doank soalnya ada pipa di situ 😌😉",negatif
Ikan hama,negatif
Aku sering solat di situ,positif
"Buset, dicampurin koi. 😂",netral
Ambil batu,netral
Ikan sapu sapu hama,negatif
Habis telur ikan lain nanti..wabah2,negatif
"Kalau ikan itu ditempatku namanya ikan pembersih kaca, karena dia suka bersihin lumpur air",positif
Gede tenan eii,positif
Ikan:baru aja di lepas🗿,positif
iyaa Bener ikan sapu-sapu tuh hamaa 😢,negatif
​@BintangWibowo-vu8mtitu hama invasif kan ikan sapu sapu itu asli nya dari Amerika Selatan/Amazon dia di jadikan ikan hias untuk membersihkan lumut tapi dia juga sering memakan telur ikan asli Indonesia yang lama lama membuat ikan lokal punah,negatif
"iya bener , besar-besar juga tuh sapu-sapu nya 😂",negatif
itu ditempat Wisata kaka 😅,negatif
Betul banget kaka ikan sapu-sapu itu hama,negatif
Kapan menjaring koruptor dijadikan gerakan massal ya????? Pasti seru dan menarik rakyat untuk ikut secara suka rela,positif
Ayo gubernur turun kesungay ambil ikan sabu sabu kaya KDM turun kegot 👍👍👍👍👍,negatif
"Menurut artikel yang saya baca, ikan Sapu-sapu adalah ikan yang sangat kuat walaupun di daerah dengan tingkat pencemaran ekstrim, dengan dominannya ikan Sapu-sapu di wilayah Jakarta memberi tanda alarm bahwa pencemaran yang cukup tinggi, bukan karena ikan Sapu-sapu yang invasif, melainkan ikan lain mati karena pencemaran yang ekstrim.",positif
"nyatakan perang basmi itu , bukan ikan sapu sapu pak gub, tapi perang /basmi itu, para koruptor, para preman, para gelandanga, para fakir miskin untuk disejahterakan, itu baru ide brilian, kalau gub basmi ikan sapu sapu dengan uang apbd, ya dikorupsi lagi .... hadeuuuh pemikiran konyol",negatif
Sudah berpuluh tahun..ikan sapu2 hidup dimana2..kok baru kli ini da Gub.yg merasa peduli..ape kurang kerjasn ente...gk jlas,negatif
ADA ANAK BUAYA NYA,negatif
"Maaf nanya, Apa air sungainya hitam itu jg penyebabnya ikan sapu²??
 Kl iya, wah sangat berbahaya sekali ikan itu seperti koruptor aja.",negatif
"Sy udah liat ikan ini 6 bulan lalu di sebelah PI dan bingung 😂
 Telat deh pemprov dna pemerintah ga bisa mencegah tapi selalu memperbaiki yg rusak",negatif
🍀Musibah bagi sebagian tukang SIOMAY yg bahan dasarnya salah satunya ikan SAPU SAPU. Nanti harga SIOMAY meLONJAK NAIK. Akibat ikan SAPU SAPU dibasmi di Kali CILIWUUNG,negatif
Para koruptor gak malu mono mono,negatif
"IKAN SAPU2 DI BERSIHKAN YANG TIDAK PENTING ⁉️ KENAPA TIDAK BERSIH2 TIKUS2 YANG ADA DI GEDUNG DPR, BUKANKAH ITU YANG SANGAT BERBAHAYA UNTUK UMAT MANUSIA⁉️ PRETTTT GUBERNUR BOTOL DI PILIH⁉️",negatif
"Ini lagi,, pejabat yg ga jelas,,dia tidak menggangu kalian,,kenapa kalian usil,,pada mahluk tuhan,,yg tidak pernah korupsi,,yg suruh makan ikan,kelening servis,siapa?",negatif
Gubernur sapu sapu,netral
"Kalok TDK pande menari,jangan bilang lantainya yg TDK rata,kesalahan adanya di kalien bukan di habitat yg Laen ....mikerrrr🤯🤯🤯🤯",positif
"Di kampung saya ikan sapu"" Itu di komsumsi oleh warga apalagi untuk dorongan minum tuak di lapo 😂😂😂",positif
"😂😂😂😂😂😂ikan di urusin kg ada yg lebih apa
 😂😂😂😂😂😂",negatif
Bukan ngurusin ikan sapu sapu tapi urusin banjir boooossss.. kurang krjaan,negatif
"normalisasi bukan naturalisasi ini baru benar..
 ..",negatif
Anggarannya???,negatif
"❤❤🎉
  ikan sapu sapu+rumput aLang2, suket tanaman Liar jaLan Raya digiLing haLus buat pakan ternak pupuk urea organik pupuk kompos buat pakan orang penjara buat hidangan tahanan unggas burung ayam dLL",positif
"❤❤ ikan sapu sapu+rumput aLang2, suket tanaman Liar jaLan Raya digiLing haLus buat pakan ternak pupuk urea organik pupuk kompos buat pakan orang penjara buat hidangan tahanan unggas burung ayam dLL",positif
Di kasi tubaa saja biar ikan nya itu mati semua,negatif
kalau udah terkumpul di masak buat para pejabat 😂😂😂😂,negatif
"Apakah ikan sapu - sapu halal di makan, apakah berbahaya di konsumsi ?",negatif
😂😂😂bener itu ikan sapu2 harus di musnahkan sebab mengakibatkan banjir 😂😂😂,negatif
"Ikan sapu di basmi, tolong tu pramono di kasih gelar pahlawan, ikan di basmi, emang ngak ada kerjaan yg lain, ikan sapu2 ama pramono sama2 makhluk hidup, bedanya ikan sapu2. Ngak punya oTAK ,",negatif
Tinggal Pemda DKI siap membeli ikan nya. Warga tanpa di komando pasti akan di serbu karena biar sedikit ada pemasukan buat di rumah,negatif
"Wkwkwk ikan sapu"" diberantas 
 Macet ,banjir pak Pramono 
 Di dahulukan 
 😂😂😂",negatif
"Pak yg dibersihkan bukan ikannya yg didahulukan pejabatnya, baru ikanya",negatif
Memfitnah ikan merusak dinding,negatif
kasihan ikan sapu sapu,negatif
"tumben pinter pram ceunah nya,,,,",positif
Ya lumayan keluar jg anggaran..ap gk ad acara lain,negatif
Yg seneng tukang somay dah..😅😅😅,positif
Gubrnur kerjanya nyari ikan sapu sapu..padahal ikan sapu sapu kan makan baktery kali..masih ada kerjaan lain kali emang ikan mengganggu ..semua ada kelebihannya masing masing.parah rakyat gak di urusin ikan sapu sapu di urusin..,negatif
Biaya pasti milyar ran😂,negatif
Sya suka ikan sapu sapu di rendang enak,positif
"Tidak sia sia usaha bang arief pemerintah butuh orang"" seperti dia, sebab baru ada tindakan dari pemerintah setelah adanya upaya edukasi berbulan"" , pemerintah baru sadar 😂😂",positif
Disapu aje sungainya biar bersih .,negatif
"Nggak ada kerjaan ,",negatif
"Dinding/ Tanggul Sungainya Rusak karena Bahan Bakunya di KORUPSI RAME² jadi wajar Klo cepat roboh. Lawak Banget Klo sampe Nyalahin si Ikan Sapu² ( Ayo Sapu Bersih semua koruptor di DKI, itu baru 👌🏻)",negatif
yg lain sibuk basmi pungli.. ini basmi sapu2,negatif
PRAM/DUL .... BERAPA MILYAR PROYEK IWAK SABU2 NIH ??? 😂😂😂😂,negatif
GK penting,netral
"Kalinya di normalisasi Dan perlebar sungainya ,bersihkan sampah biar mengurangi luapan air saat banjir,Itu yg paling utama, bukan ikan.",positif
Pemancing ...bisa bantu tu pak...jadi jangan larang pemancing ya pak,positif
"Ikan di basmi 
 Tikus got tu yang harus di basmi mh sudah jeles"" itu merusak bangsa dan merugikan rakyat itu 
 Cari sensasi membasi ikan wkwwk 😂😂😂 
 Coba basmi tu para koluptor bisa gk kalian lakuan?",negatif
"Betul,lur biasa🥹",negatif
Kan jakarta punya aturan sendiri😂😂😂😂,negatif
Coba dateng dijakarta plototin mata lu pasti ada proyek pengerjaan,negatif
"@l @lekekoklaten5529 gw di mangga dua , gubernur cerdas pasti ngurusin yang urgent dulu di banding proyek ,tanpa harus di pelototin sama siapa pun termasuk gw.
 Masa nanti banjir nyalahin ikan sapu2 kan peak.
 Pada di dukung pulak sama2 peak.",negatif
Bahaya klu dikonsumsi,negatif
Koruptor pak yg harus di bersihkan mah bukan ikan sapu sapu,negatif
Pramono cari kerjaan yg g mutu suka cari proyek,negatif
Instruksi pak ...lebih baik konsen ke makam aja pak untuk rakyat Jakarta sudah susah cari makam untuk yg meninggal terutama di jakarta timur LUBANG BUAYa Cilangkap Jaktim,negatif
Apa gak ada kerjaan yang lain?,negatif
"Level gubernur kok ngurusin ikan sapu sapu, LUCU sepertinya sudah tidak ada kerjaan di dki ini😂",negatif
Siapa orang waras yg mau makan ikan sapu2...bisa aja pak gub bikin2 proyek....😂,negatif
Di setrum saja mudah murah smpai benih÷ nya,positif
"ikan sapu2 di berantas, sampahnya ditambah😂",negatif
Woi koruptor yg perlu di bersihkan bukannya ikan..,negatif
"YE, MANA BEDA CEPAT IKAN SAPU BIAK, MA BIANG KORUPSI BIAKNYE... LHO...",negatif
koq nyalahin bikn sapu-2 kondisi sungai yg rusak tercemar sbg yg tahan ya sapu sapu... Mbulet ae.... Ini yg modalin perusahaan pencemar di sungai...,negatif
Iya bng d plembang juga udah meresahkan,negatif
Sabu sabu lebih bahaya tau,negatif
Ikan sapu2 bermanfaat krna menyaring sampai jdi bening airnya..punten korup sapu2 TPI GK ada yng berani,positif
"Sapu2 mepan disetrum ga sih? Klo lama pakai jala manual, mending disetrum aja. Ikan yg lain dievakuasi dulu ke tambak.",negatif
Bahaya manusia bagi ekosistem sungai,negatif
"Kondisi adanya ikan sapu2 yg lbh menguasai lokal, sama spt keadaan skrg.. lokal tersisih dgn product impor",negatif
Ikan sapu2 itu anggap aja Israel,negatif
"okelah ikan sapu sapu berbahaya....
 tapi ada lagi yang lebih berbahaya yaitu para koruptor duit negara🥱",negatif
Alam mengikuti perubahan. Ketika sungai tercemar logam berat. Disitu alam menyeimbangkan dengan sebab dan akibat. Jadi sapu2 merugikan dan ada manfaatnya jg.,positif
"mau air sungai bersih pun ikan sapu"" tetep bakal meledak populasinya",negatif
gimana kalo diadakan lomba menangkap ikan sapu2,negatif
"Habis sapu bersih ikan sapu sapu,. . .. Saatnya sapu sapu bersih para koruptor. 🎉",negatif
Lbh bahaya para koruptor di Indonesia yg tumbuh subur,negatif
Kasihan ikan sapu sapu di fitnah jadi perusak ekosistem,negatif
"Tp curiga jg ikan"" lain pd mati krna tercemar sungai"" nya tp yg di salahin di kambing hitamin si ikan sapu""",negatif
Pennggemar ikan hias jg harus lebih bertanggung jawab dengan hobinya dgn tidak membuang ikan apapun itu apalagi ikan non domestik apalagi lagi ikan predator ke saluran air atau sungai.,positif
sungai2 di surabaya juga banyak ikan sapu2. temen saya mancing di sungai (jembatan) rolak yang ada cuman ikan sapu2,positif
Udah kyak Hyena ya itu ikan sapu-sapu. 😂😂,negatif
"Barusan liat di berita, sekarung ikan sapu2 dilepas kan di danau toba utk menanggulangi ikan reddevil?
 Bgm kalo nanti danau toba dipenuhi ikan sapu2?",negatif
"Banyak orang pintar di negeri ini, untuk diberantas secara manual amat sulit karna hasil penangkapan tidak sebanding dengan telur yang dihasilkan. Pemerintah harus memberikan dana riset atau penelitian untuk membuat bagaimana caranya ikan tersebut mandul atau bagaimana caranya tidak aktif berkembang biak, dan hasil riset tersebut tidak mempengaruhi ikan lainnya selain hanya berpengaruh pada ikan sapu2. Syaratnya dana jangan dikorupsi yah",negatif
di kampung saya banyak deket gunung salak,positif
"saya punya kolam juga ada ikan sapu sapunya,padahal tidak pernah pelihara ikan itu. blitar",positif
❤❤❤ JARiNG DiSAMBUNG SEMUA JARiNG digabung jaring–JARiNG2 digabungin semua diLempaRkan ke sungai bersamaA²2 habis tu sapu-sapu,negatif
🥰😍JARiNG DiSAMBUNG SEMUA JARiNG digabung jaring–JARiNG2 digabungin semua diLempaRkan ke sungai bersamaA²2 habis tu sapu-sapu,negatif
Ikan sapu2 populer di tukang somay keliling.,positif
"Ohh jadi manusia lolos menjadi "" hama """,negatif
Kaya aseng aceng acong ya. Etnis yang udah kaya polusi populasinya sampe merubah ekosistem warga asli pemilik negara dan kesejahteraannya.,negatif
Sama juga ikan LOHAN bikin rusak perairan Danau Toba terhadap ikan asli disana.,negatif
Buat pakan ternak saja,netral
oke,negatif
bukan nya dulu sengaja di lepas di sungai 😂😂😂😂 sekarang senjata makan tuan😂😂😂😂,negatif
"Ikan sapu- sapu luar biasa, mampu bertahan di lungkungan ekstrem .... kenapa begitu ? di umpamakan seperti unta, kurma, pohon kaktus .. makhluk lain tidak sanggup bertahan hidup dan sudah mati ... tapi, species invasif di anggap berbahaya, tidak di punahkan, tapi di kurangi saja.",positif
"Problem populasinya bisa diatasi dengan menangkap secara massif 
 Tapi problem utamanya adalah kondisi perairan sungai yang buruk ini tidak diatasi percuma, yang bisa berkembang biak di sungai limbah cuma sapu2 , lambat laun akan overpopulasi lagi karena yang bisa memanfaatkan resource di perairan tercemar cuma ikan sapu2 tsb.
 Telusuri asal muasal limbahnya , kalau perusahaan suruh mereka bertanggung jawab , gitu aja simpel",negatif
semangat bang arief,positif
aku akan menangkap semua ikan sapu sapu di RI untuk bahan baso ikan somay dan pempek,netral
Tempo T4i,negatif
"Ikan sapu sapu, ikan nilai yg cenderung rugikan ikan lain bs jd pelajaran. Bahwa ada ikan berwujud manusia yg jg merugikan manusia lainnya. Ada pamangsa n dimangsa.",negatif
"Selamat pagi !! Ijin, bilamana TEMPO media yang netral tolong usut tuntas Longsor Zona 4 TPA Bantargebang yg sesuai arahan Menteri Lingkungan Hidup 2025 yg di sampaikan di media ""harus ada yang jadi tersangka"".",negatif
Menurut saya untuk mengendalikan ikan sapu. Cara paling ideal adalah menghadirkan predator alaminya. Saya temukan di internet predator alami ikan sapu-sapu adalah berang-berang Amazon. Mungkin bisa sih di kembangbiakkan berang2 Amazon sebagai predator alaminya.,positif
Ikan Israel itu dia 😂😂😂😂,negatif
jgn lupakan Aligator gar dan peacock bass,netral
"Jangan hanya pemberantasan ikan kerapu, tpi juga pEmbersihan koruptor gimana ya? Masyarakat yg bisa mengungkap data atau melaporkan koprusi diberi hadiah yg tinggi.",negatif
"Bukan hewan yang paling berbahaya buat ekosistem lingkungan 
 Tapi sampah plastik yang di hasilkan manusia ke lingkungan",negatif
Ikan sapu2..suka.merusak.dingding kolam lama.lama.bendungan.akan.jebol .basmi terus,negatif
"Ppendapat pribadi,..
 Semakin banyak populasi ikan nila di habitat sungai-sungai dekat pemukiman penduduk jauh lebih positif untuk asupan gizi Dan protein gratis,... Ikan sapu-sapu selama ini terbukti hanya membawa dampak merugikan.
 Mengembalikan ikan endemik seperti wader kembali menghuni sungai-sungai terutama yang mengalir di daerah pemukiman penduduk adalah utopia yang tidak realistis.",negatif
"Kenapa banyak orang menganggap ikan sapu-sapu itu hama,, mereka adalah pertanda bahwa kualitas air sungai yang kotor dan tercemar.",negatif
"Di lombok juga banyak ikan sapu2, setiap kita mancing di sungai jarang dapat ikan, ternyata gara2 ikan ini ya penyebab ikan yang lain minim populasi nya",positif
Ikan sapu2 daging nya enak untuk bikin siomay,positif
Kenapa gak ditebar predator nya sapu sapu,negatif
"ini sebenarnya menunjukan bahwa ekosistem di sungai2 di Jakarta sudah tidak sempurna. 
 Kok di negara asalnya (Brazil), ikan sapu2 ini tidak menjadi masalah!?!?",negatif
Setuju sekali. Ikan lain pada mati karena polusi. Ikan sapu-sapu bisa bertahan dari polusi. Jadi masalahnya sebenarnya adalah polusinya.,negatif
"​ solusinya waste management yang baik , sesuatu yang tidak ingin dilakukan pemerintah dan tidak mau dipaksakan kepada pihak2 yang membuang limbah.
 Kalau mau bisa aja kok tinggal ditelusuri upstream bakal ketahuan sumber limbahnya dari mana terutama logam berat, cuma perkara mau atau tidak aja ini",negatif
"​​ @audyhudijana1222 karna di negara asalnya ada predator alami Sapu Sapu, di indo gk ada",netral
"Yang bahaya itu yang buang sampah sembarangan ke sungai , yang buat bangunan di bantaran sungai , yang buang limbah pabrik ke sungai , gak usah lebay berita ikan sapu sapu",negatif
Ikan sapu2 khn pemakan lumut dan kotoran ikan kl di kolam ikan di rmh saya,positif
Kalau di ancurin dijadikan pupuk kompos bisa ga mas?,negatif
"Sungai butek, limbah banyak. Emang bisa hidup ikan lain selain sapu-sapu?",negatif
"BUKAN SALAH IKAN SAPU SAPUNYA..
 TAPI SALAH PEMBUAT PENCEMARAN AIR..
 SEBAB IKAN BIASA ITU BISA HIDUP KALAU AIRNYA ITU JERNIH ATAUPUN BERSIH...
 KALI CILIWUNG SUDAH BANYAK TERCEMAR AIRNYA..
 MANA BISA IKAN NORMAL HIDUP DISANA...",negatif
Heyy antek2 aseng. 😂,negatif
Minimal beresin dulu th samoah nenumpuk kasih akses warga buar jaga.. Bayar.. Bayar.. Mulu...,negatif
"Di aquarium gw ikan sapu2 bermanfaat banget buat bersihkan aquarium gw, dan ikan2 yg lain juga gak berdampak buruk....., yg buruk itu kualitas air sungai jakarta bukan ikan sapu2nya.....",positif
"Lebih bahaya mana bagi kelangsungan hidup manusia & ekosistem... Ikan sapu2,atau koruptor busuk,laknat + biadab",negatif
Ikan sapu sapu bisa dijadikan pupuk atau kompos loh bisa jade duit loh 😊,positif
"mas arif the real influencer,...",netral
"Jman sy kecil th 80an ikut ortu merantau di jkt, sering main² disungai di jkt yg msh lengang, dn saat itupun sdh bnyak ikan sapu² di sungai, mgkn skrg sdh jd pnghuni tetap sungai² jkt😂",positif
pertanyaan dari gus sumbing: kenapa anda terlalu ingin mengembalikan ke ekosistem semula awoakakaka,negatif
"Ikan pembersih kaca k Lo di daerah saya bilang. Entah bisa dimakan atw tidak, tapi dulu ada yg bilang ikan ini beracun jadi didaerah saya gk mau yg mengkonsumsi.",negatif
Ikan sapu-sapu kayak Israel,negatif
"Ikan sapu2 yg disalahin, itu para pejabat korup perusak ekosistem kehidupan bermasyarakat beranak pinak tanpa kontrol, segala ikan sapu2 diurusin...preet..",negatif
Ikan Waduk Cirata juga tercemar logam berat dari sungai Citarum serta air lindi Pusat Sampah terbesar se Bandung Raya,netral
sampai jawa.. ikan sabu sabu ini,negatif
"Itu pemprov DKI berinisiatif membasmi sapu2 malah dikomen sinis 🤣🤣. Padahal daripada dipakai bahan makanan kayak somai, makanan ternak",negatif
Yg lebih membahayakan itu : koruptor sedang bikin program pengalihan isu agar prakteknya aman tnp ketahuan publik !! Makin lama kok makin bodo sih....,negatif
Beda spesiesnya.. yg ini ikan sapu2 yg aslinya dari amazon.. beda ama sapu asli sungai indonesia meskipun namanya sama,negatif
🥹🥹🥹,negatif
mirip israel,negatif
koruptor lbh bahaya lagi. tapi dibiarin,negatif
"Lebih bahaya memusnahkan ikan sapu sapu apa KORUPTOR.
 Ikan sapu sapu dimusnahkan tapi justru ikan koruptor dipelihara, ... Susah sekali nangkapnya ikan koruptor daripada ikan sapu sapu. ,... hanya mengalihkan perhatian 😂😂😂🏃🏃🏃",negatif
pak juliiiii 🫰🏻🫰🏻🫰🏻,netral
"Contoh nyata ""antek - antek asing""",negatif
semoga gak ada yg lepas liarkan araipama gigas dan piranha,positif
.perusak ekosistem sungai itu .bukan ikan sapu sapu.tapi orang yg buang sampah di sungai,negatif
Invasi. Mengusir penduduk asli. Kaya israel,negatif
"sama seperti koruptor koruptor di negeri ini, merusak ekosistem juga",negatif
Yg jadi pertanyaan nya adalah apakah pemerintah daerah yg di lintasi oleh sungai Ciliwung dan sungai Cisadane d sungai lainnya di tebar bibit ikan asli penghuni sungai... Menurut gw si Arif ini sudah ketinggalan informasi & kurang literasi tiba-tiba memberikan informasi ikan sapu-sapu melebihi kapasitasnya di aliran sungai.. gw kecil mulai berenang di kali di daerah kembangan-bojong Rawabuaya 6:00 Jakarta Barat mulai dr tahun 1988.. ikan sapu-sapu dari zaman gw juga udah banyak.. cuma yg jadi masalah adalah pasti di setiap daerah manapun para warga sekitar sungai akan mengambil ikan seperti wader.. ikan baung.. kijing.. laya.. dll nya.. barulah ini yg menjadi ketimpangan pertumbuhan kurang nya peran pemda yg aktif memperhatikan habitat lingkungan di sungai.. seperti menebar bibit yg memang penghuni asli sungai.. intinya itu uang pajak yg dikumpulkan di kas daerah dikemanakan..? Dan menurut gw Arif itu cuma pansos karena dia masih anak kemarin yg gak punya ilmu pengalaman orang yg lahir lebih dulu daripada dia.. faktanya ikan sapu-sapu banyak dicari oleh orang lalu digunakan sebagai bahan pembuatan siomay..,negatif
Ijin posting ulang,netral
Napa gak di jala utk d makan yak? Mang ga bisa d amakan?,negatif
Logikanya kebalik. Karena ekosistemnyalah yg rusak ikan ini hidup.,negatif
Ide yang inspiratif. Pantas dicontoh untuk sungaii sungai lain di Jawa bahkan di Indonesia.,positif
"Sumpah,,, tdnya saya ngak tau tentang jenis ikan sapu² ini.
 Cmn saya sering lihat orang menjala ikan ini dan senang lihatnya karna penjala dapat ikan banyak untuk dijual dan dimakan.
 Ternyata saya salah🙏",negatif
"Danau UI waktu gua kecil tahun 2006 udah banyak ikan sapu sapu bjir , cuma dulu masih banyak udang sama ikan ikan lain , ga tau deh sekarang kaya gimana",positif
"Ikan sapu2 di kali perkotaan kumuh penuh limbah berbahaya itu hama, mengandung radikal bebas, dan perusak permukaan tanah di pinggir kali. Beda dengan ikan sapu2 di sungai jernih di gunung2 itu masih layak konsumsi karena belum tercemar limbah dan masih bergizi.",positif
"Sebaiknya ada inofasi ,,,seperti di jadikan pupuk kompis,atau pelet",positif
BAGUSS VIDEONYAAA❤❤❤,negatif
Tapi klo koruptor dilestarikan,negatif
Pertanda jakarta mau disapu hg habis Krn MBG ga bs stop dan otaknya ada di jakarta.,negatif
Kenapa ikan sapu2 di ciptakan ?,netral
"Kabiar ,telur ikan sapu sapu itukan mahal,disupermkt ,,,",positif
"Ikan penyeibang alam,dari sampah yg mendominasi sungai di mana2",positif
Anak2 suru tangkap di hadiah kan Rp 2000 per ekor..kan bisa buat jajan.kasi masukan bole,netral
Predator alami ikan sapu-sapu di Indonesia itu adalah tukang somay,positif
Aneh... Siapa yang salah.. Siapa yang di bantai.... Kasihan jadi ikan sapu sapu,positif
"Ikan sapu sapu di bersihin sedangkan limbah pabrik yg merusak dan membunuh ikan ikan di sungai di biarin ,tlg pak pabrik dan perusahan yg buang limbah kekali dan saluran air tlg di tertibkan juga",negatif
"Kalau tidak bisa pelihara air ya yg bisa hidup cuma ikan sapu2. 
 Kalau airnya sehat berbagai ikan lokal bisa hidup",positif
Diolah dicampur buat makanan ternak,negatif
Ikan pembersih kaca,netral
"Berikan ke cina,besok udah diolahnya jadi Snack sopu sopu..
 Lezat bebas racun....",positif
"Itu langsung di urug ikan sapu2 bisa hidup dan bikin lobang , seharusnya , dicor samping seperti kolam",negatif
Ikan sapu harus sapu bersih koruptor...,positif
Dibersihkan semua ikan sapu sapu diganti ikan lokal wader pari,negatif
"ikan sapu-sapu harus dimusnahkan 
 karena untuk mengalihkan penanganan sampah yg gk bisa ditangani 😅😅😅",negatif
podo korup Karo sapu sapu,positif
Selamatkan ikan sapu-sapu.,positif
Kasihan ya mereka di kubur pdhl mereka pngen hidup 😊,positif
👗🤔👣 coba makan ikan sapu-sapu 🍿😁,negatif
Kasihan sih lihatnya di kubur idup idup.,positif
"Eh tapikan ikan sapu sapu juga makhluk hidup mereka pengen hidup, dari pada di musnahkan mending di pindahin ke kolam lain terus jadi tempat wisata, kayak di china banyak kucing liar tapi sama mereka di rawat terus akhirnya jafi tempat wisata, di jakarta jg banyak kucing liar kenapa gk kepikiran untuk di rawat gitu jadi tempat wisata kan bagus",positif
Di olah di buat pupuk atau diolah buat mknan bebej,netral
"Mahluk lemah dan tidak berdaya harus di musnahakan,lain dengan hiu tidak ada yang berani musnahkan.",negatif
"Kenapa ikannya di basmi, kan ikannya enak ituu.. dari kecil di tempat saya ikannya jadi incaran buat dijual wet",positif
"PARA KORUPTOR HARUS DIBUAT SEPERTI IKAN SAPU SAPU, DIBASMI HABIS SAMPE KE AKAR2NYA.. KUBUR HIDUP2",negatif
"Ikan sapu2 dimusnahkan dengan sia2 karena dianggap merugikan ekosistem, kenapa tidak diolah dijadikan pakan ternak saja, jadi bisa bermanfaat dari pada dibuang sia2 yg mungkin berdampak pd lungkungan",netral
Semoga sabu sabu juga ...🙄,positif
Seharus jgn di kubur ikan jg mahluk hidup sebaiknya di buang di laut untuk makanan ikan besar,negatif
Kaga bakalan musnah selagi masih ada aliran air dari hulu apalagi ada telur nya..paling yg musnah ibuknya doang,negatif
Gubernur DKI 11 12 dengan anies basedan😅😅😅😅😅,netral
"Ikan TDK korupsi tp dihukum mati dikubur hidup2, besuk giliran koruptor yg dikubur hidup2",negatif
"Ko baru skrg yaa itu tenar di musnakan dulu mah engga ada pembasmian ikan sapu2.
 Tiba2 melonjak drsatik berton ton tu ikan sapu sapu",negatif
KORUPTOR DI PIARA,netral
"dicari ilmunya dong, mosok kita bisa cuma dengan cara menangkap satu persatu gitu",negatif
"Seharusnya yg dibasmi secara massal itu koruptor khususnya yg ada di DKI, mereka bukan hanya merusak ekosistem tapi ,merusak disemua sisi, pengalihan ²seperti ini kami sudah paham,dan sangat mengerti",negatif
Manusia yg mendatangkan ikan sapu2 matinya mangenaskan di makan bangsa ika,negatif
Padahal dagingnya enak di sate,positif
Ikan Sapu Sapu Sudah Di Anggap Serangga. Dan Serangga Wajib Di Basmi. Ikan Sapu Sapu Ibarat BenaLu Berbahaya. Basmi Saja !!!!!!! 🙏,positif
makanan olahan ky bakso pinggir jalan harusnya punya ijin dan diawasi ketat..,positif
Korupsi harus di musnahkan,negatif
Yg harus nyah di musnahkan ituh para KORUPTOR,negatif
"Lah kok d musnah kan?, buat apa yg maha kuasa menciptakan.! Duh ngeri bnr",negatif
"negara aneh bukannya ngurusin rakyat 
 malah ngajak ngurusin ikan sapu2. 
 kebijaksanaan dalam permusyawaratan perwakilan 
 keadilan sosial bagi seluruh rakyat Indonesia. 
 
 gak nyambung blas😅",negatif
Karena kepentingan pedeipe yg bermuatan politik.,negatif
"PRESTASI YANG SANGAT MEMBANGGAKAN
 NENEK LAMPIR PASTI SENANG
 INI CALON PRESIDEN 2029 DENGAN PRESTASI MENYAPU HABIS IKAN SAPU SAPU DARI BUMI JAKARTA",negatif
Mau ngabisin anggaran ajah,negatif
entar jg ada balasannya,netral
Mungkin itu pertanda dari alam betapa cepat perkembangn para koruptor di negri ini yg luar biasa bahayanya untuk segera disahkn UU tentang koruptor agar populasinya tdk semakin pesat,negatif
"Ikan sapu sapu,enak dibikin sosis",positif
jadi giniii yaaa... aduuuh kita tiadaa uang niih.. yuk bikin acaraaa... kita tangkepin itu sapusapu lalu kita dapat uang operasionaal dari kas apbd ..alasan kita bikinbikin deeh..haaa haaa haaa..,negatif
"PEMDA dki jkrt dgn Bangga nya & dgn Gencar Gencar nya mereka membasmi hingga Hampir musnah ikan sapu sapu, tapi... 
 Koruptor & Mafia Birokrasi mereka Pelihara Berkembang Biak dgn Aman.",positif
Jadi pendatang itu jadi perusak ekosistem. Kayak orang betawi yak...,negatif
"Siapa yg mau membela hak ikan sapu-sapu? 
 Siapa yg punya hak memutus hak hidup setiap makhluk?",negatif
Bisa diolah menjadi pakan ternak ....,netral
"Ikan di pikirin, rakyat pada lapar pikirin !",negatif
"Nanti sisa 5ekor jangan dibunuh,kalo dibunuh dipenjara😅karena alesan ikan langka 😂",negatif
NEXT DANAU TOBA 3 tahun mendatang di penuhi sapu²,netral
Buang Sampah saja Masih Sembarangan. Bisa bisanya Sok pelestarian ikan Lokal😂,negatif
DIBUAT PAKANTERNAK KAN BERGUNA,negatif
"Belajar lagi lo,",negatif
Ko bisa ika sapu sapu di jakarta itu siapa yang menebarkan ikan sapu sapu oknum jahat ya itu harus di usut membahaya kan rakyat kadian jahat bangeut ya sabar ok,negatif
kerjaan gak guna!!!,negatif
kasihkan ke pramono sama rano,netral
"Gubernur Dki , punya usaha sampingan buat sejahteraan warga DKI, doi merangkap sodagar ikan sapu sapu..... , abeehhhhh......!!!!😁",positif
waduhhh... siapa yang memasukkan ikan sapu kaca ke danau toba? bisa bahaya ini,negatif
😢,negatif
Karena paling gampang di tangkep ga ada yang beking,positif
Di masak enak g ya..,positif
"ILMUAN OON IKAN MAHLUK TUHAN, MAKANANNYA JUGA DAH DIBATUR TUHAN, DISALAHIN, 😂",negatif
PAKAI OBAT PUTAS INSAALLOH MATI SEMUA...😂😂,negatif
Tidak berprikeikanan !!,negatif
"Saya pemancing pling benci klau ada ikan sapu""",negatif
Ikan asli indonesia apa ya ?,negatif
"Ikan sapu sapu hidup sejak dahulu kala, ekosistem tidak apa apa, yag merusak ekosistem ada lah manusia itu sendiri 😂",positif
Itu lah isarat tuhan .bahwa indonesia harus segera bersih bersih ....dari koruptor dan .ketidak Adilan.,negatif
"Orang mah sibuk bikin jalan bangun jalan, ini malah sibuk nangkepin ikan sapu sapu wkwkwk",negatif
Gubenur gak adh kerjaan aja,negatif
Lumayan ada kegiatan,netral
Podo korup Karo sapu sapu,negatif
Diolah jadi makanan hewan atao ternak pasti bisa dari pada di timbun,positif
Program amatir tidak berguna,negatif
indonesia yg paling terbesar ber agama selalu berdoa sembahyang appun agama nya .tp d takdir kan miskin krn tidak percaya dosa azap. nunggu kiamatt,negatif
"Sebentar lagi jakarta, dapet imbalanya",negatif
"Satu kata, penganiayaan",negatif
Sya sbgai pemancing sangat senang sapu sapu di basmi sampai ke akar,positif
Seharusnya dinasianalkan untuk pemberantasan ikan ini KRNA ...ikan ini tidak ada manfaatnya malah ladihitung 2 malah bnyak merugikan merusak alam sungai dan mengurangi ikan yg enak dimakan....belum dampaknya dikemudian hari....ikan 2 lokal yg bisa dikonsumsi akan hbis KRNA ga bisa brtmbah malah berkurang,negatif
Mono koruptor urus tuh malah ngurus ikan parah,negatif
"Hrs nya action pengabdian kpd daerah di contoh gbnr jbar peduli peka sarpras kali2 dan pengerukn , tempat bertelur dan asuh baby ikan sapu2",positif
skalian tuuh sapu sapu koruptor nya booos...,negatif
G adA kerjaan lagi selin ngerjain ikan sapu2 udah pada koplak,negatif
"yg jd pertanyaan sapu bersih ,basmi para koruptor bisa gak? Lebih penting urus anak anak jalanan di jakarta ,
 Perbnyak lowongan kerja padat karya bisa gk?",negatif
"Ikan sapu-sapu sering disebut pleco atau nama ilmiahnya Hypostomus plecostomus sebenarnya bisa dimakan, coba itu diolah direcah trus kasi ke pakan kolam LELE bagus?",positif
Janganlah dinasmi...,negatif
Maaf ya apakah tidak mungkin dijadikan pakan kucing/ternak lain. Bisa jadi penghasilan penduduk utk mencari n menyetorkannya ke pabrik pakan kucing. Jangan sp jd campuran siomay jadi jijay dengarnya,negatif
"sapu2 muncul byk Krn sungainya memang perlu dibersihkan, bisa diekspor ada peminatnya hihi",positif
Cerita keluarga Wijaya,netral
"Enak bisa dimakan... Dan di jadikan bahan pentol tuna dan merusak bagai mana coba . Ikan itu tidak memakan ikan atau binatang... Ikan itu adalah tanda "" Dari yg maha Kuasa klw disekitar kita ada banyak koruptor yg harus di sapu",positif
Ikan ini suka menginvasi dg agresiv habitat ikan lain... Akhirnya ikan ini di genoside dan di kubur hidup hidup 😅,negatif
"Serius nanya ini. Sapu2 kan bisa bolongi ya, tp ko dikubur dalam hidup2. Ntr dia ngebolongin tanah nya balik lg kesungai gk si?",negatif
Yg hrusnya dibasmi lebih awal sabu2 dgn pemeribtah lakukan sapu2 sampah sepanjang kanal yg tertimbung sampah🤣🤣🤣,negatif
di bersihkan karna tak ada pekerjaan lain selain nangkap ikan sapu sapu. untung warga jakarta tak usah beli ikan gubenur nya giat nangkap ikan,positif
Kasihan ikanya di kubur hidup2 😢,negatif
Kok Menyalahkan ikan yg sdh hidup di alamnya manusia yg salah & serakah,negatif
Tangkap buang kelaut biar mereka hidup apa beracun kah ikan sapu2,negatif
Kejam banget😢,negatif
Apakah ikan sapu2x ini TIDAK ada musuh biologisnya???? Cara YG paling bagus sebenarnya DGN menempatkan musuh biologisnya. KARENA TIDAK mgkn membasmi ikan ini sampai habis. Krn ikan ini PASTI JUGA ada MANFAATNYA buat ekosistem.,positif
TUNGGU KARMA IKAN SAPU2 !!!,negatif
Emang ISO di musnahke 😂 g iso wong kwe ora Kuoso koruptor AE SE di sapu sapu,negatif
"Wah cocok buat makan ternak bebek np di musnahkan,",positif
siapa tuh orang laknat yang ngelepasin sapu sapu ke Danau Toba.😢😢,negatif
"Lho, kata tamu di podcast dedy corbuzier cuma 1 telur?",negatif
Kenapa tidak di jadikan pangan bebek entok,negatif
Para koruptor yang di basmi itu baru mantap justru para koruptor lah yang merusak ekosistem,negatif
"Seharusnya jangan ikan sapu-sapu saja, yang seharusnya dimusnahkan itu adalah para koruptor yang sangat menjijikan dan merugikan rakyat !",negatif
Lebih baik melibatkan warga lokal...dengan penangkapan dan dibayar perkilo...Pemda senang warga DKI pun senang,positif
"Kemarin ada yang kasih arahan kalau makanan sudah masak matiin kompor. 
 Sekarang di suruh basmi ikan. 
 
 Memang jenius para pemimpin negara ini.",positif
"Pada kemana aja nih kemaren2 kalo gak ada konten kreator yang bikin video nangkep ikan Sapu2 di sungai
 Ciliwung gak akan ada yang namanya tindakan pemusnahan ikan Sapu2.",negatif
Jangan di musnhkan di ambil dagingnya bisa di jadi baso ikan atau empe- empe.,positif
Ikan sapu-sapu ternyata bisa membantu membersihkan lumut di sungai.,Positif
